Date,Open,High,Low,Close,Volume,Name
2006-01-03,10.34,10.68,10.32,10.68,201853036,AAPL
2006-01-04,10.73,10.85,10.64,10.71,155225609,AAPL
2006-01-05,10.69,10.7,10.54,10.63,112396081,AAPL
2006-01-06,10.75,10.96,10.65,10.9,176139334,AAPL
2006-01-09,10.96,11.03,10.82,10.86,168861224,AAPL
2006-01-10,10.89,11.7,10.83,11.55,570088246,AAPL
2006-01-11,11.98,12.11,11.8,11.99,373548882,AAPL
2006-01-12,12.14,12.34,11.95,12.04,320201966,AAPL
2006-01-13,12.14,12.29,12.09,12.23,194153393,AAPL
2006-01-17,12.24,12.34,11.98,12.1,209215265,AAPL
2006-01-18,11.87,12.01,11.69,11.78,303279501,AAPL
2006-01-19,11.61,11.67,11.25,11.29,424100026,AAPL
2006-01-20,11.33,11.43,10.83,10.87,284634847,AAPL
2006-01-23,10.87,11.37,10.86,11.1,264942587,AAPL
2006-01-24,11.25,11.35,10.82,10.86,285661873,AAPL
2006-01-25,11.06,11.07,10.46,10.6,319019939,AAPL
2006-01-26,10.65,10.78,10.28,10.33,295599087,AAPL
2006-01-27,10.42,10.51,10.16,10.29,238597205,AAPL
2006-01-30,10.17,10.94,10.12,10.71,349600251,AAPL
2006-01-31,10.79,10.91,10.54,10.79,228385745,AAPL
2006-02-01,10.71,10.92,10.66,10.77,130335751,AAPL
2006-02-02,10.73,10.77,10.29,10.3,176898442,AAPL
2006-02-03,10.32,10.4,10.15,10.26,173040616,AAPL
2006-02-06,10.29,10.36,9.53,9.61,413058506,AAPL
2006-02-07,9.75,9.93,9.53,9.66,347308367,AAPL
2006-02-08,9.78,9.87,9.43,9.83,238316400,AAPL
2006-02-09,9.87,9.89,9.22,9.28,287548464,AAPL
2006-02-10,9.31,9.67,8.99,9.62,440118924,AAPL
2006-02-13,9.52,9.54,9.23,9.24,220907862,AAPL
2006-02-14,9.3,9.73,9.29,9.66,290278597,AAPL
2006-02-15,9.59,9.95,9.54,9.89,290010133,AAPL
2006-02-16,9.99,10.14,9.93,10.08,238485674,AAPL
2006-02-17,10.04,10.13,9.94,10.04,143999667,AAPL
2006-02-21,10.08,10.11,9.81,9.87,194941775,AAPL
2006-02-22,9.86,10.24,9.71,10.19,244625822,AAPL
2006-02-23,10.26,10.43,10.2,10.25,214376771,AAPL
2006-02-24,10.31,10.41,10.17,10.21,133695940,AAPL
2006-02-27,10.28,10.3,10.09,10.14,197844178,AAPL
2006-02-28,10.23,10.34,9.73,9.78,316873795,AAPL
2006-03-01,9.83,9.93,9.72,9.87,190969667,AAPL
2006-03-02,9.86,10.0,9.81,9.94,156396212,AAPL
2006-03-03,9.91,9.99,9.65,9.67,184453752,AAPL
2006-03-06,9.67,9.67,9.28,9.35,228326098,AAPL
2006-03-07,9.39,9.56,9.3,9.47,218252139,AAPL
2006-03-08,9.47,9.6,9.34,9.38,163362941,AAPL
2006-03-09,9.43,9.5,9.12,9.13,200066888,AAPL
2006-03-10,9.14,9.21,8.92,9.03,260848945,AAPL
2006-03-13,9.29,9.47,9.26,9.38,215353642,AAPL
2006-03-14,9.4,9.62,9.36,9.62,160606033,AAPL
2006-03-15,9.67,9.72,9.36,9.46,223075713,AAPL
2006-03-16,9.55,9.56,9.19,9.19,187491724,AAPL
2006-03-17,9.25,9.36,9.16,9.24,203339045,AAPL
2006-03-20,9.32,9.35,9.12,9.14,151394348,AAPL
2006-03-21,9.18,9.19,8.77,8.83,336340998,AAPL
2006-03-22,8.88,9.04,8.75,8.81,336610162,AAPL
2006-03-23,8.83,8.84,8.52,8.59,357384216,AAPL
2006-03-24,8.61,8.71,8.43,8.57,268055312,AAPL
2006-03-27,8.62,8.77,8.49,8.5,277211795,AAPL
2006-03-28,8.52,8.59,8.32,8.39,342609232,AAPL
2006-03-29,8.45,8.93,8.24,8.9,586873056,AAPL
2006-03-30,8.97,9.04,8.79,8.96,347752734,AAPL
2006-03-31,9.04,9.09,8.89,8.96,203795606,AAPL
2006-04-03,9.1,9.16,8.94,8.95,204050861,AAPL
2006-04-04,8.87,8.89,8.72,8.74,233062347,AAPL
2006-04-05,9.24,9.6,9.16,9.6,558735429,AAPL
2006-04-06,9.76,10.29,9.74,10.18,666021972,AAPL
2006-04-07,10.13,10.17,9.78,9.97,386345799,AAPL
2006-04-10,10.04,10.13,9.78,9.81,226013844,AAPL
2006-04-11,9.86,9.9,9.58,9.71,234875172,AAPL
2006-04-12,9.72,9.74,9.47,9.53,185108441,AAPL
2006-04-13,9.48,9.63,9.4,9.5,183726809,AAPL
2006-04-17,9.5,9.55,9.19,9.26,180579238,AAPL
2006-04-18,9.29,9.5,9.26,9.46,198762067,AAPL
2006-04-19,9.55,9.57,9.35,9.38,273009513,AAPL
2006-04-20,9.93,10.0,9.46,9.66,416848656,AAPL
2006-04-21,9.74,9.81,9.5,9.58,197305073,AAPL
2006-04-24,9.55,9.56,9.36,9.39,176786477,AAPL
2006-04-25,9.42,9.51,9.37,9.45,132274121,AAPL
2006-04-26,9.52,9.75,9.49,9.74,177740101,AAPL
2006-04-27,9.68,9.98,9.62,9.91,211504636,AAPL
2006-04-28,9.91,10.19,9.89,10.06,190039059,AAPL
2006-05-01,10.11,10.22,9.88,9.94,187648454,AAPL
2006-05-02,10.02,10.28,10.02,10.23,192989167,AAPL
2006-05-03,10.26,10.28,10.03,10.16,171823547,AAPL
2006-05-04,10.17,10.41,10.07,10.16,215121025,AAPL
2006-05-05,10.27,10.32,10.16,10.27,140991494,AAPL
2006-05-08,10.43,10.54,10.25,10.27,148733466,AAPL
2006-05-09,10.26,10.37,10.09,10.15,132929601,AAPL
2006-05-10,10.18,10.19,9.94,10.09,116871398,AAPL
2006-05-11,10.11,10.12,9.65,9.74,203225876,AAPL
2006-05-12,9.69,9.81,9.55,9.67,160487649,AAPL
2006-05-15,9.62,9.77,9.59,9.68,132447357,AAPL
2006-05-16,9.73,9.75,9.25,9.28,234296020,AAPL
2006-05-17,9.24,9.39,9.15,9.32,188588022,AAPL
2006-05-18,9.38,9.47,9.02,9.03,164673677,AAPL
2006-05-19,9.04,9.27,8.97,9.22,246551102,AAPL
2006-05-22,9.12,9.14,8.97,9.05,179765600,AAPL
2006-05-23,9.27,9.31,9.0,9.02,173698427,AAPL
2006-05-24,9.0,9.09,8.79,9.05,229060643,AAPL
2006-05-25,9.18,9.21,9.04,9.19,115943233,AAPL
2006-05-26,9.19,9.22,9.02,9.08,108253677,AAPL
2006-05-30,9.04,9.04,8.75,8.75,140877366,AAPL
2006-05-31,8.82,8.83,8.38,8.54,320287275,AAPL
2006-06-01,8.55,8.9,8.5,8.88,235683301,AAPL
2006-06-02,8.92,9.01,8.7,8.81,171477040,AAPL
2006-06-05,8.74,8.74,8.57,8.57,151478782,AAPL
2006-06-06,8.6,8.66,8.42,8.53,181533156,AAPL
2006-06-07,8.59,8.63,8.34,8.37,187697566,AAPL
2006-06-08,8.35,8.7,8.16,8.68,349379527,AAPL
2006-06-09,8.74,8.79,8.44,8.46,193989705,AAPL
2006-06-12,8.49,8.53,8.14,8.14,179495638,AAPL
2006-06-13,8.23,8.44,8.19,8.33,270235462,AAPL
2006-06-14,8.33,8.4,8.1,8.23,219600556,AAPL
2006-06-15,8.19,8.53,8.11,8.48,297634596,AAPL
2006-06-16,8.42,8.46,8.22,8.22,209574561,AAPL
2006-06-19,8.26,8.31,8.14,8.17,180417335,AAPL
2006-06-20,8.23,8.34,8.18,8.21,168256067,AAPL
2006-06-21,8.25,8.39,8.19,8.27,215992539,AAPL
2006-06-22,8.31,8.54,8.3,8.51,241859744,AAPL
2006-06-23,8.53,8.6,8.39,8.4,165050249,AAPL
2006-06-26,8.45,8.46,8.34,8.43,116633328,AAPL
2006-06-27,8.44,8.46,8.2,8.2,137657800,AAPL
2006-06-28,8.18,8.19,7.92,8.0,212766806,AAPL
2006-06-29,8.11,8.44,8.06,8.42,218812587,AAPL
2006-06-30,8.23,8.25,8.07,8.18,185158148,AAPL
2006-07-03,8.22,8.31,8.19,8.28,48693183,AAPL
2006-07-05,8.16,8.23,8.08,8.14,129711512,AAPL
2006-07-06,8.16,8.2,7.94,7.97,158341064,AAPL
2006-07-07,7.93,8.08,7.81,7.91,199846514,AAPL
2006-07-10,7.96,8.07,7.79,7.86,132800031,AAPL
2006-07-11,7.87,8.0,7.79,7.95,206339245,AAPL
2006-07-12,7.88,7.89,7.56,7.57,231831880,AAPL
2006-07-13,7.43,7.73,7.34,7.46,312476444,AAPL
2006-07-14,7.5,7.56,7.17,7.24,248258745,AAPL
2006-07-17,7.39,7.59,7.38,7.48,256163586,AAPL
2006-07-18,7.59,7.69,7.41,7.56,250290103,AAPL
2006-07-19,7.57,7.87,7.48,7.73,350937118,AAPL
2006-07-20,8.71,8.8,8.53,8.64,493127810,AAPL
2006-07-21,8.55,8.74,8.52,8.67,223020238,AAPL
2006-07-24,8.75,8.87,8.63,8.77,180747028,AAPL
2006-07-25,8.83,8.87,8.68,8.85,147320754,AAPL
2006-07-26,8.86,9.23,8.81,9.12,224657349,AAPL
2006-07-27,9.22,9.29,8.98,9.06,183772526,AAPL
2006-07-28,9.13,9.38,9.07,9.37,172909394,AAPL
2006-07-31,9.55,9.8,9.47,9.71,223276431,AAPL
2006-08-01,9.6,9.7,9.42,9.6,177956394,AAPL
2006-08-02,9.66,9.81,9.64,9.74,137735836,AAPL
2006-08-03,9.7,10.0,9.69,9.94,210350609,AAPL
2006-08-04,9.58,9.8,9.28,9.76,463298941,AAPL
2006-08-07,9.67,9.94,9.47,9.6,314024788,AAPL
2006-08-08,9.58,9.59,9.22,9.25,249477837,AAPL
2006-08-09,9.36,9.37,9.06,9.08,239009022,AAPL
2006-08-10,9.02,9.26,8.96,9.15,174457885,AAPL
2006-08-11,9.03,9.16,8.94,9.09,194383280,AAPL
2006-08-14,9.15,9.32,9.09,9.13,179415943,AAPL
2006-08-15,9.33,9.5,9.26,9.49,215433358,AAPL
2006-08-16,9.59,9.72,9.48,9.71,195374011,AAPL
2006-08-17,9.71,9.81,9.6,9.66,145288402,AAPL
2006-08-18,9.67,9.77,9.61,9.7,134090383,AAPL
2006-08-21,9.61,9.62,9.45,9.51,131599258,AAPL
2006-08-22,9.53,9.76,9.5,9.66,144303355,AAPL
2006-08-23,9.71,9.81,9.56,9.62,134118502,AAPL
2006-08-24,9.7,9.74,9.47,9.69,163809751,AAPL
2006-08-25,9.62,9.86,9.62,9.82,136096793,AAPL
2006-08-28,9.79,9.8,9.53,9.57,184557695,AAPL
2006-08-29,9.57,9.61,9.3,9.5,236878929,AAPL
2006-08-30,9.62,9.69,9.53,9.57,170067758,AAPL
2006-08-31,9.61,9.76,9.52,9.69,143701096,AAPL
2006-09-01,9.78,9.81,9.69,9.77,102156376,AAPL
2006-09-05,9.85,10.21,9.79,10.21,253297520,AAPL
2006-09-06,10.15,10.24,9.96,10.0,243554661,AAPL
2006-09-07,10.09,10.5,10.04,10.4,317006165,AAPL
2006-09-08,10.48,10.51,10.27,10.36,224024612,AAPL
2006-09-11,10.35,10.53,10.2,10.36,237299461,AAPL
2006-09-12,10.4,10.49,10.21,10.38,421364692,AAPL
2006-09-13,10.41,10.62,10.33,10.6,286577886,AAPL
2006-09-14,10.53,10.67,10.49,10.6,200588059,AAPL
2006-09-15,10.66,10.71,10.47,10.59,245832160,AAPL
2006-09-18,10.54,10.69,10.47,10.56,176332604,AAPL
2006-09-19,10.59,10.62,10.4,10.54,177524746,AAPL
2006-09-20,10.63,10.81,10.6,10.75,205751420,AAPL
2006-09-21,10.75,10.87,10.57,10.66,198558402,AAPL
2006-09-22,10.61,10.62,10.37,10.43,166449395,AAPL
2006-09-25,10.54,10.84,10.53,10.82,214970868,AAPL
2006-09-26,10.88,11.11,10.87,11.09,277692401,AAPL
2006-09-27,11.02,11.07,10.83,10.92,202976382,AAPL
2006-09-28,11.0,11.07,10.85,11.0,181039789,AAPL
2006-09-29,11.02,11.07,10.95,11.0,101482059,AAPL
2006-10-02,10.73,10.84,10.61,10.69,178263043,AAPL
2006-10-03,10.64,10.71,10.46,10.58,197724611,AAPL
2006-10-04,10.59,10.78,10.45,10.77,209840785,AAPL
2006-10-05,10.65,10.88,10.59,10.69,170994999,AAPL
2006-10-06,10.63,10.72,10.54,10.6,116749486,AAPL
2006-10-09,10.54,10.73,10.5,10.66,109583215,AAPL
2006-10-10,10.65,10.65,10.44,10.54,132930378,AAPL
2006-10-11,10.49,10.57,10.37,10.46,142969603,AAPL
2006-10-12,10.52,10.77,10.51,10.75,148291297,AAPL
2006-10-13,10.8,10.98,10.68,10.72,171055850,AAPL
2006-10-16,10.74,10.84,10.68,10.77,127242738,AAPL
2006-10-17,10.72,10.75,10.58,10.61,120273223,AAPL
2006-10-18,10.68,11.23,10.56,10.65,286744199,AAPL
2006-10-19,11.32,11.42,11.17,11.28,379251376,AAPL
2006-10-20,11.28,11.43,11.24,11.42,159934621,AAPL
2006-10-23,11.43,11.7,11.39,11.64,208175492,AAPL
2006-10-24,11.6,11.67,11.46,11.58,115823631,AAPL
2006-10-25,11.62,11.71,11.57,11.67,121331721,AAPL
2006-10-26,11.7,11.8,11.59,11.74,108221302,AAPL
2006-10-27,11.68,11.78,11.43,11.49,148747550,AAPL
2006-10-30,11.43,11.56,11.36,11.49,124990523,AAPL
2006-10-31,11.64,11.67,11.46,11.58,125413757,AAPL
2006-11-01,11.59,11.63,11.19,11.31,153064387,AAPL
2006-11-02,11.27,11.33,11.21,11.28,116391387,AAPL
2006-11-03,11.34,11.36,11.11,11.18,107984345,AAPL
2006-11-06,11.28,11.44,11.2,11.39,108680474,AAPL
2006-11-07,11.49,11.57,11.45,11.5,131519458,AAPL
2006-11-08,11.43,11.81,11.41,11.78,172897914,AAPL
2006-11-09,11.84,12.1,11.73,11.91,230816229,AAPL
2006-11-10,11.94,11.94,11.79,11.87,93511047,AAPL
2006-11-13,11.89,12.06,11.81,12.05,112738724,AAPL
2006-11-14,12.1,12.1,12.0,12.1,147384573,AAPL
2006-11-15,12.15,12.27,12.0,12.01,164660251,AAPL
2006-11-16,12.12,12.33,12.09,12.23,173577201,AAPL
2006-11-17,12.16,12.28,12.14,12.26,116671170,AAPL
2006-11-20,12.2,12.43,12.17,12.35,142760555,AAPL
2006-11-21,12.49,12.66,12.44,12.66,155918931,AAPL
2006-11-22,12.71,12.96,12.55,12.9,168094717,AAPL
2006-11-24,12.79,13.3,12.79,13.09,129766952,AAPL
2006-11-27,13.22,13.31,12.79,12.79,268879674,AAPL
2006-11-28,12.91,13.14,12.84,13.12,259278880,AAPL
2006-11-29,13.29,13.31,12.89,13.11,289532264,AAPL
2006-11-30,13.17,13.24,13.01,13.09,217767193,AAPL
2006-12-01,13.11,13.19,12.87,13.05,198879674,AAPL
2006-12-04,13.13,13.15,12.93,13.02,177570666,AAPL
2006-12-05,13.09,13.19,12.98,13.04,165793040,AAPL
2006-12-06,12.95,13.06,12.81,12.83,159676468,AAPL
2006-12-07,12.86,12.93,12.41,12.43,251432874,AAPL
2006-12-08,12.46,12.77,12.43,12.61,196191289,AAPL
2006-12-11,12.7,12.76,12.58,12.68,125146602,AAPL
2006-12-12,12.66,12.69,12.22,12.31,258787312,AAPL
2006-12-13,12.56,12.72,12.45,12.72,214379235,AAPL
2006-12-14,12.72,12.86,12.61,12.65,208288213,AAPL
2006-12-15,12.72,12.75,12.48,12.53,185030881,AAPL
2006-12-18,12.52,12.57,12.08,12.21,180594470,AAPL
2006-12-19,12.1,12.38,11.95,12.33,227936681,AAPL
2006-12-20,12.35,12.38,12.11,12.11,142145458,AAPL
2006-12-21,12.1,12.21,11.74,11.84,227618384,AAPL
2006-12-22,11.92,12.01,11.66,11.74,153402130,AAPL
2006-12-26,11.74,11.8,11.56,11.64,122782926,AAPL
2006-12-27,11.16,11.71,10.97,11.65,485160788,AAPL
2006-12-28,11.46,11.61,11.38,11.55,284705848,AAPL
2006-12-29,11.99,12.2,11.91,12.12,269210753,AAPL
2007-01-03,12.33,12.37,11.7,11.97,311433248,AAPL
2007-01-04,12.01,12.28,11.97,12.24,214031636,AAPL
2007-01-05,12.25,12.31,12.06,12.15,208817119,AAPL
2007-01-08,12.28,12.36,12.18,12.21,199431337,AAPL
2007-01-09,12.35,13.28,12.16,13.22,838036682,AAPL
2007-01-10,13.54,13.97,13.35,13.86,739605951,AAPL
2007-01-11,13.71,13.83,13.59,13.69,360565688,AAPL
2007-01-12,13.51,13.58,13.32,13.52,328246485,AAPL
2007-01-16,13.67,13.89,13.64,13.87,311365418,AAPL
2007-01-17,13.94,13.94,13.55,13.56,420187362,AAPL
2007-01-18,13.16,13.16,12.72,12.72,591823435,AAPL
2007-01-19,12.66,12.81,12.59,12.64,341178439,AAPL
2007-01-22,12.73,12.74,12.24,12.4,363643399,AAPL
2007-01-23,12.25,12.5,12.22,12.24,302148959,AAPL
2007-01-24,12.38,12.45,12.3,12.39,232175503,AAPL
2007-01-25,12.44,12.64,12.29,12.32,226758903,AAPL
2007-01-26,12.44,12.48,12.14,12.2,246756566,AAPL
2007-01-29,12.33,12.38,12.22,12.28,225616314,AAPL
2007-01-30,12.35,12.36,12.18,12.22,144691316,AAPL
2007-01-31,12.12,12.29,12.05,12.25,214117890,AAPL
2007-02-01,12.32,12.32,12.11,12.11,166231303,AAPL
2007-02-02,12.02,12.18,11.96,12.11,155435735,AAPL
2007-02-05,12.04,12.18,11.99,11.99,145164194,AAPL
2007-02-06,12.06,12.07,11.84,12.02,216257825,AAPL
2007-02-07,12.07,12.34,11.94,12.31,267266804,AAPL
2007-02-08,12.2,12.36,12.2,12.31,169853250,AAPL
2007-02-09,12.27,12.31,11.89,11.9,215234936,AAPL
2007-02-12,12.06,12.17,11.95,12.13,181112792,AAPL
2007-02-13,12.17,12.18,12.04,12.09,148753815,AAPL
2007-02-14,12.09,12.23,12.08,12.19,127054753,AAPL
2007-02-15,12.21,12.23,12.11,12.17,90979119,AAPL
2007-02-16,12.18,12.2,12.09,12.12,100012409,AAPL
2007-02-20,12.09,12.31,12.02,12.27,154491757,AAPL
2007-02-21,12.28,12.78,12.28,12.74,289010190,AAPL
2007-02-22,12.97,12.97,12.65,12.79,209711292,AAPL
2007-02-23,12.74,12.91,12.69,12.72,129581193,AAPL
2007-02-26,12.83,12.86,12.52,12.66,154256942,AAPL
2007-02-27,12.33,12.44,11.92,11.99,287027349,AAPL
2007-02-28,11.86,12.23,11.86,12.09,230020119,AAPL
2007-03-01,12.0,12.62,11.96,12.44,353965528,AAPL
2007-03-02,12.4,12.51,12.17,12.2,215024215,AAPL
2007-03-05,12.27,12.66,12.25,12.33,209992846,AAPL
2007-03-06,12.54,12.62,12.49,12.6,180930456,AAPL
2007-03-07,12.58,12.71,12.49,12.53,156606688,AAPL
2007-03-08,12.66,12.67,12.49,12.57,127845900,AAPL
2007-03-09,12.69,12.69,12.49,12.57,113025101,AAPL
2007-03-12,12.58,12.86,12.57,12.84,182399553,AAPL
2007-03-13,12.77,12.94,12.63,12.63,216963558,AAPL
2007-03-14,12.66,12.86,12.56,12.86,199145982,AAPL
2007-03-15,12.85,12.91,12.76,12.8,139874049,AAPL
2007-03-16,12.79,12.86,12.76,12.8,142940707,AAPL
2007-03-19,12.89,13.08,12.8,13.02,178300199,AAPL
2007-03-20,13.05,13.12,13.01,13.07,122318448,AAPL
2007-03-21,13.14,13.43,13.09,13.41,171861921,AAPL
2007-03-22,13.39,13.48,13.29,13.42,141322034,AAPL
2007-03-23,13.34,13.44,13.33,13.36,112838579,AAPL
2007-03-26,13.43,13.7,13.33,13.69,216414128,AAPL
2007-03-27,13.67,13.83,13.57,13.64,233172905,AAPL
2007-03-28,13.55,13.63,13.31,13.32,237348986,AAPL
2007-03-29,13.46,13.46,13.18,13.39,181498436,AAPL
2007-03-30,13.47,13.53,13.25,13.27,150204215,AAPL
2007-04-02,13.45,13.46,13.29,13.38,125552420,AAPL
2007-04-03,13.45,13.6,13.39,13.5,146093311,AAPL
2007-04-04,13.56,13.59,13.45,13.47,119275478,AAPL
2007-04-05,13.45,13.53,13.36,13.53,88935952,AAPL
2007-04-09,13.6,13.61,13.29,13.38,103410895,AAPL
2007-04-10,13.38,13.46,13.34,13.46,88186308,AAPL
2007-04-11,13.41,13.42,13.19,13.23,137433604,AAPL
2007-04-12,13.15,13.19,12.96,13.17,165983783,AAPL
2007-04-13,12.99,13.06,12.87,12.89,180029703,AAPL
2007-04-16,12.94,13.07,12.89,13.06,152353544,AAPL
2007-04-17,13.14,13.19,12.81,12.91,188090343,AAPL
2007-04-18,12.88,12.98,12.8,12.91,116095938,AAPL
2007-04-19,12.88,13.04,12.83,12.9,106613556,AAPL
2007-04-20,12.98,13.03,12.94,13.0,131349260,AAPL
2007-04-23,13.08,13.4,13.06,13.36,195322771,AAPL
2007-04-24,13.42,13.77,13.04,13.32,264109146,AAPL
2007-04-25,13.46,13.63,13.4,13.62,306212928,AAPL
2007-04-26,14.51,14.64,14.04,14.12,435074297,AAPL
2007-04-27,14.03,14.28,13.96,14.27,174995506,AAPL
2007-04-30,14.3,14.43,14.24,14.26,154361802,AAPL
2007-05-01,14.23,14.34,14.08,14.21,133166425,AAPL
2007-05-02,14.24,14.36,14.21,14.34,126880271,AAPL
2007-05-03,14.39,14.49,14.29,14.34,144197942,AAPL
2007-05-04,14.4,14.51,14.36,14.4,95537288,AAPL
2007-05-07,14.44,14.91,14.43,14.85,215577789,AAPL
2007-05-08,14.78,15.02,14.77,15.01,196185605,AAPL
2007-05-09,14.99,15.28,14.98,15.27,179639635,AAPL
2007-05-10,15.23,15.55,15.13,15.33,299441667,AAPL
2007-05-11,15.39,15.59,15.25,15.53,163212147,AAPL
2007-05-14,15.66,15.71,15.46,15.62,163091845,AAPL
2007-05-15,15.65,15.74,15.21,15.36,238813652,AAPL
2007-05-16,15.5,15.55,14.77,15.33,281925385,AAPL
2007-05-17,15.31,15.7,15.31,15.63,184508324,AAPL
2007-05-18,15.75,15.81,15.68,15.72,155345379,AAPL
2007-05-21,15.76,16.06,15.72,16.0,160278090,AAPL
2007-05-22,16.07,16.25,16.0,16.22,143205594,AAPL
2007-05-23,16.29,16.43,16.08,16.13,228896871,AAPL
2007-05-24,16.12,16.35,15.77,15.81,222183668,AAPL
2007-05-25,16.0,16.25,15.93,16.23,158240999,AAPL
2007-05-29,16.35,16.41,16.1,16.34,161522228,AAPL
2007-05-30,16.33,16.98,16.22,16.97,370739089,AAPL
2007-05-31,17.15,17.45,17.08,17.31,325251101,AAPL
2007-06-01,17.3,17.31,16.9,16.91,221443390,AAPL
2007-06-04,16.95,17.39,16.84,17.33,221998350,AAPL
2007-06-05,17.34,17.53,17.21,17.52,230465249,AAPL
2007-06-06,17.47,17.72,17.42,17.66,278490289,AAPL
2007-06-07,17.86,18.23,17.6,17.72,479516387,AAPL
2007-06-08,17.98,17.98,17.47,17.78,310972704,AAPL
2007-06-11,18.0,18.02,17.08,17.17,470185107,AAPL
2007-06-12,17.05,17.39,16.9,17.2,356974310,AAPL
2007-06-13,17.31,17.31,16.49,16.79,430734248,AAPL
2007-06-14,16.74,17.06,16.63,16.96,243513837,AAPL
2007-06-15,17.23,17.24,17.12,17.21,202990669,AAPL
2007-06-18,17.61,17.88,17.51,17.87,227971779,AAPL
2007-06-19,17.81,17.86,17.56,17.67,236173490,AAPL
2007-06-20,17.7,17.81,17.36,17.36,224570395,AAPL
2007-06-21,17.39,17.76,17.25,17.7,216921131,AAPL
2007-06-22,17.69,17.78,17.48,17.57,158915162,AAPL
2007-06-25,17.74,17.87,17.29,17.48,241517962,AAPL
2007-06-26,17.71,17.71,16.96,17.09,336250712,AAPL
2007-06-27,17.23,17.43,17.04,17.41,243901756,AAPL
2007-06-28,17.48,17.5,17.14,17.22,210600880,AAPL
2007-06-29,17.42,17.71,17.3,17.43,284032539,AAPL
2007-07-02,17.29,17.44,17.04,17.32,249049955,AAPL
2007-07-03,17.43,18.2,17.36,18.17,290620330,AAPL
2007-07-05,18.4,19.0,18.38,18.96,363262732,AAPL
2007-07-06,19.02,19.05,18.63,18.9,218623258,AAPL
2007-07-09,18.91,18.99,18.45,18.62,248955014,AAPL
2007-07-10,18.41,19.21,18.4,18.91,313752481,AAPL
2007-07-11,18.87,19.1,18.76,18.91,205442888,AAPL
2007-07-12,19.12,19.18,18.91,19.15,176151549,AAPL
2007-07-13,19.29,19.69,19.22,19.68,226881067,AAPL
2007-07-16,19.77,20.0,19.64,19.73,234028137,AAPL
2007-07-17,19.76,19.94,19.64,19.84,177489284,AAPL
2007-07-18,19.74,19.78,19.43,19.73,189349370,AAPL
2007-07-19,20.04,20.12,19.95,20.0,183222312,AAPL
2007-07-20,20.24,20.6,20.0,20.54,291742283,AAPL
2007-07-23,20.47,20.75,20.13,20.53,259122122,AAPL
2007-07-24,19.84,20.14,19.16,19.27,451276735,AAPL
2007-07-25,19.62,19.77,19.29,19.61,407778336,AAPL
2007-07-26,20.84,21.21,19.57,20.86,547388051,AAPL
2007-07-27,20.88,21.27,20.54,20.55,290061282,AAPL
2007-07-30,20.62,20.78,19.94,20.2,277134788,AAPL
2007-07-31,20.42,20.5,18.79,18.82,442770699,AAPL
2007-08-01,19.09,19.34,18.25,19.29,437849524,AAPL
2007-08-02,19.52,19.57,19.16,19.5,213448893,AAPL
2007-08-03,19.32,19.42,18.79,18.84,169668303,AAPL
2007-08-06,18.99,19.32,18.33,19.32,231477869,AAPL
2007-08-07,19.28,19.61,18.95,19.29,237868946,AAPL
2007-08-08,19.54,19.55,18.86,19.14,202070134,AAPL
2007-08-09,18.73,19.0,17.87,18.06,281702575,AAPL
2007-08-10,17.59,18.25,17.19,17.86,352683254,AAPL
2007-08-13,18.33,18.48,18.07,18.26,188527906,AAPL
2007-08-14,18.33,18.33,17.67,17.72,184790893,AAPL
2007-08-15,17.53,17.84,17.09,17.13,248212657,AAPL
2007-08-16,16.72,16.93,15.95,16.72,466674796,AAPL
2007-08-17,17.43,17.64,17.12,17.44,298724104,AAPL
2007-08-20,17.71,17.79,17.21,17.46,200880778,AAPL
2007-08-21,17.46,18.42,17.29,18.22,325761765,AAPL
2007-08-22,18.75,18.96,18.62,18.93,265441603,AAPL
2007-08-23,19.01,19.05,18.54,18.72,216709066,AAPL
2007-08-24,18.65,19.34,18.54,19.33,227902983,AAPL
2007-08-27,19.06,19.24,18.87,18.89,176860712,AAPL
2007-08-28,18.71,18.92,18.09,18.12,294842555,AAPL
2007-08-29,18.55,19.17,18.51,19.15,291720989,AAPL
2007-08-30,18.95,19.75,18.9,19.46,358908039,AAPL
2007-08-31,19.93,19.95,19.63,19.78,219136974,AAPL
2007-09-04,19.99,20.82,19.98,20.59,329210672,AAPL
2007-09-05,20.71,20.83,19.44,19.54,582063699,AAPL
2007-09-06,19.37,19.65,18.96,19.29,475315386,AAPL
2007-09-07,18.86,18.9,18.57,18.82,357586383,AAPL
2007-09-10,19.57,19.72,19.14,19.53,371961464,AAPL
2007-09-11,19.7,19.76,19.11,19.36,242971232,AAPL
2007-09-12,19.43,19.91,19.39,19.55,255836322,AAPL
2007-09-13,19.83,19.86,19.52,19.6,164040198,AAPL
2007-09-14,19.51,19.85,19.46,19.83,151748583,AAPL
2007-09-17,19.86,20.08,19.66,19.77,198342298,AAPL
2007-09-18,19.87,20.41,19.69,20.13,266022015,AAPL
2007-09-19,20.43,20.45,19.91,20.11,256719848,AAPL
2007-09-20,20.02,20.26,19.9,20.04,172959773,AAPL
2007-09-21,20.16,20.66,20.04,20.59,284654174,AAPL
2007-09-24,20.96,21.41,20.95,21.18,263040078,AAPL
2007-09-25,20.98,21.89,20.97,21.88,298137175,AAPL
2007-09-26,22.07,22.14,21.61,21.82,243816790,AAPL
2007-09-27,21.97,22.07,21.76,22.07,164549098,AAPL
2007-09-28,21.92,22.09,21.82,21.92,153719447,AAPL
2007-10-01,22.09,22.49,21.85,22.33,209266442,AAPL
2007-10-02,22.36,22.66,22.27,22.64,198017344,AAPL
2007-10-03,22.54,22.74,22.43,22.56,173129159,AAPL
2007-10-04,22.57,22.58,21.93,22.32,164239467,AAPL
2007-10-05,22.62,23.08,22.53,23.06,235747820,AAPL
2007-10-08,23.36,23.99,23.28,23.99,208981577,AAPL
2007-10-09,24.31,24.44,23.81,23.98,276461332,AAPL
2007-10-10,23.94,23.98,23.66,23.83,166897059,AAPL
2007-10-11,24.21,24.55,21.89,23.18,410997643,AAPL
2007-10-12,23.29,23.9,23.11,23.89,246989113,AAPL
2007-10-15,24.0,24.22,23.36,23.85,269482241,AAPL
2007-10-16,23.65,24.31,23.59,24.23,266957439,AAPL
2007-10-17,24.67,24.72,24.17,24.68,281903034,AAPL
2007-10-18,24.5,24.88,24.44,24.79,206086629,AAPL
2007-10-19,24.89,24.95,24.29,24.35,322818377,AAPL
2007-10-22,24.34,24.99,24.28,24.91,412374235,AAPL
2007-10-23,26.94,26.94,26.11,26.59,448790923,AAPL
2007-10-24,26.54,26.74,25.61,26.56,322119924,AAPL
2007-10-25,26.41,26.56,25.95,26.11,243403965,AAPL
2007-10-26,26.47,26.48,26.13,26.39,176662983,AAPL
2007-10-29,26.49,26.66,26.39,26.44,135138339,AAPL
2007-10-30,26.6,27.05,26.39,26.71,234853227,AAPL
2007-10-31,26.8,27.16,26.42,27.14,208327616,AAPL
2007-11-01,26.94,27.16,25.71,26.78,201258736,AAPL
2007-11-02,27.03,27.06,26.21,26.84,250528411,AAPL
2007-11-05,26.47,26.99,26.32,26.6,201043661,AAPL
2007-11-06,26.72,27.43,26.47,27.4,238681324,AAPL
2007-11-07,27.23,27.53,26.59,26.61,248581571,AAPL
2007-11-08,26.67,26.7,23.97,25.07,472594262,AAPL
2007-11-09,24.45,25.02,23.6,23.62,381476690,AAPL
2007-11-12,23.61,23.96,21.52,21.97,442265768,AAPL
2007-11-13,22.98,24.43,21.97,24.28,434861553,AAPL
2007-11-14,25.31,25.37,23.39,23.73,362291888,AAPL
2007-11-15,23.77,24.23,22.9,23.47,371852495,AAPL
2007-11-16,23.61,23.86,22.76,23.77,345833131,AAPL
2007-11-19,23.73,24.03,23.16,23.42,288607095,AAPL
2007-11-20,23.67,24.54,23.36,24.12,385910098,AAPL
2007-11-21,23.69,24.62,23.52,24.07,304646384,AAPL
2007-11-23,24.57,24.58,24.25,24.51,116439001,AAPL
2007-11-26,24.8,25.32,24.62,24.65,326438434,AAPL
2007-11-27,25.03,25.11,24.29,24.97,329256977,AAPL
2007-11-28,25.26,25.8,25.05,25.75,287727769,AAPL
2007-11-29,25.63,26.45,25.59,26.33,262731406,AAPL
2007-11-30,26.76,26.81,25.67,26.03,296904335,AAPL
2007-12-03,25.98,26.31,25.39,25.55,240367246,AAPL
2007-12-04,25.31,25.84,25.28,25.69,193449767,AAPL
2007-12-05,26.13,26.57,26.06,26.5,223100311,AAPL
2007-12-06,26.6,27.16,26.59,27.14,225117011,AAPL
2007-12-07,27.22,27.86,26.86,27.76,266474565,AAPL
2007-12-10,27.66,27.95,27.53,27.74,180593910,AAPL
2007-12-11,27.82,28.12,26.77,26.93,277731083,AAPL
2007-12-12,27.63,27.78,26.54,27.27,306414934,AAPL
2007-12-13,27.17,27.45,26.83,27.4,216479347,AAPL
2007-12-14,27.2,28.57,27.08,27.2,168599963,AAPL
2007-12-17,27.25,27.52,26.14,26.34,256172938,AAPL
2007-12-18,26.65,26.76,25.51,26.14,305650471,AAPL
2007-12-19,26.14,26.38,25.84,26.16,206869488,AAPL
2007-12-20,26.49,26.83,26.19,26.74,193513621,AAPL
2007-12-21,27.16,27.7,27.13,27.7,248729138,AAPL
2007-12-24,27.86,28.48,27.83,28.4,120066870,AAPL
2007-12-26,28.43,28.71,28.12,28.42,175933023,AAPL
2007-12-27,28.42,28.99,28.26,28.37,198881368,AAPL
2007-12-28,28.66,28.79,28.13,28.55,174851775,AAPL
2007-12-31,28.5,28.64,28.25,28.3,134770279,AAPL
2008-01-02,28.47,28.61,27.51,27.83,269794140,AAPL
2008-01-03,27.92,28.2,27.53,27.85,210516460,AAPL
2008-01-04,27.35,27.57,25.56,25.72,363888854,AAPL
2008-01-07,25.89,26.23,24.32,25.38,518047922,AAPL
2008-01-08,25.73,26.07,24.4,24.46,380953888,AAPL
2008-01-09,24.5,25.6,24.0,25.6,453884711,AAPL
2008-01-10,25.37,25.86,25.06,25.43,370743450,AAPL
2008-01-11,25.14,25.41,24.29,24.67,307982640,AAPL
2008-01-14,25.36,25.63,25.02,25.54,275112418,AAPL
2008-01-15,25.39,25.6,23.52,24.15,585814124,AAPL
2008-01-16,23.62,24.14,22.39,22.81,554343923,AAPL
2008-01-17,23.07,23.62,22.63,22.98,439973891,AAPL
2008-01-18,23.1,23.68,22.8,23.05,430907932,AAPL
2008-01-22,21.15,22.85,20.86,22.23,608744360,AAPL
2008-01-23,19.46,20.0,18.02,19.87,843264044,AAPL
2008-01-24,20.0,20.1,18.86,19.37,501466091,AAPL
2008-01-25,19.86,19.87,18.52,18.57,388684198,AAPL
2008-01-28,18.31,19.03,18.06,18.57,368710818,AAPL
2008-01-29,18.74,18.97,18.44,18.79,274995602,AAPL
2008-01-30,18.77,19.35,18.57,18.88,310762333,AAPL
2008-01-31,18.49,19.52,18.49,19.34,336417991,AAPL
2008-02-01,19.46,19.51,18.88,19.11,252653079,AAPL
2008-02-04,19.17,19.41,18.77,18.81,224808367,AAPL
2008-02-05,18.63,19.14,18.41,18.48,285260437,AAPL
2008-02-06,18.69,18.85,17.4,17.43,393317435,AAPL
2008-02-07,17.14,17.83,16.75,17.32,521151925,AAPL
2008-02-08,17.44,17.96,17.37,17.93,338930627,AAPL
2008-02-11,18.29,18.57,18.17,18.49,300357519,AAPL
2008-02-12,18.67,18.71,17.66,17.84,306494601,AAPL
2008-02-13,18.1,18.54,17.95,18.49,242133283,AAPL
2008-02-14,18.49,18.69,18.14,18.21,238565096,AAPL
2008-02-15,18.04,18.15,17.72,17.8,225288826,AAPL
2008-02-19,18.0,18.11,17.35,17.45,251261346,AAPL
2008-02-20,17.46,17.8,17.38,17.69,241859492,AAPL
2008-02-21,18.01,18.07,17.27,17.36,234528546,AAPL
2008-02-22,17.5,17.5,16.55,17.07,382301514,AAPL
2008-02-25,16.94,17.17,16.67,17.11,314193180,AAPL
2008-02-26,16.81,17.3,16.49,17.02,376221573,AAPL
2008-02-27,16.89,17.58,16.87,17.57,368783891,AAPL
2008-02-28,18.17,18.89,17.97,18.56,404562928,AAPL
2008-02-29,18.47,18.6,17.83,17.86,313807501,AAPL
2008-03-03,17.78,18.0,16.86,17.39,398443262,AAPL
2008-03-04,17.43,17.84,17.2,17.8,446345774,AAPL
2008-03-05,17.65,17.88,17.46,17.78,305458580,AAPL
2008-03-06,17.8,18.21,17.26,17.28,368424378,AAPL
2008-03-07,17.2,17.57,17.01,17.46,307644519,AAPL
2008-03-10,17.43,17.64,17.05,17.1,250173329,AAPL
2008-03-11,17.73,18.21,17.43,18.19,291355414,AAPL
2008-03-12,18.15,18.38,17.88,18.0,264906992,AAPL
2008-03-13,17.73,18.5,17.57,18.28,316058785,AAPL
2008-03-14,18.55,18.61,17.74,18.09,289213883,AAPL
2008-03-17,17.51,18.37,17.51,18.1,268149518,AAPL
2008-03-18,18.45,19.0,18.38,18.97,301279615,AAPL
2008-03-19,19.02,19.18,18.52,18.52,252634200,AAPL
2008-03-20,18.73,19.04,18.45,19.04,227196550,AAPL
2008-03-24,19.14,20.12,19.09,19.93,266836549,AAPL
2008-03-25,19.99,20.44,19.62,20.14,263172980,AAPL
2008-03-26,20.12,20.82,20.09,20.72,295520631,AAPL
2008-03-27,20.71,20.76,20.0,20.04,249956917,AAPL
2008-03-28,20.26,20.66,20.23,20.43,178829581,AAPL
2008-03-31,20.47,20.82,20.36,20.5,192015873,AAPL
2008-04-01,20.9,21.38,20.52,21.36,258141219,AAPL
2008-04-02,21.25,21.6,20.84,21.07,261241498,AAPL
2008-04-03,21.01,21.95,21.0,21.66,262941028,AAPL
2008-04-04,21.74,22.1,21.54,21.87,213670765,AAPL
2008-04-07,22.3,22.81,22.16,22.27,289771916,AAPL
2008-04-08,21.94,22.35,21.76,21.83,253810382,AAPL
2008-04-09,21.9,21.98,21.49,21.63,218477875,AAPL
2008-04-10,21.59,22.2,21.51,22.08,239122247,AAPL
2008-04-11,21.82,21.9,20.91,21.02,302293803,AAPL
2008-04-14,20.97,21.32,20.65,21.11,211325772,AAPL
2008-04-15,21.34,21.39,20.82,21.2,174509181,AAPL
2008-04-16,21.67,22.01,21.52,21.96,198942940,AAPL
2008-04-17,22.02,22.29,21.91,22.07,176324953,AAPL
2008-04-18,22.73,23.18,22.63,23.01,256639551,AAPL
2008-04-21,23.17,24.07,23.11,24.02,259788130,AAPL
2008-04-22,23.91,24.0,22.58,22.89,359892533,AAPL
2008-04-23,23.44,23.55,23.01,23.27,376047707,AAPL
2008-04-24,23.62,24.28,22.74,24.13,424313911,AAPL
2008-04-25,24.39,24.44,23.77,24.25,248117975,AAPL
2008-04-28,24.25,24.82,24.16,24.61,196803138,AAPL
2008-04-29,24.44,25.09,24.32,25.01,230868855,AAPL
2008-04-30,25.17,25.71,24.7,24.85,284880596,AAPL
2008-05-01,24.99,25.71,24.98,25.71,225894067,AAPL
2008-05-02,25.74,25.99,25.51,25.85,251459411,AAPL
2008-05-05,25.99,26.47,25.86,26.39,213639223,AAPL
2008-05-06,26.38,26.73,26.03,26.67,229717355,AAPL
2008-05-07,26.58,26.89,25.79,26.08,289283225,AAPL
2008-05-08,26.25,26.64,26.15,26.44,224771036,AAPL
2008-05-09,26.17,26.32,25.91,26.21,168223685,AAPL
2008-05-12,26.46,26.98,26.12,26.88,204841490,AAPL
2008-05-13,26.94,27.35,26.84,27.14,205808967,AAPL
2008-05-14,27.32,27.46,26.51,26.61,229205760,AAPL
2008-05-15,26.69,27.13,26.31,27.1,218301846,AAPL
2008-05-16,27.16,27.19,26.71,26.8,191441859,AAPL
2008-05-19,26.84,26.96,25.9,26.23,236574877,AAPL
2008-05-20,25.97,26.59,25.73,26.56,242462311,AAPL
2008-05-21,26.52,26.86,25.18,25.46,289414055,AAPL
2008-05-22,25.61,25.9,24.57,25.29,301741433,AAPL
2008-05-23,25.82,26.0,25.4,25.88,227001796,AAPL
2008-05-27,26.11,26.63,25.98,26.63,197476097,AAPL
2008-05-28,26.77,26.85,26.25,26.72,185994487,AAPL
2008-05-29,26.68,26.89,26.5,26.67,161796593,AAPL
2008-05-30,26.78,27.08,26.77,26.96,152490520,AAPL
2008-06-02,26.94,27.09,26.36,26.59,169960000,AAPL
2008-06-03,26.69,26.89,26.05,26.48,189346969,AAPL
2008-06-04,26.29,26.73,26.18,26.46,181867896,AAPL
2008-06-05,26.62,27.12,26.53,27.06,188860714,AAPL
2008-06-06,26.86,27.14,26.51,26.52,241530639,AAPL
2008-06-09,26.4,26.42,25.11,25.94,472097745,AAPL
2008-06-10,25.79,26.68,25.57,26.52,285234915,AAPL
2008-06-11,26.33,26.57,25.66,25.83,240387315,AAPL
2008-06-12,25.93,26.09,24.46,24.75,327082805,AAPL
2008-06-13,24.52,24.88,23.62,24.62,336424522,AAPL
2008-06-16,24.47,25.41,24.15,25.26,262932376,AAPL
2008-06-17,25.44,26.0,25.34,25.92,225038933,AAPL
2008-06-18,25.87,26.03,25.34,25.54,202866790,AAPL
2008-06-19,25.51,26.05,25.26,25.84,198179401,AAPL
2008-06-20,25.62,25.86,25.0,25.04,222040469,AAPL
2008-06-23,24.96,25.13,24.51,24.74,161504168,AAPL
2008-06-24,24.62,25.11,24.52,24.75,155518461,AAPL
2008-06-25,24.94,25.55,24.84,25.34,161112469,AAPL
2008-06-26,24.87,24.98,24.0,24.04,217402080,AAPL
2008-06-27,23.79,24.37,23.45,24.3,260556205,AAPL
2008-06-30,24.29,24.57,23.8,23.92,171084536,AAPL
2008-07-01,23.46,24.96,23.43,24.95,277819892,AAPL
2008-07-02,25.03,25.35,24.03,24.03,209662096,AAPL
2008-07-03,24.23,24.6,23.68,24.3,130859225,AAPL
2008-07-07,24.74,25.3,24.56,25.02,205097221,AAPL
2008-07-08,25.06,25.67,24.68,25.65,222172923,AAPL
2008-07-09,25.74,25.84,24.88,24.89,224025123,AAPL
2008-07-10,24.99,25.33,24.48,25.23,210171829,AAPL
2008-07-11,25.07,25.3,24.43,24.65,232502298,AAPL
2008-07-14,25.61,25.61,24.73,24.84,221513530,AAPL
2008-07-15,24.64,24.82,23.77,24.23,260010464,AAPL
2008-07-16,24.31,24.7,24.09,24.69,187015969,AAPL
2008-07-17,24.87,25.0,24.48,24.54,189381192,AAPL
2008-07-18,24.07,24.24,23.57,23.59,217032018,AAPL
2008-07-21,23.84,23.93,23.02,23.76,340117365,AAPL
2008-07-22,21.29,23.25,20.93,23.15,469898023,AAPL
2008-07-23,23.57,24.05,23.08,23.75,265441526,AAPL
2008-07-24,23.47,23.61,22.64,22.72,209904240,AAPL
2008-07-25,22.91,23.29,22.66,23.16,158378304,AAPL
2008-07-28,23.19,23.21,22.0,22.06,195238645,AAPL
2008-07-29,22.2,22.78,21.95,22.44,171060505,AAPL
2008-07-30,22.54,22.93,22.3,22.84,181315827,AAPL
2008-07-31,22.51,23.17,22.43,22.71,159379675,AAPL
2008-08-01,22.84,22.86,22.25,22.38,136204572,AAPL
2008-08-04,22.37,22.56,21.84,21.89,148173872,AAPL
2008-08-05,22.2,22.97,22.12,22.95,172162683,AAPL
2008-08-06,22.85,23.91,22.57,23.46,197865206,AAPL
2008-08-07,23.24,23.74,23.07,23.37,168124705,AAPL
2008-08-08,23.41,24.24,23.39,24.22,178504550,AAPL
2008-08-11,24.3,25.21,24.24,24.79,222825442,AAPL
2008-08-12,24.79,25.61,24.79,25.25,209105162,AAPL
2008-08-13,25.43,25.71,25.13,25.61,210705502,AAPL
2008-08-14,25.48,25.78,25.41,25.62,177825207,AAPL
2008-08-15,25.58,25.68,25.01,25.11,177074443,AAPL
2008-08-18,25.08,25.4,24.83,25.06,138003124,AAPL
2008-08-19,24.93,25.3,24.54,24.79,154050652,AAPL
2008-08-20,24.97,25.28,24.8,25.12,126782166,AAPL
2008-08-21,24.92,25.06,24.56,24.9,135004555,AAPL
2008-08-22,25.12,25.36,25.08,25.26,109931311,AAPL
2008-08-25,25.16,25.18,24.52,24.65,121124150,AAPL
2008-08-26,24.68,24.98,24.66,24.81,111444536,AAPL
2008-08-27,24.76,25.11,24.6,24.95,119444822,AAPL
2008-08-28,25.04,25.18,24.68,24.82,107846046,AAPL
2008-08-29,24.71,24.79,24.15,24.22,149831367,AAPL
2008-09-02,24.63,24.79,23.57,23.74,195357351,AAPL
2008-09-03,23.83,24.1,23.43,23.85,183736819,AAPL
2008-09-04,23.69,23.99,22.97,23.03,186052874,AAPL
2008-09-05,22.66,23.2,22.52,22.88,196720713,AAPL
2008-09-08,23.51,23.56,21.64,22.56,261557877,AAPL
2008-09-09,22.41,22.85,21.4,21.67,311256092,AAPL
2008-09-10,21.76,22.14,21.26,21.66,243331158,AAPL
2008-09-11,21.17,21.86,20.86,21.81,242783254,AAPL
2008-09-12,21.56,21.56,20.93,21.28,198286795,AAPL
2008-09-15,20.29,21.1,20.05,20.05,230158509,AAPL
2008-09-16,19.12,20.36,18.88,19.98,299959044,AAPL
2008-09-17,19.78,19.79,18.26,18.26,300113240,AAPL
2008-09-18,18.65,19.35,17.24,19.16,419063309,AAPL
2008-09-19,20.37,20.6,19.47,20.13,357872872,AAPL
2008-09-22,19.99,20.04,18.67,18.72,214178174,AAPL
2008-09-23,18.84,19.4,18.09,18.12,320790365,AAPL
2008-09-24,18.18,18.71,17.88,18.39,261841321,AAPL
2008-09-25,18.54,19.26,18.36,18.85,251510980,AAPL
2008-09-26,17.84,18.54,17.57,18.32,281513519,AAPL
2008-09-29,17.09,17.1,14.37,15.04,655513663,AAPL
2008-09-30,15.46,16.43,15.19,16.24,406936404,AAPL
2008-10-01,15.99,16.05,15.34,15.59,324348157,AAPL
2008-10-02,15.43,15.54,14.29,14.3,402629654,AAPL
2008-10-03,14.86,15.21,13.52,13.87,574900179,AAPL
2008-10-06,13.14,14.11,12.51,14.02,526957473,AAPL
2008-10-07,14.35,14.5,12.71,12.74,470441839,AAPL
2008-10-08,12.27,13.76,12.24,12.83,552321070,AAPL
2008-10-09,13.34,13.69,12.37,12.68,404547493,AAPL
2008-10-10,12.2,14.3,12.1,13.8,555075367,AAPL
2008-10-13,14.94,15.79,14.43,15.75,385120190,AAPL
2008-10-14,16.61,16.63,14.73,14.87,495597172,AAPL
2008-10-15,14.83,15.29,13.98,13.99,396043865,AAPL
2008-10-16,14.25,14.78,13.11,14.56,495130125,AAPL
2008-10-17,14.23,14.58,12.27,13.91,440776777,AAPL
2008-10-20,14.25,14.29,13.38,14.06,387292038,AAPL
2008-10-21,13.85,13.99,13.02,13.07,548414363,AAPL
2008-10-22,13.91,14.46,13.28,13.84,562202081,AAPL
2008-10-23,13.79,14.18,13.13,14.03,418857418,AAPL
2008-10-24,12.9,13.99,12.87,13.77,397434996,AAPL
2008-10-27,13.58,13.95,13.12,13.16,302347192,AAPL
2008-10-28,13.63,14.36,13.2,14.27,408927400,AAPL
2008-10-29,14.41,15.65,14.28,14.94,488329408,AAPL
2008-10-30,15.46,16.03,15.37,15.86,409521910,AAPL
2008-10-31,15.34,15.83,15.02,15.37,415042817,AAPL
2008-11-03,15.13,15.59,14.98,15.28,264609660,AAPL
2008-11-04,15.71,15.97,15.24,15.86,349991453,AAPL
2008-11-05,15.56,15.67,14.71,14.76,314406141,AAPL
2008-11-06,14.44,14.68,14.0,14.16,329909594,AAPL
2008-11-07,14.18,14.26,13.67,14.03,273909153,AAPL
2008-11-10,14.31,14.34,13.5,13.7,281471498,AAPL
2008-11-11,13.54,13.88,13.18,13.54,306249097,AAPL
2008-11-12,13.2,13.32,12.86,12.87,294732067,AAPL
2008-11-13,12.84,13.78,12.29,13.78,463840426,AAPL
2008-11-14,13.39,13.43,12.86,12.89,351319710,AAPL
2008-11-17,12.64,12.94,12.47,12.59,290730979,AAPL
2008-11-18,12.81,13.0,12.41,12.84,302588524,AAPL
2008-11-19,12.78,13.08,12.32,12.33,293068307,AAPL
2008-11-20,12.18,12.35,11.43,11.5,429184959,AAPL
2008-11-21,11.7,12.02,11.31,11.8,392392448,AAPL
2008-11-24,12.17,13.54,12.12,13.28,360673138,AAPL
2008-11-25,13.52,13.53,12.59,12.97,308889210,AAPL
2008-11-26,12.85,13.61,12.84,13.57,225125607,AAPL
2008-11-28,13.53,13.54,13.12,13.24,75301359,AAPL
2008-12-01,13.04,13.18,12.7,12.7,231040523,AAPL
2008-12-02,12.86,13.24,12.36,13.21,287354109,AAPL
2008-12-03,12.77,13.75,12.69,13.7,335054356,AAPL
2008-12-04,13.49,13.6,12.72,13.06,272921397,AAPL
2008-12-05,12.91,13.5,12.69,13.43,261100840,AAPL
2008-12-08,13.9,14.4,13.69,14.25,296423162,AAPL
2008-12-09,14.01,14.8,13.89,14.29,301029386,AAPL
2008-12-10,13.98,14.21,13.79,14.03,234619959,AAPL
2008-12-11,13.91,14.46,13.55,13.57,260820049,AAPL
2008-12-12,13.26,14.14,13.22,14.04,260703436,AAPL
2008-12-15,13.71,13.74,13.29,13.54,223012776,AAPL
2008-12-16,13.43,13.78,13.25,13.63,281118306,AAPL
2008-12-17,13.0,13.01,12.57,12.74,325029152,AAPL
2008-12-18,12.76,12.98,12.63,12.78,214435473,AAPL
2008-12-19,12.85,12.99,12.69,12.86,203740908,AAPL
2008-12-22,12.86,12.86,12.1,12.25,211275512,AAPL
2008-12-23,12.41,12.55,12.27,12.34,160419182,AAPL
2008-12-24,12.31,12.32,12.08,12.15,67864958,AAPL
2008-12-26,12.38,12.49,12.18,12.26,77301497,AAPL
2008-12-29,12.36,12.52,12.15,12.37,171970575,AAPL
2008-12-30,12.49,12.58,12.1,12.33,242057340,AAPL
2008-12-31,12.28,12.53,12.19,12.19,152010341,AAPL
2009-01-02,12.27,13.01,12.17,12.96,188749470,AAPL
2009-01-05,13.31,13.74,13.24,13.51,297211453,AAPL
2009-01-06,13.71,13.88,13.2,13.29,323043903,AAPL
2009-01-07,13.12,13.21,12.89,13.0,189300706,AAPL
2009-01-08,12.92,13.31,12.86,13.24,168365988,AAPL
2009-01-09,13.32,13.34,12.88,12.94,137445749,AAPL
2009-01-12,12.92,13.0,12.51,12.67,154530138,AAPL
2009-01-13,12.61,12.82,12.34,12.53,199728781,AAPL
2009-01-14,12.32,12.46,12.1,12.19,267996414,AAPL
2009-01-15,11.51,12.02,11.44,11.91,460808390,AAPL
2009-01-16,12.04,12.05,11.49,11.76,262120509,AAPL
2009-01-20,11.7,11.71,11.17,11.17,230207747,AAPL
2009-01-21,11.34,11.84,11.33,11.83,275012619,AAPL
2009-01-22,12.58,12.86,12.26,12.62,352381827,AAPL
2009-01-23,12.4,12.84,12.36,12.62,190942374,AAPL
2009-01-26,12.69,13.0,12.61,12.81,174853854,AAPL
2009-01-27,12.88,13.08,12.82,12.96,154631463,AAPL
2009-01-28,13.16,13.57,13.07,13.46,219701881,AAPL
2009-01-29,13.3,13.48,13.23,13.29,148300005,AAPL
2009-01-30,13.23,13.37,12.86,12.88,162955387,AAPL
2009-02-02,12.73,13.14,12.7,13.07,139603352,AAPL
2009-02-03,13.13,13.34,12.9,13.28,149860816,AAPL
2009-02-04,13.32,13.75,13.3,13.36,202103258,AAPL
2009-02-05,13.25,13.89,13.23,13.78,187353537,AAPL
2009-02-06,13.86,14.29,13.86,14.25,171784417,AAPL
2009-02-09,14.29,14.71,14.21,14.64,178749928,AAPL
2009-02-10,14.48,14.64,13.87,13.98,212329642,AAPL
2009-02-11,13.77,14.04,13.68,13.83,168776993,AAPL
2009-02-12,13.69,14.25,13.69,14.18,204335663,AAPL
2009-02-13,14.14,14.28,14.02,14.17,152266590,AAPL
2009-02-17,13.84,13.86,13.47,13.5,169558382,AAPL
2009-02-18,13.58,13.69,13.25,13.48,171142041,AAPL
2009-02-19,13.34,13.46,12.87,12.95,230700547,AAPL
2009-02-20,12.8,13.2,12.7,13.0,187575094,AAPL
2009-02-23,13.09,13.14,12.36,12.42,196743015,AAPL
2009-02-24,12.49,12.98,12.43,12.89,201773159,AAPL
2009-02-25,12.84,13.27,12.75,13.02,208328001,AAPL
2009-02-26,13.14,13.27,12.71,12.74,157513937,AAPL
2009-02-27,12.56,13.04,12.52,12.76,176686048,AAPL
2009-03-02,12.59,13.03,12.52,12.56,192742970,AAPL
2009-03-03,12.7,12.96,12.55,12.62,181084918,AAPL
2009-03-04,12.88,13.25,12.78,13.02,185381623,AAPL
2009-03-05,12.92,13.12,12.64,12.69,176723638,AAPL
2009-03-06,12.62,12.63,11.76,12.19,252786562,AAPL
2009-03-09,12.03,12.51,11.8,11.87,174619354,AAPL
2009-03-10,12.12,12.74,12.05,12.66,211126251,AAPL
2009-03-11,12.83,13.44,12.8,13.24,211696254,AAPL
2009-03-12,13.27,13.8,13.14,13.76,192203340,AAPL
2009-03-13,13.76,13.89,13.57,13.7,150320072,AAPL
2009-03-16,13.79,13.91,13.45,13.63,199386740,AAPL
2009-03-17,13.61,14.24,13.58,14.24,197005102,AAPL
2009-03-18,14.27,14.78,14.25,14.5,199050355,AAPL
2009-03-19,14.55,14.74,14.32,14.52,125079465,AAPL
2009-03-20,14.58,14.73,14.37,14.51,173926123,AAPL
2009-03-23,14.67,15.45,14.54,15.38,166641097,AAPL
2009-03-24,15.19,15.63,15.06,15.21,160856745,AAPL
2009-03-25,15.37,15.48,14.84,15.21,161662886,AAPL
2009-03-26,15.4,15.71,15.37,15.7,154062776,AAPL
2009-03-27,15.46,15.5,15.2,15.26,123260683,AAPL
2009-03-30,14.93,15.0,14.66,14.93,125715345,AAPL
2009-03-31,15.06,15.35,15.0,15.02,142519909,AAPL
2009-04-01,14.87,15.57,14.84,15.53,147398566,AAPL
2009-04-02,15.74,16.39,15.68,16.1,203091462,AAPL
2009-04-03,16.31,16.59,16.22,16.57,159086263,AAPL
2009-04-06,16.42,16.96,16.18,16.92,164515624,AAPL
2009-04-07,16.65,16.67,16.31,16.43,134196468,AAPL
2009-04-08,16.49,16.68,16.37,16.62,113907367,AAPL
2009-04-09,16.92,17.14,16.85,17.08,132734070,AAPL
2009-04-13,17.14,17.28,17.0,17.17,97367053,AAPL
2009-04-14,17.08,17.17,16.75,16.9,113688925,AAPL
2009-04-15,16.74,16.89,16.54,16.81,103256790,AAPL
2009-04-16,17.03,17.59,16.97,17.35,148395562,AAPL
2009-04-17,17.31,17.75,17.18,17.63,124420674,AAPL
2009-04-20,17.39,17.57,17.02,17.21,116663519,AAPL
2009-04-21,16.98,17.45,16.94,17.39,117671008,AAPL
2009-04-22,17.52,17.91,17.31,17.36,234691772,AAPL
2009-04-23,18.09,18.17,17.64,17.91,236289193,AAPL
2009-04-24,17.81,17.88,17.57,17.7,135236661,AAPL
2009-04-27,17.56,17.86,17.52,17.82,120203433,AAPL
2009-04-28,17.62,18.03,17.61,17.7,113964158,AAPL
2009-04-29,17.84,18.12,17.69,17.88,114564555,AAPL
2009-04-30,18.03,18.14,17.85,17.98,124622078,AAPL
2009-05-01,17.97,18.28,17.97,18.18,99397235,AAPL
2009-05-04,18.32,18.89,18.24,18.87,152395194,AAPL
2009-05-05,18.82,18.98,18.73,18.96,99600312,AAPL
2009-05-06,19.05,19.07,18.6,18.93,118410516,AAPL
2009-05-07,18.9,18.91,18.27,18.44,132973925,AAPL
2009-05-08,18.43,18.75,18.04,18.46,117006064,AAPL
2009-05-11,18.2,18.71,18.16,18.51,101195717,AAPL
2009-05-12,18.51,18.53,17.61,17.77,152369805,AAPL
2009-05-13,17.6,17.72,17.05,17.07,148992221,AAPL
2009-05-14,17.11,17.65,17.1,17.56,111976970,AAPL
2009-05-15,17.47,17.8,17.37,17.49,91891240,AAPL
2009-05-18,17.68,18.1,17.37,18.09,114771356,AAPL
2009-05-19,18.12,18.47,17.96,18.21,93105509,AAPL
2009-05-20,18.23,18.46,17.9,17.98,97193040,AAPL
2009-05-21,17.88,18.11,17.56,17.74,102045258,AAPL
2009-05-22,17.72,17.74,17.39,17.5,74517205,AAPL
2009-05-26,17.82,18.69,17.79,18.68,159231429,AAPL
2009-05-27,18.83,19.28,18.7,19.01,161740670,AAPL
2009-05-28,19.06,19.34,18.86,19.3,121887528,AAPL
2009-05-29,19.34,19.41,19.12,19.4,114163602,AAPL
2009-06-01,19.5,20.0,19.43,19.91,113166984,AAPL
2009-06-02,19.86,20.19,19.76,19.93,114055732,AAPL
2009-06-03,20.0,20.16,19.87,20.14,141299592,AAPL
2009-06-04,20.02,20.6,20.01,20.53,137657989,AAPL
2009-06-05,20.76,20.91,20.46,20.67,158178874,AAPL
2009-06-08,20.55,20.6,19.92,20.55,232912673,AAPL
2009-06-09,20.54,20.65,20.08,20.39,169240876,AAPL
2009-06-10,20.33,20.34,19.76,20.04,172199727,AAPL
2009-06-11,19.94,20.22,19.79,19.99,131205851,AAPL
2009-06-12,19.83,19.87,19.43,19.57,140771232,AAPL
2009-06-15,19.43,19.56,19.27,19.44,134987111,AAPL
2009-06-16,19.52,19.78,19.44,19.48,128701237,AAPL
2009-06-17,19.52,19.64,19.22,19.37,142853172,AAPL
2009-06-18,19.44,19.71,19.37,19.41,106920023,AAPL
2009-06-19,19.72,19.93,19.56,19.93,180463626,AAPL
2009-06-22,20.1,20.22,19.48,19.62,158728087,AAPL
2009-06-23,19.49,19.56,18.98,19.14,176632470,AAPL
2009-06-24,19.35,19.64,19.27,19.46,121381183,AAPL
2009-06-25,19.39,20.03,19.32,19.98,147422191,AAPL
2009-06-26,19.97,20.51,19.96,20.35,109867982,AAPL
2009-06-29,20.49,20.56,20.22,20.28,141915494,AAPL
2009-06-30,20.37,20.54,20.26,20.35,108562440,AAPL
2009-07-01,20.5,20.67,20.36,20.4,103568150,AAPL
2009-07-02,20.18,20.4,19.97,20.0,92653848,AAPL
2009-07-06,19.81,19.86,19.46,19.8,124671533,AAPL
2009-07-07,19.78,19.95,19.31,19.34,115445092,AAPL
2009-07-08,19.42,19.72,19.2,19.6,143982048,AAPL
2009-07-09,19.68,19.71,19.42,19.48,85786435,AAPL
2009-07-10,19.48,19.85,19.47,19.79,111318256,AAPL
2009-07-13,19.93,20.33,19.65,20.33,120943494,AAPL
2009-07-14,20.29,20.45,20.17,20.32,86875418,AAPL
2009-07-15,20.72,21.0,20.62,20.98,121396114,AAPL
2009-07-16,20.82,21.15,20.8,21.07,98392161,AAPL
2009-07-17,21.3,21.72,21.23,21.68,150538451,AAPL
2009-07-20,21.9,22.15,21.56,21.84,183881187,AAPL
2009-07-21,21.9,21.92,21.39,21.64,218695309,AAPL
2009-07-22,22.54,22.68,22.3,22.39,218525832,AAPL
2009-07-23,22.38,22.63,22.22,22.55,131740378,AAPL
2009-07-24,22.42,22.86,22.36,22.86,109589914,AAPL
2009-07-27,22.88,22.98,22.47,22.87,108327807,AAPL
2009-07-28,22.7,22.87,22.51,22.86,90888133,AAPL
2009-07-29,22.7,22.92,22.61,22.86,95607050,AAPL
2009-07-30,23.1,23.53,23.07,23.26,117400808,AAPL
2009-07-31,23.28,23.57,23.27,23.34,105672952,AAPL
2009-08-03,23.6,23.81,23.55,23.78,98559874,AAPL
2009-08-04,23.56,23.65,23.46,23.65,98952371,AAPL
2009-08-05,23.68,23.91,23.46,23.59,105795333,AAPL
2009-08-06,23.65,23.79,23.3,23.42,85443631,AAPL
2009-08-07,23.64,23.8,23.54,23.64,96870928,AAPL
2009-08-10,23.67,23.8,23.38,23.53,75108789,AAPL
2009-08-11,23.38,23.48,23.13,23.26,88872154,AAPL
2009-08-12,23.22,23.82,23.21,23.62,111267639,AAPL
2009-08-13,23.81,24.1,23.79,24.06,110040595,AAPL
2009-08-14,23.99,24.03,23.65,23.83,76512275,AAPL
2009-08-17,23.36,23.37,22.77,22.8,131095251,AAPL
2009-08-18,23.09,23.46,23.06,23.43,107787547,AAPL
2009-08-19,23.25,23.61,23.21,23.51,103317865,AAPL
2009-08-20,23.57,23.82,23.52,23.76,85549730,AAPL
2009-08-21,23.95,24.2,23.83,24.17,104018292,AAPL
2009-08-24,24.3,24.39,24.04,24.15,101732176,AAPL
2009-08-25,24.21,24.42,24.16,24.2,81088343,AAPL
2009-08-26,24.13,24.22,23.82,23.92,75999469,AAPL
2009-08-27,24.11,24.22,23.55,24.21,112294826,AAPL
2009-08-28,24.61,24.64,24.08,24.29,113464428,AAPL
2009-08-31,24.02,24.12,23.79,24.03,77885087,AAPL
2009-09-01,24.0,24.29,23.56,23.61,117256335,AAPL
2009-09-02,23.52,23.94,23.44,23.6,91100107,AAPL
2009-09-03,23.78,23.87,23.57,23.79,73525711,AAPL
2009-09-04,23.9,24.39,23.87,24.33,93656654,AAPL
2009-09-08,24.71,24.73,24.57,24.7,78761627,AAPL
2009-09-09,24.68,24.92,24.24,24.45,202822886,AAPL
2009-09-10,24.58,24.75,24.4,24.65,122783346,AAPL
2009-09-11,24.7,24.74,24.41,24.59,87240188,AAPL
2009-09-14,24.4,24.84,24.32,24.82,80502611,AAPL
2009-09-15,24.86,25.09,24.8,25.02,106617553,AAPL
2009-09-16,25.43,26.11,25.41,25.98,188505499,AAPL
2009-09-17,26.0,26.68,26.0,26.36,202642664,AAPL
2009-09-18,26.55,26.65,26.39,26.43,150436860,AAPL
2009-09-21,26.33,26.45,25.95,26.29,109428907,AAPL
2009-09-22,26.46,26.48,26.12,26.35,89240991,AAPL
2009-09-23,26.49,26.99,26.43,26.5,148509963,AAPL
2009-09-24,26.74,26.81,26.11,26.26,137719491,AAPL
2009-09-25,26.0,26.5,25.92,26.05,111371862,AAPL
2009-09-28,26.27,26.67,26.19,26.59,84411999,AAPL
2009-09-29,26.68,26.77,26.33,26.48,86346379,AAPL
2009-09-30,26.59,26.64,26.09,26.48,134895635,AAPL
2009-10-01,26.48,26.6,25.81,25.84,131177739,AAPL
2009-10-02,25.92,26.56,25.91,26.41,138358668,AAPL
2009-10-05,26.6,26.69,26.32,26.57,105783062,AAPL
2009-10-06,26.82,27.14,26.76,27.14,151270875,AAPL
2009-10-07,27.11,27.22,27.0,27.18,116416909,AAPL
2009-10-08,27.24,27.35,26.98,27.04,109552296,AAPL
2009-10-09,27.0,27.24,26.95,27.21,73348345,AAPL
2009-10-12,27.29,27.36,27.09,27.26,72037756,AAPL
2009-10-13,27.23,27.31,27.1,27.15,87004582,AAPL
2009-10-14,27.46,27.47,27.18,27.33,93942639,AAPL
2009-10-15,27.09,27.27,27.08,27.22,93388722,AAPL
2009-10-16,27.05,27.19,26.83,26.86,107856189,AAPL
2009-10-19,26.84,27.14,26.51,27.12,235557336,AAPL
2009-10-20,28.66,28.82,28.26,28.39,285259814,AAPL
2009-10-21,28.5,29.82,28.46,29.27,298431525,AAPL
2009-10-22,29.24,29.69,28.93,29.31,197847825,AAPL
2009-10-23,29.39,29.4,29.03,29.13,105196434,AAPL
2009-10-26,29.1,29.54,28.59,28.93,121084383,AAPL
2009-10-27,28.81,28.97,28.06,28.2,189137473,AAPL
2009-10-28,28.24,28.29,27.3,27.49,204596217,AAPL
2009-10-29,27.86,28.12,27.45,28.05,142602061,AAPL
2009-10-30,28.01,28.11,26.58,26.93,179380894,AAPL
2009-11-02,27.11,27.55,26.51,27.04,169897231,AAPL
2009-11-03,26.84,27.07,26.56,26.96,130635414,AAPL
2009-11-04,27.25,27.69,27.18,27.26,121935499,AAPL
2009-11-05,27.49,27.86,27.4,27.72,96230799,AAPL
2009-11-06,27.5,27.88,27.49,27.76,73807363,AAPL
2009-11-09,28.13,28.84,28.04,28.78,132213683,AAPL
2009-11-10,28.72,29.28,28.72,29.0,100298380,AAPL
2009-11-11,29.22,29.29,28.83,29.04,111019510,AAPL
2009-11-12,29.02,29.27,28.78,28.86,90978853,AAPL
2009-11-13,28.98,29.26,28.87,29.21,85832761,AAPL
2009-11-16,29.35,29.71,29.29,29.52,121301019,AAPL
2009-11-17,29.44,29.63,29.29,29.57,99128064,AAPL
2009-11-18,29.51,29.57,29.14,29.42,93579864,AAPL
2009-11-19,29.23,29.23,28.54,28.64,135581523,AAPL
2009-11-20,28.45,28.63,28.25,28.56,101722565,AAPL
2009-11-23,29.0,29.43,28.99,29.41,118793731,AAPL
2009-11-24,29.33,29.41,28.99,29.21,79609194,AAPL
2009-11-25,29.34,29.38,29.11,29.17,71662311,AAPL
2009-11-27,28.46,28.99,28.34,28.66,73814244,AAPL
2009-11-30,28.73,28.81,28.4,28.56,106213926,AAPL
2009-12-01,28.89,28.97,28.12,28.14,116440583,AAPL
2009-12-02,28.42,28.77,27.96,28.03,178814706,AAPL
2009-12-03,28.2,28.43,28.04,28.07,112179578,AAPL
2009-12-04,28.53,28.55,27.18,27.62,206776668,AAPL
2009-12-07,27.62,27.68,26.95,26.99,178689658,AAPL
2009-12-08,27.05,27.48,26.96,27.12,172599280,AAPL
2009-12-09,27.33,28.31,27.19,28.26,171195185,AAPL
2009-12-10,28.5,28.53,28.02,28.06,122417155,AAPL
2009-12-11,28.25,28.29,27.63,27.81,107443378,AAPL
2009-12-14,27.91,28.2,27.51,28.14,123947124,AAPL
2009-12-15,27.98,28.22,27.61,27.74,104928453,AAPL
2009-12-16,27.87,28.07,27.79,27.86,88279674,AAPL
2009-12-17,27.75,27.86,27.29,27.41,97209056,AAPL
2009-12-18,27.6,27.93,27.51,27.92,152192516,AAPL
2009-12-21,28.01,28.54,27.95,28.32,153093108,AAPL
2009-12-22,28.49,28.69,28.38,28.62,87378543,AAPL
2009-12-23,28.75,28.91,28.69,28.87,86380987,AAPL
2009-12-24,29.08,29.91,29.05,29.86,125221985,AAPL
2009-12-28,30.25,30.56,29.94,30.23,161141050,AAPL
2009-12-29,30.38,30.39,29.82,29.87,111301071,AAPL
2009-12-30,29.83,30.29,29.76,30.23,103020708,AAPL
2009-12-31,30.45,30.48,30.08,30.1,88102679,AAPL
2010-01-04,30.49,30.64,30.34,30.57,123432050,AAPL
2010-01-05,30.66,30.8,30.46,30.63,150476004,AAPL
2010-01-06,30.63,30.75,30.11,30.14,138039594,AAPL
2010-01-07,30.25,30.29,29.86,30.08,119282324,AAPL
2010-01-08,30.04,30.29,29.87,30.28,111969081,AAPL
2010-01-11,30.4,30.43,29.78,30.02,115557365,AAPL
2010-01-12,29.88,29.97,29.49,29.67,148614774,AAPL
2010-01-13,29.7,30.13,29.16,30.09,151472335,AAPL
2010-01-14,30.02,30.07,29.86,29.92,108288411,AAPL
2010-01-15,30.13,30.23,29.41,29.42,148584065,AAPL
2010-01-19,29.76,30.74,29.61,30.72,182501620,AAPL
2010-01-20,30.7,30.79,29.93,30.25,153037892,AAPL
2010-01-21,30.3,30.47,29.6,29.72,152038565,AAPL
2010-01-22,29.54,29.64,28.17,28.25,220441872,AAPL
2010-01-25,28.93,29.24,28.6,29.01,266424802,AAPL
2010-01-26,29.42,30.53,28.94,29.42,466777486,AAPL
2010-01-27,29.55,30.08,28.5,29.7,430642030,AAPL
2010-01-28,29.28,29.36,28.39,28.47,293375376,AAPL
2010-01-29,28.73,28.89,27.18,27.44,311487785,AAPL
2010-02-01,27.48,28.0,27.33,27.82,187468421,AAPL
2010-02-02,27.99,28.05,27.63,27.98,174585313,AAPL
2010-02-03,27.88,28.6,27.77,28.46,153831769,AAPL
2010-02-04,28.1,28.34,27.37,27.44,189412762,AAPL
2010-02-05,27.52,28.0,27.26,27.92,212576350,AAPL
2010-02-08,27.96,28.27,27.71,27.73,119567119,AAPL
2010-02-09,28.06,28.21,27.82,28.03,158221028,AAPL
2010-02-10,27.98,28.09,27.75,27.87,92590218,AAPL
2010-02-11,27.84,28.54,27.72,28.38,137585903,AAPL
2010-02-12,28.3,28.81,27.93,28.63,163866906,AAPL
2010-02-16,28.85,29.1,28.79,29.06,135987761,AAPL
2010-02-17,29.17,29.19,28.69,28.94,109098710,AAPL
2010-02-18,28.8,29.13,28.7,28.99,105706111,AAPL
2010-02-19,28.84,29.03,28.73,28.81,103933466,AAPL
2010-02-22,28.91,28.93,28.46,28.63,97706168,AAPL
2010-02-23,28.57,28.76,27.96,28.15,143828223,AAPL
2010-02-24,28.32,28.78,28.26,28.66,115141376,AAPL
2010-02-25,28.2,28.98,28.13,28.86,166349071,AAPL
2010-02-26,28.91,29.31,28.86,29.23,126865060,AAPL
2010-03-01,29.39,29.93,29.35,29.86,137523183,AAPL
2010-03-02,29.99,30.12,29.68,29.84,141636152,AAPL
2010-03-03,29.85,29.98,29.71,29.9,93059694,AAPL
2010-03-04,29.9,30.13,29.8,30.1,91509936,AAPL
2010-03-05,30.71,31.39,30.66,31.28,224904603,AAPL
2010-03-08,31.43,31.44,31.18,31.3,107472239,AAPL
2010-03-09,31.19,32.14,31.13,31.86,230064660,AAPL
2010-03-10,31.98,32.21,31.89,32.12,149054143,AAPL
2010-03-11,31.99,32.21,31.9,32.21,101424638,AAPL
2010-03-12,32.48,32.53,32.25,32.37,104080620,AAPL
2010-03-15,32.2,32.21,31.46,31.98,123375091,AAPL
2010-03-16,32.03,32.14,31.79,32.06,111726636,AAPL
2010-03-17,32.13,32.35,31.9,32.02,112738997,AAPL
2010-03-18,32.01,32.14,31.8,32.09,85527113,AAPL
2010-03-19,32.11,32.18,31.6,31.75,139861148,AAPL
2010-03-22,31.5,32.29,31.45,32.11,114104634,AAPL
2010-03-23,32.23,32.68,32.01,32.62,150607177,AAPL
2010-03-24,32.52,32.89,32.5,32.77,149570232,AAPL
2010-03-25,32.99,33.0,32.32,32.38,135816674,AAPL
2010-03-26,32.71,33.14,32.65,32.99,160218135,AAPL
2010-03-29,33.29,33.41,33.09,33.2,135185785,AAPL
2010-03-30,33.8,33.93,33.46,33.69,131827325,AAPL
2010-03-31,33.64,33.8,33.49,33.57,107664557,AAPL
2010-04-05,33.57,34.07,33.54,34.07,171126319,AAPL
2010-04-06,34.03,34.32,33.86,34.22,111754188,AAPL
2010-04-07,34.25,34.56,34.09,34.37,157125031,AAPL
2010-04-08,34.35,34.51,34.01,34.28,143246621,AAPL
2010-04-09,34.49,34.56,34.35,34.54,83545644,AAPL
2010-04-12,34.6,34.72,34.54,34.61,83303836,AAPL
2010-04-13,34.55,34.69,34.44,34.63,76552525,AAPL
2010-04-14,35.04,35.12,34.87,35.1,101018554,AAPL
2010-04-15,35.11,35.58,35.07,35.56,94195920,AAPL
2010-04-16,35.51,35.88,34.94,35.34,187635966,AAPL
2010-04-19,35.29,35.41,34.54,35.3,141730491,AAPL
2010-04-20,35.51,35.61,34.71,34.94,184580977,AAPL
2010-04-21,36.97,37.18,36.53,37.03,245597800,AAPL
2010-04-22,36.89,38.11,36.6,38.07,198355815,AAPL
2010-04-23,38.28,38.88,38.14,38.69,199238354,AAPL
2010-04-26,38.84,38.92,38.31,38.5,119767011,AAPL
2010-04-27,38.18,38.26,37.22,37.43,177335424,AAPL
2010-04-28,37.61,37.71,36.63,37.37,189599970,AAPL
2010-04-29,37.57,38.57,37.43,38.38,139709745,AAPL
2010-04-30,38.47,38.65,37.29,37.3,135615676,AAPL
2010-05-03,37.69,38.27,37.55,38.05,113585031,AAPL
2010-05-04,37.58,37.61,36.68,36.95,180954830,AAPL
2010-05-05,36.15,36.88,35.53,36.57,220775786,AAPL
2010-05-06,36.26,36.89,28.46,35.18,321464892,AAPL
2010-05-07,34.82,35.22,32.17,33.69,419004292,AAPL
2010-05-10,35.75,36.38,35.5,36.28,246076208,AAPL
2010-05-11,35.98,37.13,35.79,36.65,212587809,AAPL
2010-05-12,37.04,37.59,36.96,37.44,163594375,AAPL
2010-05-13,37.6,37.86,36.63,36.91,149927526,AAPL
2010-05-14,36.45,36.64,35.64,36.26,189840357,AAPL
2010-05-17,36.39,36.6,35.39,36.32,190708252,AAPL
2010-05-18,36.71,36.94,35.75,36.05,195668956,AAPL
2010-05-19,35.64,36.13,34.98,35.48,256431406,AAPL
2010-05-20,34.55,34.84,33.74,33.97,320728737,AAPL
2010-05-21,33.26,34.93,33.05,34.62,305976755,AAPL
2010-05-24,35.33,35.84,35.18,35.25,188561359,AAPL
2010-05-25,34.19,35.25,33.88,35.03,262003357,AAPL
2010-05-26,35.73,36.02,34.82,34.87,212664144,AAPL
2010-05-27,35.8,36.27,35.59,36.19,166575339,AAPL
2010-05-28,37.06,37.06,36.19,36.7,203903217,AAPL
2010-06-01,37.1,37.99,36.99,37.26,219118382,AAPL
2010-06-02,37.79,37.83,37.19,37.71,172136524,AAPL
2010-06-03,37.88,37.94,37.2,37.59,162539314,AAPL
2010-06-04,36.89,37.41,36.38,36.57,189610442,AAPL
2010-06-07,36.9,37.02,35.79,35.85,221745538,AAPL
2010-06-08,36.18,36.26,35.09,35.62,250192019,AAPL
2010-06-09,35.92,35.99,34.64,34.74,213657171,AAPL
2010-06-10,34.98,35.85,34.6,35.79,194088937,AAPL
2010-06-11,35.46,36.27,35.34,36.22,136439884,AAPL
2010-06-14,36.57,37.02,36.29,36.33,150740100,AAPL
2010-06-15,36.52,37.12,36.5,37.1,146268297,AAPL
2010-06-16,37.3,38.25,37.23,38.18,195922370,AAPL
2010-06-17,38.66,38.99,38.5,38.84,218365231,AAPL
2010-06-18,38.89,39.29,38.77,39.15,196154945,AAPL
2010-06-21,39.67,39.86,38.39,38.6,194122453,AAPL
2010-06-22,38.88,39.42,38.79,39.12,179314996,AAPL
2010-06-23,39.23,39.24,38.27,38.71,192113733,AAPL
2010-06-24,38.71,39.03,38.3,38.43,178782814,AAPL
2010-06-25,38.58,38.61,37.97,38.1,137485271,AAPL
2010-06-28,38.13,38.54,37.79,38.33,146358254,AAPL
2010-06-29,37.73,37.77,36.33,36.6,283336130,AAPL
2010-06-30,36.67,36.85,35.72,35.93,184867060,AAPL
2010-07-01,36.33,36.4,34.75,35.5,255738140,AAPL
2010-07-02,35.78,35.85,34.74,35.28,173624381,AAPL
2010-07-06,35.86,36.11,35.17,35.52,153808676,AAPL
2010-07-07,35.78,36.97,35.68,36.95,163639812,AAPL
2010-07-08,37.5,37.56,36.41,36.87,184537661,AAPL
2010-07-09,36.7,37.13,36.45,37.09,108393537,AAPL
2010-07-12,36.93,37.41,36.41,36.76,140719236,AAPL
2010-07-13,36.62,36.63,35.2,35.97,297738658,AAPL
2010-07-14,35.63,36.54,35.57,36.1,203042784,AAPL
2010-07-15,35.46,36.71,35.33,35.92,206215849,AAPL
2010-07-16,36.17,36.42,35.49,35.7,259964376,AAPL
2010-07-19,35.7,35.7,34.23,35.08,256124484,AAPL
2010-07-20,34.7,36.13,34.29,35.98,268737511,AAPL
2010-07-21,37.87,37.88,36.29,36.32,296417422,AAPL
2010-07-22,36.81,37.14,36.47,37.0,161329322,AAPL
2010-07-23,36.73,37.2,36.61,37.13,133346661,AAPL
2010-07-26,37.14,37.16,36.82,37.04,105137452,AAPL
2010-07-27,37.27,37.83,37.19,37.73,146192641,AAPL
2010-07-28,37.67,38.0,37.18,37.28,129996090,AAPL
2010-07-29,37.24,37.52,36.59,36.87,160951385,AAPL
2010-07-30,36.56,37.1,36.41,36.75,112113960,AAPL
2010-08-02,37.21,37.51,37.09,37.41,107021026,AAPL
2010-08-03,37.29,37.61,37.06,37.42,104413218,AAPL
2010-08-04,37.55,37.75,37.19,37.57,105139076,AAPL
2010-08-05,37.39,37.6,37.22,37.39,72340618,AAPL
2010-08-06,37.11,37.36,36.8,37.16,111253310,AAPL
2010-08-09,37.35,37.45,37.08,37.39,75781356,AAPL
2010-08-10,37.12,37.21,36.79,37.06,112979405,AAPL
2010-08-11,36.49,36.53,35.69,35.74,155013068,AAPL
2010-08-12,35.24,36.16,35.16,35.97,133729834,AAPL
2010-08-13,35.95,35.98,35.58,35.59,88716635,AAPL
2010-08-16,35.37,35.72,35.23,35.38,79606849,AAPL
2010-08-17,35.73,36.38,35.6,36.0,105662221,AAPL
2010-08-18,36.05,36.38,35.94,36.15,84923923,AAPL
2010-08-19,36.12,36.21,35.53,35.7,106676227,AAPL
2010-08-20,35.63,36.27,35.57,35.66,96057206,AAPL
2010-08-23,35.97,36.0,35.04,35.11,103516812,AAPL
2010-08-24,34.67,34.71,34.09,34.28,150638208,AAPL
2010-08-25,34.01,34.86,33.89,34.7,149216228,AAPL
2010-08-26,35.06,35.11,34.33,34.33,116625803,AAPL
2010-08-27,34.54,34.66,33.65,34.52,137146576,AAPL
2010-08-30,34.39,35.11,34.38,34.64,95821894,AAPL
2010-08-31,34.55,34.94,34.34,34.73,105196602,AAPL
2010-09-01,35.35,35.92,35.18,35.76,174258805,AAPL
2010-09-02,35.89,36.02,35.51,36.02,103856298,AAPL
2010-09-03,36.44,36.97,36.36,36.97,130197067,AAPL
2010-09-07,36.66,37.08,36.61,36.83,85706313,AAPL
2010-09-08,37.11,37.77,37.01,37.56,131637114,AAPL
2010-09-09,37.86,38.07,37.56,37.58,109643597,AAPL
2010-09-10,37.6,37.79,37.34,37.63,96940319,AAPL
2010-09-13,37.97,38.33,37.97,38.15,97194965,AAPL
2010-09-14,38.03,38.45,37.93,38.29,102037313,AAPL
2010-09-15,38.31,38.63,38.26,38.6,107341570,AAPL
2010-09-16,38.61,39.52,38.5,39.51,163025387,AAPL
2010-09-17,39.67,39.71,39.1,39.34,158618691,AAPL
2010-09-20,39.44,40.54,39.41,40.46,164822833,AAPL
2010-09-21,40.55,41.05,40.4,40.54,167418881,AAPL
2010-09-22,40.39,41.14,40.34,41.11,146353774,AAPL
2010-09-23,40.9,41.82,40.86,41.27,196528871,AAPL
2010-09-24,41.73,41.93,41.51,41.76,162371804,AAPL
2010-09-27,42.0,42.1,41.57,41.6,120774913,AAPL
2010-09-28,41.68,41.68,39.29,40.98,258760411,AAPL
2010-09-29,41.03,41.4,40.86,41.05,117410608,AAPL
2010-09-30,41.29,41.43,40.18,40.54,168347452,AAPL
2010-10-01,40.88,40.94,40.19,40.36,112101444,AAPL
2010-10-04,40.23,40.41,39.68,39.81,108824968,AAPL
2010-10-05,40.29,41.35,40.26,41.28,125491450,AAPL
2010-10-06,41.37,41.71,40.75,41.31,167716514,AAPL
2010-10-07,41.48,41.5,40.99,41.32,102099277,AAPL
2010-10-08,41.67,42.07,41.43,42.01,164600814,AAPL
2010-10-11,42.11,42.46,42.09,42.19,106937733,AAPL
2010-10-12,42.2,42.79,41.78,42.65,139634663,AAPL
2010-10-13,42.89,43.14,42.83,42.88,157522589,AAPL
2010-10-14,43.1,43.21,42.91,43.19,108823925,AAPL
2010-10-15,43.92,45.0,43.56,44.96,230548444,AAPL
2010-10-18,45.5,45.57,44.9,45.43,276114391,AAPL
2010-10-19,43.34,44.82,42.86,44.21,308189833,AAPL
2010-10-20,44.14,44.89,43.84,44.36,180406030,AAPL
2010-10-21,44.62,44.96,43.83,44.22,137864321,AAPL
2010-10-22,44.15,44.29,43.76,43.92,93193856,AAPL
2010-10-25,44.16,44.51,44.06,44.12,98107996,AAPL
2010-10-26,43.84,44.25,43.66,44.01,98232337,AAPL
2010-10-27,43.95,44.27,43.66,43.98,99750070,AAPL
2010-10-28,43.99,44.0,42.99,43.61,137761540,AAPL
2010-10-29,43.46,43.7,42.98,43.0,107627128,AAPL
2010-11-01,43.17,43.66,43.17,43.45,105972251,AAPL
2010-11-02,43.86,44.31,43.86,44.19,108482437,AAPL
2010-11-03,44.48,44.7,44.08,44.69,127086848,AAPL
2010-11-04,45.06,45.74,45.0,45.47,160621979,AAPL
2010-11-05,45.43,45.65,45.25,45.3,90313265,AAPL
2010-11-08,45.31,45.68,45.25,45.52,70433307,AAPL
2010-11-09,45.86,45.9,44.93,45.15,95928805,AAPL
2010-11-10,45.23,45.54,44.79,45.43,96056373,AAPL
2010-11-11,45.0,45.49,44.89,45.24,90320433,AAPL
2010-11-12,45.14,45.21,43.38,44.0,198961462,AAPL
2010-11-15,44.07,44.36,43.75,43.86,100900954,AAPL
2010-11-16,43.67,43.94,42.76,43.08,164737342,AAPL
2010-11-17,43.03,43.43,42.54,42.93,119862407,AAPL
2010-11-18,43.6,44.24,43.53,44.06,123622443,AAPL
2010-11-19,44.0,44.06,43.61,43.82,96210793,AAPL
2010-11-22,43.81,44.77,43.7,44.77,98268492,AAPL
2010-11-23,44.35,44.54,43.79,44.1,129861284,AAPL
2010-11-24,44.57,45.06,44.54,44.97,103568136,AAPL
2010-11-26,44.82,45.39,44.71,45.0,59436237,AAPL
2010-11-29,45.07,45.35,44.48,45.27,111439895,AAPL
2010-11-30,44.79,44.91,44.41,44.45,125463303,AAPL
2010-12-01,45.04,45.39,45.0,45.2,115437672,AAPL
2010-12-02,45.36,45.57,44.98,45.45,115912916,AAPL
2010-12-03,45.29,45.52,45.19,45.35,85592283,AAPL
2010-12-06,45.52,46.05,45.49,45.74,112120127,AAPL
2010-12-07,46.26,46.28,45.45,45.46,97863465,AAPL
2010-12-08,45.66,45.86,45.3,45.86,80483501,AAPL
2010-12-09,46.02,46.07,45.57,45.68,73536526,AAPL
2010-12-10,45.66,45.86,45.51,45.79,65644243,AAPL
2010-12-13,46.34,46.44,45.86,45.95,109953333,AAPL
2010-12-14,45.96,46.08,45.57,45.76,87891762,AAPL
2010-12-15,45.71,46.14,45.6,45.77,104327314,AAPL
2010-12-16,45.87,46.09,45.73,45.89,80507098,AAPL
2010-12-17,45.95,45.97,45.75,45.8,96787068,AAPL
2010-12-20,45.94,46.18,45.46,46.03,96402194,AAPL
2010-12-21,46.14,46.34,46.01,46.32,64087884,AAPL
2010-12-22,46.34,46.53,46.22,46.45,66536029,AAPL
2010-12-23,46.43,46.45,46.17,46.23,55875176,AAPL
2010-12-27,46.12,46.49,45.93,46.38,62453699,AAPL
2010-12-28,46.56,46.67,46.44,46.5,43980797,AAPL
2010-12-29,46.6,46.64,46.44,46.47,40817672,AAPL
2010-12-30,46.5,46.5,46.15,46.24,39414991,AAPL
2010-12-31,46.14,46.21,45.9,46.08,48413827,AAPL
2011-01-03,46.52,47.18,46.41,47.08,111280407,AAPL
2011-01-04,47.49,47.5,46.88,47.33,77337001,AAPL
2011-01-05,47.08,47.76,47.07,47.71,63879193,AAPL
2011-01-06,47.82,47.89,47.56,47.68,75106626,AAPL
2011-01-07,47.71,48.05,47.41,48.02,77982212,AAPL
2011-01-10,48.4,49.03,48.17,48.92,112139482,AAPL
2011-01-11,49.27,49.28,48.5,48.81,111019993,AAPL
2011-01-12,49.04,49.2,48.86,49.2,75644310,AAPL
2011-01-13,49.31,49.52,49.12,49.38,74536182,AAPL
2011-01-14,49.41,49.78,49.21,49.78,77209748,AAPL
2011-01-18,47.07,49.25,46.57,48.66,470246700,AAPL
2011-01-19,49.76,49.8,48.13,48.41,283902199,AAPL
2011-01-20,48.06,48.33,47.16,47.53,191197293,AAPL
2011-01-21,47.68,47.84,46.66,46.67,188599712,AAPL
2011-01-24,46.7,48.21,46.67,48.21,143670548,AAPL
2011-01-25,48.05,48.78,47.8,48.77,136716650,AAPL
2011-01-26,48.99,49.37,48.79,49.12,126716779,AAPL
2011-01-27,49.11,49.24,48.98,49.03,71255961,AAPL
2011-01-28,49.17,49.2,47.65,48.01,148014146,AAPL
2011-01-31,47.97,48.58,47.76,48.47,94311602,AAPL
2011-02-01,48.76,49.38,48.71,49.29,106657943,AAPL
2011-02-02,49.21,49.32,49.08,49.19,64738807,AAPL
2011-02-03,49.11,49.18,48.36,49.06,98449148,AAPL
2011-02-04,49.09,49.53,49.07,49.5,80459575,AAPL
2011-02-07,49.7,50.46,49.66,50.27,121254910,AAPL
2011-02-08,50.53,50.79,50.31,50.74,95259906,AAPL
2011-02-09,50.74,51.29,50.7,51.17,120686090,AAPL
2011-02-10,51.06,51.43,49.71,50.65,232137360,AAPL
2011-02-11,50.68,51.11,50.51,50.98,91892948,AAPL
2011-02-14,50.97,51.35,50.96,51.31,77603491,AAPL
2011-02-15,51.31,51.42,51.08,51.41,71043441,AAPL
2011-02-16,51.54,52.13,51.5,51.88,120288833,AAPL
2011-02-17,51.04,51.47,50.93,51.19,132643504,AAPL
2011-02-18,51.24,51.36,49.93,50.08,204011724,AAPL
2011-02-22,48.88,49.34,48.25,48.37,218135561,AAPL
2011-02-23,48.4,49.23,48.37,48.95,167962942,AAPL
2011-02-24,49.15,49.31,48.34,48.98,124974514,AAPL
2011-02-25,49.32,49.78,49.26,49.74,95004483,AAPL
2011-02-28,50.18,50.72,50.16,50.46,100768479,AAPL
2011-03-01,50.78,50.82,49.67,49.9,114032163,AAPL
2011-03-02,49.99,50.62,49.77,50.3,150647189,AAPL
2011-03-03,51.03,51.4,50.85,51.37,125196764,AAPL
2011-03-04,51.44,51.47,51.11,51.43,113316483,AAPL
2011-03-07,51.63,51.67,50.19,50.77,136530149,AAPL
2011-03-08,50.7,51.06,50.32,50.82,89078955,AAPL
2011-03-09,50.67,50.68,50.09,50.35,113349033,AAPL
2011-03-10,49.87,49.97,49.27,49.52,126972055,AAPL
2011-03-11,49.33,50.33,49.29,50.28,117770016,AAPL
2011-03-14,50.45,50.93,50.19,50.51,109113690,AAPL
2011-03-15,48.87,49.69,48.59,49.35,180262334,AAPL
2011-03-16,48.86,49.0,46.61,47.14,289187626,AAPL
2011-03-17,48.12,48.52,47.24,47.81,164854977,AAPL
2011-03-18,48.16,48.31,47.14,47.24,188302604,AAPL
2011-03-21,48.0,48.53,47.89,48.47,102347560,AAPL
2011-03-22,48.94,48.95,48.45,48.74,81558162,AAPL
2011-03-23,48.47,48.6,47.99,48.46,93248498,AAPL
2011-03-24,48.84,49.43,48.41,49.28,101177720,AAPL
2011-03-25,49.72,50.29,49.57,50.22,112292796,AAPL
2011-03-28,50.45,50.62,50.06,50.06,77337407,AAPL
2011-03-29,49.67,50.14,49.44,50.14,88224955,AAPL
2011-03-30,50.09,50.13,49.63,49.8,82351269,AAPL
2011-03-31,49.48,49.97,49.44,49.79,68592006,AAPL
2011-04-01,50.16,50.23,49.04,49.22,104665400,AAPL
2011-04-04,49.19,49.23,48.34,48.74,115020542,AAPL
2011-04-05,48.14,48.89,48.0,48.41,120740809,AAPL
2011-04-06,48.75,49.13,48.16,48.29,100634681,AAPL
2011-04-07,48.3,48.63,48.0,48.3,93361520,AAPL
2011-04-08,48.56,48.59,47.71,47.87,94383317,AAPL
2011-04-11,47.72,47.95,47.15,47.26,99787618,AAPL
2011-04-12,47.21,47.68,47.17,47.49,106627080,AAPL
2011-04-13,47.86,48.02,47.5,48.02,86608963,AAPL
2011-04-14,47.83,48.0,47.44,47.49,75497401,AAPL
2011-04-15,47.61,47.66,46.69,46.78,113458247,AAPL
2011-04-18,46.59,47.46,45.74,47.41,152474427,AAPL
2011-04-19,47.59,48.28,47.39,48.27,104844243,AAPL
2011-04-20,49.07,49.39,48.79,48.92,175163842,AAPL
2011-04-21,50.71,50.73,49.79,50.1,188449618,AAPL
2011-04-25,50.05,50.54,50.04,50.43,66636290,AAPL
2011-04-26,50.52,50.71,49.91,50.06,84400645,AAPL
2011-04-27,50.32,50.34,49.59,50.02,89052887,AAPL
2011-04-28,49.46,49.96,49.36,49.54,90297123,AAPL
2011-04-29,49.54,50.56,49.52,50.02,251585929,AAPL
2011-05-02,49.96,50.07,49.36,49.47,110678246,AAPL
2011-05-03,49.71,49.98,49.37,49.74,78390249,AAPL
2011-05-04,49.75,50.26,49.55,49.94,97312229,AAPL
2011-05-05,49.77,50.14,49.44,49.54,84065352,AAPL
2011-05-06,49.96,50.0,49.46,49.52,70061285,AAPL
2011-05-09,49.69,49.89,49.5,49.66,51188151,AAPL
2011-05-10,49.84,49.96,49.52,49.92,70521969,AAPL
2011-05-11,49.86,50.0,49.32,49.6,84018683,AAPL
2011-05-12,49.45,49.59,48.9,49.51,80239593,AAPL
2011-05-13,49.38,49.46,48.62,48.64,81547956,AAPL
2011-05-16,48.46,48.75,47.51,47.61,112535374,AAPL
2011-05-17,47.43,48.02,47.25,48.02,113196657,AAPL
2011-05-18,48.07,48.72,48.0,48.55,83693267,AAPL
2011-05-19,48.87,48.92,48.38,48.65,65291310,AAPL
2011-05-20,48.51,48.71,47.86,47.89,84547708,AAPL
2011-05-23,47.14,48.0,47.06,47.77,95627217,AAPL
2011-05-24,47.93,47.99,47.33,47.46,80520650,AAPL
2011-05-25,47.63,48.37,47.55,48.11,73555433,AAPL
2011-05-26,48.0,48.13,47.78,47.86,55673751,AAPL
2011-05-27,47.83,48.23,47.76,48.2,50912897,AAPL
2011-05-31,48.73,49.69,48.71,49.69,104434134,AAPL
2011-06-01,49.84,50.3,49.24,49.36,138670602,AAPL
2011-06-02,49.5,49.71,49.19,49.44,84721112,AAPL
2011-06-03,49.03,49.33,48.86,49.06,78360765,AAPL
2011-06-06,49.42,49.58,48.26,48.29,115484677,AAPL
2011-06-07,48.31,48.32,47.41,47.43,132493060,AAPL
2011-06-08,47.4,47.83,47.24,47.46,83471577,AAPL
2011-06-09,47.61,47.67,47.25,47.36,68841199,AAPL
2011-06-10,47.22,47.38,46.5,46.56,108529400,AAPL
2011-06-13,46.74,46.9,46.44,46.66,82414108,AAPL
2011-06-14,47.14,47.61,47.04,47.49,83641901,AAPL
2011-06-15,47.11,47.19,46.41,46.68,99851885,AAPL
2011-06-16,46.7,46.95,45.48,46.45,127647338,AAPL
2011-06-17,47.0,47.04,45.62,45.75,153872649,AAPL
2011-06-20,45.34,45.39,44.36,45.05,160161274,AAPL
2011-06-21,45.24,46.54,45.03,46.47,123343514,AAPL
2011-06-22,46.45,46.99,46.05,46.09,97645436,AAPL
2011-06-23,45.56,47.38,45.45,47.32,139939254,AAPL
2011-06-24,47.34,47.59,46.44,46.62,109981312,AAPL
2011-06-27,46.8,47.7,46.75,47.43,84989933,AAPL
2011-06-28,47.66,48.1,47.63,47.89,73574907,AAPL
2011-06-29,48.01,48.05,47.41,47.72,88179070,AAPL
2011-06-30,47.81,48.02,47.55,47.95,80807391,AAPL
2011-07-01,47.99,49.07,47.74,49.04,108828209,AAPL
2011-07-05,49.0,49.98,48.93,49.92,88818618,AAPL
2011-07-06,49.85,50.59,49.53,50.25,111156241,AAPL
2011-07-07,50.67,51.14,50.57,51.03,99915319,AAPL
2011-07-08,50.48,51.43,50.31,51.39,122481639,AAPL
2011-07-11,50.91,51.4,50.4,50.57,110713974,AAPL
2011-07-12,50.5,51.1,49.8,50.54,112901691,AAPL
2011-07-13,51.19,51.43,50.91,51.15,97909518,AAPL
2011-07-14,51.57,51.66,50.91,51.11,107633155,AAPL
2011-07-15,51.6,52.14,51.31,52.13,121116338,AAPL
2011-07-18,52.2,53.52,52.18,53.4,143157623,AAPL
2011-07-19,54.0,54.09,53.33,53.84,204786344,AAPL
2011-07-20,56.59,56.61,55.14,55.27,235331712,AAPL
2011-07-21,55.28,55.72,54.84,55.33,131629036,AAPL
2011-07-22,55.47,56.44,55.39,56.19,129181885,AAPL
2011-07-25,55.76,57.14,55.66,56.93,147451094,AAPL
2011-07-26,57.14,57.79,57.1,57.63,119145026,AAPL
2011-07-27,57.23,57.52,56.02,56.08,164830470,AAPL
2011-07-28,55.95,56.71,55.45,55.97,148506092,AAPL
2011-07-29,55.38,56.45,54.86,55.78,158145890,AAPL
2011-08-01,56.83,57.07,56.05,56.68,153207957,AAPL
2011-08-02,56.81,56.13,54.61,55.46,250968788,AAPL
2011-08-03,55.46,56.22,54.61,56.08,183125796,AAPL
2011-08-04,55.63,55.9,53.91,53.91,217851424,AAPL
2011-08-05,54.35,54.79,51.8,53.37,301140350,AAPL
2011-08-08,51.67,52.54,50.43,50.46,285951204,AAPL
2011-08-09,51.61,53.52,50.71,53.43,270645704,AAPL
2011-08-10,53.02,53.52,51.79,51.96,219662296,AAPL
2011-08-11,52.93,53.64,52.1,53.39,185491110,AAPL
2011-08-12,54.0,54.23,53.46,53.86,132243405,AAPL
2011-08-15,54.23,55.0,54.01,54.77,115135468,AAPL
2011-08-16,54.5,54.77,53.72,54.35,124722122,AAPL
2011-08-17,54.62,54.93,54.0,54.35,110514943,AAPL
2011-08-18,52.98,53.24,51.62,52.29,212858289,AAPL
2011-08-19,51.74,52.43,50.86,50.86,193970546,AAPL
2011-08-22,52.07,52.13,50.73,50.92,133826210,AAPL
2011-08-23,51.47,53.38,51.0,53.37,164208576,AAPL
2011-08-24,53.35,54.14,52.94,53.74,156566907,AAPL
2011-08-25,52.15,53.64,52.14,53.39,217825076,AAPL
2011-08-26,53.02,54.83,52.97,54.8,160368761,AAPL
2011-08-29,55.45,55.93,55.43,55.71,101313149,AAPL
2011-08-30,55.46,55.98,55.17,55.71,104480264,AAPL
2011-08-31,55.8,56.01,54.55,54.98,130688894,AAPL
2011-09-01,55.12,55.33,54.39,54.43,85930705,AAPL
2011-09-02,53.53,54.0,53.12,53.44,109791514,AAPL
2011-09-06,52.48,54.33,52.35,54.25,127424129,AAPL
2011-09-07,55.08,55.09,54.57,54.85,87643794,AAPL
2011-09-08,54.63,55.52,54.62,54.88,104039460,AAPL
2011-09-09,54.85,55.14,53.57,53.93,141269408,AAPL
2011-09-12,53.29,54.41,53.13,54.28,116957988,AAPL
2011-09-13,54.59,55.17,54.32,54.95,110184487,AAPL
2011-09-14,55.29,56.03,55.11,55.61,133680848,AAPL
2011-09-15,55.92,56.24,55.7,56.14,104454581,AAPL
2011-09-16,56.51,57.22,56.43,57.21,174622161,AAPL
2011-09-19,56.71,59.03,56.46,58.8,205964780,AAPL
2011-09-20,59.32,60.41,58.74,59.06,193937289,AAPL
2011-09-21,59.95,60.23,58.86,58.88,151493755,AAPL
2011-09-22,57.29,58.55,56.67,57.4,242120137,AAPL
2011-09-23,57.18,58.11,57.12,57.76,136620610,AAPL
2011-09-26,57.12,57.71,55.9,57.6,203218862,AAPL
2011-09-27,58.39,58.46,56.87,57.04,158124372,AAPL
2011-09-28,57.17,57.68,56.64,56.72,107463181,AAPL
2011-09-29,57.42,57.46,55.17,55.8,162841147,AAPL
2011-09-30,55.3,55.56,54.45,54.47,137059223,AAPL
2011-10-03,54.34,54.66,53.31,53.51,167269011,AAPL
2011-10-04,53.51,54.54,50.61,53.21,308418887,AAPL
2011-10-05,52.55,54.26,51.47,54.04,196617358,AAPL
2011-10-06,53.33,54.97,53.11,53.91,203145054,AAPL
2011-10-07,53.68,53.96,52.64,52.83,133904162,AAPL
2011-10-10,54.16,55.54,54.03,55.54,110628287,AAPL
2011-10-11,56.08,57.6,55.93,57.18,151420465,AAPL
2011-10-12,58.19,58.46,57.16,57.46,155570982,AAPL
2011-10-13,57.85,58.35,57.55,58.35,106545775,AAPL
2011-10-14,59.55,60.29,59.32,60.29,143341730,AAPL
2011-10-17,60.25,60.96,59.42,60.0,171510696,AAPL
2011-10-18,60.25,60.69,59.43,60.32,220400096,AAPL
2011-10-19,57.34,58.35,56.83,56.95,275998093,AAPL
2011-10-20,57.14,57.19,56.32,56.47,137382294,AAPL
2011-10-21,56.87,57.02,55.82,56.12,155310512,AAPL
2011-10-24,56.6,58.07,56.49,57.97,125589044,AAPL
2011-10-25,57.86,58.08,56.77,56.82,107650200,AAPL
2011-10-26,57.39,57.51,56.16,57.23,114074982,AAPL
2011-10-27,58.22,58.43,57.41,57.81,123713317,AAPL
2011-10-28,57.57,58.05,57.5,57.85,80709748,AAPL
2011-10-31,57.49,58.48,57.29,57.83,96406303,AAPL
2011-11-01,56.77,57.07,56.17,56.64,132946877,AAPL
2011-11-02,57.16,57.21,56.44,56.77,82063667,AAPL
2011-11-03,57.01,57.63,56.48,57.58,110381075,AAPL
2011-11-04,57.43,57.63,57.02,57.18,75556992,AAPL
2011-11-07,57.13,57.14,56.59,57.1,67565799,AAPL
2011-11-08,57.46,58.29,57.37,58.03,100109842,AAPL
2011-11-09,56.71,57.27,56.32,56.47,139670930,AAPL
2011-11-10,56.72,56.74,54.59,55.03,186245269,AAPL
2011-11-11,55.23,55.53,54.32,54.95,163446017,AAPL
2011-11-14,54.79,55.04,54.03,54.18,108265507,AAPL
2011-11-15,54.4,55.64,54.21,55.55,107744812,AAPL
2011-11-16,55.61,55.88,54.9,54.97,87302012,AAPL
2011-11-17,54.85,54.94,53.64,53.92,120030148,AAPL
2011-11-18,54.13,54.28,53.55,53.56,93018765,AAPL
2011-11-21,52.91,53.1,52.27,52.72,112050589,AAPL
2011-11-22,53.0,53.99,52.99,53.79,102324341,AAPL
2011-11-23,53.5,53.69,52.41,52.43,107160445,AAPL
2011-11-25,52.63,53.02,51.9,51.94,63689801,AAPL
2011-11-28,53.19,53.82,52.9,53.73,86660854,AAPL
2011-11-29,53.69,54.12,52.89,53.31,94007858,AAPL
2011-11-30,54.47,54.61,54.04,54.6,101516702,AAPL
2011-12-01,54.65,55.57,54.39,55.42,96794838,AAPL
2011-12-02,55.69,56.23,55.51,55.67,94818290,AAPL
2011-12-05,56.21,56.63,55.77,56.14,89342127,AAPL
2011-12-06,56.07,56.38,55.63,55.85,70951013,AAPL
2011-12-07,55.7,55.85,55.25,55.58,76249929,AAPL
2011-12-08,55.92,56.5,55.75,55.81,94089051,AAPL
2011-12-09,56.12,56.29,55.86,56.23,74285785,AAPL
2011-12-12,55.95,56.27,55.64,55.98,75266366,AAPL
2011-12-13,56.14,56.49,55.3,55.54,84784203,AAPL
2011-12-14,55.24,55.34,53.95,54.31,101788680,AAPL
2011-12-15,54.76,54.82,54.04,54.13,64112125,AAPL
2011-12-16,54.34,54.88,54.22,54.43,105394401,AAPL
2011-12-19,54.64,54.98,54.35,54.6,58881914,AAPL
2011-12-20,55.39,56.59,55.32,56.56,84350728,AAPL
2011-12-21,56.67,56.76,56.0,56.64,65736678,AAPL
2011-12-22,56.71,57.02,56.59,56.94,50589112,AAPL
2011-12-23,57.1,57.66,57.07,57.62,67401964,AAPL
2011-12-27,57.59,58.44,57.57,58.08,66308613,AAPL
2011-12-28,58.13,58.32,57.33,57.52,57214227,AAPL
2011-12-29,57.63,57.95,57.22,57.87,54039041,AAPL
2011-12-30,57.64,58.04,57.64,57.86,44943710,AAPL
2012-01-03,58.49,58.93,58.43,58.75,75564699,AAPL
2012-01-04,58.57,59.24,58.47,59.06,65061108,AAPL
2012-01-05,59.28,59.79,58.95,59.72,67816805,AAPL
2012-01-06,59.97,60.39,59.89,60.34,79596412,AAPL
2012-01-09,60.79,61.11,60.19,60.25,98505792,AAPL
2012-01-10,60.84,60.86,60.21,60.46,64581762,AAPL
2012-01-11,60.38,60.41,59.9,60.36,53798059,AAPL
2012-01-12,60.33,60.41,59.82,60.2,53180911,AAPL
2012-01-13,59.96,60.06,59.81,59.97,56539749,AAPL
2012-01-17,60.6,60.86,60.42,60.67,60724055,AAPL
2012-01-18,60.99,61.35,60.9,61.3,69197758,AAPL
2012-01-19,61.45,61.62,60.93,61.11,65434453,AAPL
2012-01-20,61.07,61.07,59.96,60.04,103492249,AAPL
2012-01-23,60.38,61.21,60.33,61.06,76515446,AAPL
2012-01-24,60.73,60.73,59.94,60.06,136909311,AAPL
2012-01-25,64.92,64.92,63.39,63.81,239565837,AAPL
2012-01-26,64.05,64.11,63.31,63.52,81057711,AAPL
2012-01-27,63.48,64.07,63.4,63.9,74971631,AAPL
2012-01-30,63.67,64.84,63.63,64.72,94832073,AAPL
2012-01-31,65.08,65.46,64.72,65.21,97977985,AAPL
2012-02-01,65.49,65.57,65.08,65.17,67510562,AAPL
2012-02-02,65.13,65.31,64.85,65.02,46698547,AAPL
2012-02-03,65.33,65.71,65.08,65.67,71717009,AAPL
2012-02-06,65.48,66.43,65.46,66.28,62420596,AAPL
2012-02-07,66.46,67.11,66.37,66.98,79055263,AAPL
2012-02-08,67.21,68.11,67.1,68.1,101969280,AAPL
2012-02-09,68.68,70.96,68.65,70.45,221053602,AAPL
2012-02-10,70.14,71.09,69.79,70.49,157824975,AAPL
2012-02-13,71.36,71.98,71.01,71.8,129301606,AAPL
2012-02-14,72.09,72.79,71.71,72.78,115483011,AAPL
2012-02-15,73.47,75.18,70.98,71.1,376528040,AAPL
2012-02-16,70.21,72.13,69.52,71.74,236137405,AAPL
2012-02-17,71.87,72.54,71.47,71.73,133947191,AAPL
2012-02-21,72.41,73.55,72.02,73.55,151396399,AAPL
2012-02-22,73.3,73.64,72.72,73.29,120823808,AAPL
2012-02-23,73.58,73.98,72.79,73.77,142006312,AAPL
2012-02-24,74.24,74.7,74.09,74.63,103819905,AAPL
2012-02-27,74.47,75.5,73.75,75.11,136895304,AAPL
2012-02-28,75.42,76.49,75.12,76.49,150096478,AAPL
2012-02-29,77.37,78.23,76.53,77.49,238000378,AAPL
2012-03-01,78.31,78.32,76.97,77.78,170813188,AAPL
2012-03-02,77.75,78.11,77.5,77.88,107927589,AAPL
2012-03-05,77.92,78.21,75.14,76.17,202280183,AAPL
2012-03-06,74.81,76.24,73.75,75.75,202559651,AAPL
2012-03-07,76.69,76.83,74.76,75.81,199629549,AAPL
2012-03-08,76.38,77.57,76.02,77.43,129110723,AAPL
2012-03-09,77.74,78.25,77.59,77.88,104724732,AAPL
2012-03-12,78.43,78.86,78.14,78.86,101820019,AAPL
2012-03-13,79.65,81.17,79.39,81.16,172712659,AAPL
2012-03-14,82.58,84.96,82.2,84.23,354709747,AAPL
2012-03-15,85.66,85.72,82.65,83.65,289917768,AAPL
2012-03-16,83.53,84.17,82.57,83.65,206371879,AAPL
2012-03-19,85.48,85.97,84.15,85.87,225308790,AAPL
2012-03-20,85.64,86.7,83.14,86.57,204167033,AAPL
2012-03-21,86.11,87.09,85.92,86.07,161010374,AAPL
2012-03-22,85.4,86.36,85.08,85.62,156032898,AAPL
2012-03-23,85.78,85.97,84.91,85.15,107621815,AAPL
2012-03-26,85.68,86.74,85.04,86.71,148934219,AAPL
2012-03-27,86.6,88.04,86.58,87.78,151782141,AAPL
2012-03-28,88.34,88.78,87.19,88.23,163864869,AAPL
2012-03-29,87.54,88.08,86.75,87.12,152059432,AAPL
2012-03-30,86.97,87.22,85.42,85.65,182759395,AAPL
2012-04-02,85.98,88.4,85.77,88.38,149586458,AAPL
2012-04-03,89.61,90.32,88.93,89.9,208638360,AAPL
2012-04-04,89.19,89.41,88.14,89.19,143245095,AAPL
2012-04-05,89.57,90.67,89.06,90.53,160318858,AAPL
2012-04-09,89.45,91.41,89.33,90.89,149384046,AAPL
2012-04-10,91.42,92.0,89.43,89.78,222422452,AAPL
2012-04-11,90.89,90.98,89.05,89.46,174152769,AAPL
2012-04-12,89.29,90.19,88.64,88.97,153582163,AAPL
2012-04-13,89.16,89.24,86.22,86.46,214911067,AAPL
2012-04-16,87.15,87.18,82.61,82.88,262696056,AAPL
2012-04-17,82.71,87.14,81.7,87.1,256371472,AAPL
2012-04-18,87.67,88.61,86.1,86.91,238632471,AAPL
2012-04-19,85.75,86.39,83.5,83.92,208678365,AAPL
2012-04-20,84.48,84.95,81.49,81.85,257743808,AAPL
2012-04-23,81.52,82.38,79.52,81.67,241629479,AAPL
2012-04-24,80.37,81.1,79.29,80.04,269099838,AAPL
2012-04-25,87.95,88.29,86.57,87.14,226427670,AAPL
2012-04-26,87.75,87.81,86.02,86.81,134016274,AAPL
2012-04-27,86.44,86.6,85.79,86.14,101692500,AAPL
2012-04-30,85.4,85.49,83.29,83.43,126535038,AAPL
2012-05-01,83.56,85.25,83.03,83.16,152749513,AAPL
2012-05-02,82.89,83.91,82.69,83.71,106906016,AAPL
2012-05-03,84.36,84.49,82.9,83.12,97637057,AAPL
2012-05-04,82.44,82.62,80.74,80.75,132497421,AAPL
2012-05-07,80.21,81.82,80.18,81.35,115073217,AAPL
2012-05-08,81.37,81.64,79.82,81.17,124312720,AAPL
2012-05-09,80.53,82.0,80.12,81.31,120175923,AAPL
2012-05-10,82.08,82.27,81.21,81.5,83317752,AAPL
2012-05-11,80.71,82.07,80.62,80.96,99886332,AAPL
2012-05-14,80.37,81.07,79.66,79.75,88156103,AAPL
2012-05-15,80.21,80.46,78.82,79.02,119076678,AAPL
2012-05-16,79.15,79.56,77.29,78.01,140223874,AAPL
2012-05-17,77.9,78.21,75.73,75.73,179304713,AAPL
2012-05-18,76.28,77.63,74.6,75.77,183072463,AAPL
2012-05-21,76.36,80.22,76.29,80.18,157772790,AAPL
2012-05-22,81.36,81.98,78.94,79.57,173696754,AAPL
2012-05-23,79.64,81.83,79.03,81.51,146224365,AAPL
2012-05-24,82.27,82.36,80.18,80.76,124049506,AAPL
2012-05-25,80.66,80.84,79.78,80.33,82116552,AAPL
2012-05-29,81.56,82.0,80.76,81.75,95126346,AAPL
2012-05-30,81.31,82.86,80.94,82.74,132355209,AAPL
2012-05-31,82.96,83.07,81.64,82.53,122977603,AAPL
2012-06-01,81.31,81.81,80.07,80.14,130245094,AAPL
2012-06-04,80.21,81.07,78.36,80.61,139247129,AAPL
2012-06-05,80.18,80.92,79.76,80.4,97053376,AAPL
2012-06-06,81.11,81.98,80.79,81.64,100362262,AAPL
2012-06-07,82.47,82.47,81.5,81.67,94993164,AAPL
2012-06-08,81.66,82.94,81.29,82.9,86872870,AAPL
2012-06-11,83.96,84.07,81.52,81.6,147815696,AAPL
2012-06-12,82.07,82.37,80.96,82.31,108894961,AAPL
2012-06-13,82.07,82.64,81.48,81.74,73443230,AAPL
2012-06-14,81.61,81.93,81.04,81.65,86460283,AAPL
2012-06-15,81.57,82.09,81.36,82.02,83813380,AAPL
2012-06-18,81.57,83.98,81.48,83.68,110102790,AAPL
2012-06-19,83.34,84.29,83.3,83.92,90350932,AAPL
2012-06-20,84.03,84.18,82.97,83.68,89789644,AAPL
2012-06-21,83.63,84.03,82.49,82.52,81626258,AAPL
2012-06-22,82.72,83.17,82.2,83.16,71186311,AAPL
2012-06-25,82.47,82.83,81.48,81.54,76088656,AAPL
2012-06-26,81.62,82.07,81.05,81.72,69187503,AAPL
2012-06-27,82.14,82.39,81.7,82.07,50764770,AAPL
2012-06-28,81.67,82.0,80.8,81.29,70760543,AAPL
2012-06-29,82.57,83.43,82.04,83.43,105360031,AAPL
2012-07-02,83.53,84.78,83.37,84.65,100022776,AAPL
2012-07-03,84.98,85.71,84.86,85.63,60428165,AAPL
2012-07-05,85.79,87.76,85.66,87.13,121095121,AAPL
2012-07-06,86.73,86.92,85.94,86.55,104757156,AAPL
2012-07-09,86.47,87.7,86.3,87.7,94850224,AAPL
2012-07-10,88.28,88.55,86.47,86.89,127989407,AAPL
2012-07-11,86.59,86.81,85.32,86.35,117329366,AAPL
2012-07-12,85.75,86.21,84.67,85.56,106997163,AAPL
2012-07-13,86.14,86.74,85.71,86.42,77904449,AAPL
2012-07-16,86.45,87.37,86.43,86.7,75326342,AAPL
2012-07-17,87.26,87.36,86.16,86.71,73453037,AAPL
2012-07-18,86.66,86.91,86.22,86.61,63174888,AAPL
2012-07-19,87.33,87.91,86.57,87.76,109214567,AAPL
2012-07-20,87.58,87.78,86.24,86.33,99367450,AAPL
2012-07-23,84.91,86.56,83.96,86.26,121993795,AAPL
2012-07-24,86.77,87.1,85.5,85.85,141283044,AAPL
2012-07-25,82.07,82.97,81.43,82.14,219314368,AAPL
2012-07-26,82.82,82.91,81.48,82.13,101702580,AAPL
2012-07-27,82.14,83.69,81.66,83.59,101013241,AAPL
2012-07-30,84.42,85.63,83.97,85.0,94784970,AAPL
2012-07-31,86.18,87.39,86.1,87.25,115581676,AAPL
2012-08-01,87.99,88.06,86.14,86.69,96124742,AAPL
2012-08-02,86.12,87.24,85.75,86.83,83062203,AAPL
2012-08-03,87.66,88.28,87.37,87.96,86228604,AAPL
2012-08-06,88.18,89.27,87.89,88.94,75580008,AAPL
2012-08-07,88.97,89.29,88.29,88.7,72627492,AAPL
2012-08-08,88.48,89.13,88.16,88.55,61176080,AAPL
2012-08-09,88.26,88.82,88.26,88.68,55452586,AAPL
2012-08-10,88.39,88.82,88.39,88.81,48765045,AAPL
2012-08-13,89.06,90.0,89.04,90.0,69707463,AAPL
2012-08-14,90.27,91.23,90.03,90.24,85041824,AAPL
2012-08-15,90.19,90.57,89.68,90.12,64377278,AAPL
2012-08-16,90.17,90.97,90.07,90.91,63694204,AAPL
2012-08-17,91.43,92.6,91.26,92.59,110689894,AAPL
2012-08-20,92.86,95.02,92.84,95.02,153345689,AAPL
2012-08-21,95.83,96.41,92.9,93.72,203176260,AAPL
2012-08-22,93.49,95.57,92.59,95.55,141330637,AAPL
2012-08-23,95.16,95.7,94.45,94.66,105029568,AAPL
2012-08-24,94.22,95.64,93.65,94.75,109334113,AAPL
2012-08-27,97.14,97.27,96.22,96.53,106728601,AAPL
2012-08-28,96.43,96.59,95.81,96.4,66844323,AAPL
2012-08-29,96.46,96.81,96.09,96.21,50701084,AAPL
2012-08-30,95.81,95.94,94.69,94.84,75672793,AAPL
2012-08-31,95.32,95.51,93.89,95.03,84579607,AAPL
2012-09-04,95.11,96.45,94.93,96.42,91972629,AAPL
2012-09-05,96.51,96.62,95.66,95.75,84090475,AAPL
2012-09-06,96.17,96.9,95.83,96.61,97845664,AAPL
2012-09-07,96.86,97.5,96.54,97.21,82416145,AAPL
2012-09-10,97.21,97.61,94.59,94.68,121998898,AAPL
2012-09-11,95.02,95.73,93.79,94.37,125984852,AAPL
2012-09-12,95.26,95.7,93.71,95.68,178054492,AAPL
2012-09-13,96.77,97.93,96.4,97.57,149589629,AAPL
2012-09-14,98.56,99.57,98.27,98.75,150118311,AAPL
2012-09-17,99.91,99.97,99.23,99.97,99507499,AAPL
2012-09-18,99.98,100.33,99.49,100.27,93375667,AAPL
2012-09-19,100.04,100.57,99.94,100.3,81715004,AAPL
2012-09-20,99.88,100.01,99.09,99.81,84141932,AAPL
2012-09-21,100.34,100.72,99.91,100.01,142897076,AAPL
2012-09-24,98.12,99.3,97.57,98.68,159936196,AAPL
2012-09-25,98.32,98.97,96.14,96.22,129690449,AAPL
2012-09-26,95.53,96.1,94.46,95.03,144175906,AAPL
2012-09-27,94.9,97.45,94.34,97.33,148522031,AAPL
2012-09-28,96.96,97.3,95.25,95.3,133777077,AAPL
2012-10-01,95.88,96.68,93.79,94.2,135895921,AAPL
2012-10-02,94.54,95.19,92.95,94.47,156997638,AAPL
2012-10-03,94.98,95.98,94.66,95.92,106069719,AAPL
2012-10-04,95.89,96.32,95.08,95.26,92688813,AAPL
2012-10-05,95.03,95.14,93.04,93.23,148501108,AAPL
2012-10-08,92.41,92.51,90.87,91.17,159494867,AAPL
2012-10-09,91.24,91.5,89.08,90.84,209648887,AAPL
2012-10-10,91.39,92.14,91.0,91.56,127588930,AAPL
2012-10-11,92.4,92.5,89.7,89.7,136520097,AAPL
2012-10-12,89.94,90.77,89.33,89.96,115003665,AAPL
2012-10-15,90.34,90.73,89.12,90.68,108124961,AAPL
2012-10-16,90.77,92.9,90.14,92.83,137442816,AAPL
2012-10-17,92.7,93.26,92.0,92.09,97327643,AAPL
2012-10-18,91.37,91.72,90.0,90.38,119155512,AAPL
2012-10-19,90.15,90.25,87.09,87.12,186021017,AAPL
2012-10-22,87.49,90.77,87.25,90.58,136682392,AAPL
2012-10-23,90.14,90.56,87.39,87.62,176786197,AAPL
2012-10-24,88.78,89.51,87.23,88.12,139631772,AAPL
2012-10-25,88.57,88.86,86.51,87.08,164081393,AAPL
2012-10-26,87.06,87.71,84.43,86.29,254605834,AAPL
2012-10-31,84.98,85.99,83.96,85.05,127500471,AAPL
2012-11-01,85.46,86.14,84.88,85.22,90361922,AAPL
2012-11-02,85.13,85.28,82.11,82.4,149843064,AAPL
2012-11-05,83.36,83.97,82.51,83.52,132321224,AAPL
2012-11-06,84.32,84.39,82.87,83.26,93729041,AAPL
2012-11-07,81.98,82.08,79.39,79.71,198412186,AAPL
2012-11-08,80.09,80.32,76.47,76.82,264036339,AAPL
2012-11-09,77.2,79.27,76.25,78.15,232476496,AAPL
2012-11-12,79.16,79.21,76.95,77.55,128950479,AAPL
2012-11-13,76.99,78.64,76.62,77.56,133302610,AAPL
2012-11-14,77.93,78.21,76.6,76.7,119291977,AAPL
2012-11-15,76.79,77.07,74.66,75.09,197477385,AAPL
2012-11-16,75.03,75.71,72.25,75.38,316722763,AAPL
2012-11-19,77.24,81.07,77.13,80.82,205792965,AAPL
2012-11-20,81.7,81.71,79.23,80.13,160687856,AAPL
2012-11-21,80.61,81.05,79.51,80.24,93306759,AAPL
2012-11-23,81.02,81.71,80.37,81.64,68206579,AAPL
2012-11-26,82.27,84.29,81.96,84.22,157644431,AAPL
2012-11-27,84.22,84.35,82.87,83.54,133328454,AAPL
2012-11-28,82.47,83.69,81.75,83.28,130264981,AAPL
2012-11-29,84.32,84.89,83.61,84.19,128674525,AAPL
2012-11-30,83.83,84.06,83.24,83.61,97824986,AAPL
2012-12-03,84.81,84.94,83.64,83.74,91069097,AAPL
2012-12-04,83.11,83.11,81.73,82.26,139482392,AAPL
2012-12-05,81.27,81.32,76.97,76.97,261159353,AAPL
2012-12-06,75.56,79.04,74.09,78.18,294301791,AAPL
2012-12-07,79.06,79.31,75.71,76.18,196941794,AAPL
2012-12-10,75.0,76.93,74.51,75.69,157620575,AAPL
2012-12-11,77.11,78.51,76.77,77.34,148085903,AAPL
2012-12-12,78.25,78.29,76.61,77.0,121783130,AAPL
2012-12-13,75.88,76.81,75.11,75.67,156314627,AAPL
2012-12-14,73.54,74.02,72.23,72.83,252394499,AAPL
2012-12-17,72.7,74.29,71.6,74.12,189736022,AAPL
2012-12-18,75.0,76.41,74.32,76.27,156417023,AAPL
2012-12-19,75.92,76.24,75.07,75.19,112340424,AAPL
2012-12-20,75.71,75.74,74.13,74.53,120421798,AAPL
2012-12-21,73.21,74.24,72.89,74.19,149129554,AAPL
2012-12-24,74.34,74.89,74.1,74.31,43936977,AAPL
2012-12-26,74.14,74.21,73.02,73.29,75609030,AAPL
2012-12-27,73.36,73.75,72.09,73.58,113779680,AAPL
2012-12-28,72.9,73.5,72.59,72.8,88569243,AAPL
2012-12-31,72.93,76.49,72.71,76.02,164872785,AAPL
2013-01-02,79.12,79.29,77.38,78.43,140124866,AAPL
2013-01-03,78.27,78.52,77.29,77.44,88240950,AAPL
2013-01-04,76.71,76.95,75.12,75.29,148581860,AAPL
2013-01-07,74.6,75.6,73.6,74.8,121038176,AAPL
2013-01-08,75.6,75.98,74.46,75.04,114676751,AAPL
2013-01-09,74.64,75.0,73.71,73.87,101899959,AAPL
2013-01-10,75.51,75.53,73.65,74.79,150285296,AAPL
2013-01-11,74.43,75.05,74.15,74.33,87688741,AAPL
2013-01-14,71.81,72.5,71.22,71.68,183544396,AAPL
2013-01-15,71.19,71.28,69.05,69.42,219192932,AAPL
2013-01-16,70.66,72.78,70.36,72.3,172700045,AAPL
2013-01-17,72.9,72.96,71.72,71.81,113412579,AAPL
2013-01-18,71.22,71.75,70.91,71.43,118287267,AAPL
2013-01-22,72.08,72.55,70.95,72.11,115386173,AAPL
2013-01-23,72.69,73.57,72.11,73.43,215375853,AAPL
2013-01-24,65.71,66.53,64.32,64.36,365212953,AAPL
2013-01-25,64.53,65.18,62.14,62.84,301993503,AAPL
2013-01-28,62.55,64.74,62.27,64.26,196378931,AAPL
2013-01-29,65.5,65.74,64.59,65.47,142768017,AAPL
2013-01-30,65.29,66.09,64.93,65.26,104288317,AAPL
2013-01-31,65.28,65.61,65.0,65.07,79833215,AAPL
2013-02-01,65.59,65.64,64.05,64.8,134867089,AAPL
2013-02-04,64.84,65.13,63.14,63.19,119278754,AAPL
2013-02-05,63.44,65.68,63.17,65.41,143336536,AAPL
2013-02-06,65.21,66.64,64.65,65.34,148426012,AAPL
2013-02-07,66.18,67.14,64.87,66.89,176145074,AAPL
2013-02-08,67.71,68.4,66.89,67.85,158288984,AAPL
2013-02-11,68.07,69.28,67.61,68.56,129358516,AAPL
2013-02-12,68.5,68.91,66.82,66.84,152262712,AAPL
2013-02-13,66.74,67.66,66.17,66.72,118801221,AAPL
2013-02-14,66.36,67.38,66.29,66.66,88876501,AAPL
2013-02-15,66.98,67.17,65.7,65.74,97981177,AAPL
2013-02-19,65.87,66.1,64.84,65.71,108944213,AAPL
2013-02-20,65.38,65.38,64.11,64.12,119074886,AAPL
2013-02-21,63.71,64.17,63.26,63.72,111795180,AAPL
2013-02-22,64.18,64.51,63.8,64.4,82663644,AAPL
2013-02-25,64.84,65.02,63.22,63.26,93144464,AAPL
2013-02-26,63.4,64.51,62.52,64.14,125374074,AAPL
2013-02-27,64.06,64.63,62.95,63.51,146836928,AAPL
2013-02-28,63.44,63.98,63.06,63.06,80628737,AAPL
2013-03-01,62.57,62.6,61.43,61.5,138111792,AAPL
2013-03-04,61.11,61.17,59.86,60.01,145684399,AAPL
2013-03-05,60.21,62.17,60.11,61.59,159607042,AAPL
2013-03-06,62.07,62.18,60.63,60.81,115062269,AAPL
2013-03-07,60.64,61.72,60.15,61.51,117117826,AAPL
2013-03-08,61.4,62.2,61.23,61.67,97898983,AAPL
2013-03-11,61.39,62.72,60.73,62.55,118558356,AAPL
2013-03-12,62.23,62.7,61.08,61.2,116477473,AAPL
2013-03-13,61.21,62.07,60.77,61.19,101454192,AAPL
2013-03-14,61.83,62.09,61.49,61.79,75968746,AAPL
2013-03-15,62.56,63.46,62.46,63.38,160989787,AAPL
2013-03-18,63.06,65.35,63.03,65.1,151549090,AAPL
2013-03-19,65.64,65.85,64.07,64.93,131693310,AAPL
2013-03-20,65.35,65.38,64.23,64.58,77165158,AAPL
2013-03-21,64.32,65.43,64.3,64.68,95813410,AAPL
2013-03-22,64.94,66.01,64.73,65.99,98776111,AAPL
2013-03-25,66.38,67.14,65.97,66.23,125283438,AAPL
2013-03-26,66.49,66.55,65.79,65.88,73573423,AAPL
2013-03-27,65.21,65.26,64.39,64.58,82852294,AAPL
2013-03-28,64.26,64.55,63.09,63.24,110745586,AAPL
2013-04-01,63.13,63.38,61.11,61.27,97432489,AAPL
2013-04-02,61.09,62.59,60.91,61.4,132443234,AAPL
2013-04-03,61.62,62.47,61.47,61.71,90803727,AAPL
2013-04-04,61.97,62.14,60.75,61.1,89664638,AAPL
2013-04-05,60.64,60.71,59.95,60.46,95923478,AAPL
2013-04-08,60.69,61.07,60.36,60.89,75264742,AAPL
2013-04-09,60.91,61.21,60.39,61.0,76688115,AAPL
2013-04-10,61.16,62.44,60.86,62.24,93981748,AAPL
2013-04-11,61.96,62.57,61.6,62.05,82154093,AAPL
2013-04-12,62.02,62.02,61.3,61.4,59681279,AAPL
2013-04-15,61.0,61.13,59.94,59.98,79379706,AAPL
2013-04-16,60.22,60.94,60.08,60.89,76442758,AAPL
2013-04-17,60.04,60.09,56.87,57.54,236263461,AAPL
2013-04-18,57.86,57.97,55.68,56.01,166574163,AAPL
2013-04-19,55.42,57.09,55.01,55.79,152318201,AAPL
2013-04-22,56.09,57.46,55.9,56.95,107479442,AAPL
2013-04-23,57.71,58.34,56.97,58.02,166058949,AAPL
2013-04-24,56.22,59.32,56.07,57.92,242458391,AAPL
2013-04-25,58.75,59.13,58.14,58.34,96209155,AAPL
2013-04-26,58.54,59.82,58.32,59.6,191068990,AAPL
2013-04-29,60.06,61.94,60.0,61.45,160081110,AAPL
2013-04-30,62.16,63.61,61.72,63.25,172884362,AAPL
2013-05-01,63.49,63.56,62.06,62.76,126788697,AAPL
2013-05-02,63.11,64.08,62.95,63.65,105506184,AAPL
2013-05-03,64.47,64.75,64.16,64.28,90381788,AAPL
2013-05-06,65.1,66.03,64.9,65.82,124160162,AAPL
2013-05-07,66.42,66.54,64.81,65.52,120938076,AAPL
2013-05-08,65.58,66.48,65.12,66.26,118149038,AAPL
2013-05-09,65.69,66.14,65.08,65.25,99687476,AAPL
2013-05-10,65.42,65.67,64.35,64.71,83712482,AAPL
2013-05-13,64.5,65.41,64.5,64.96,79277310,AAPL
2013-05-14,64.84,65.03,63.16,63.41,111778940,AAPL
2013-05-15,62.74,63.0,60.34,61.26,185403085,AAPL
2013-05-16,60.46,62.55,59.84,62.08,150866478,AAPL
2013-05-17,62.72,62.87,61.57,61.89,107019829,AAPL
2013-05-20,61.7,63.69,61.44,63.28,112893984,AAPL
2013-05-21,62.59,63.64,62.03,62.81,114074240,AAPL
2013-05-22,63.44,64.05,62.6,63.05,110814858,AAPL
2013-05-23,62.28,63.74,62.26,63.16,88345236,AAPL
2013-05-24,62.98,63.67,62.91,63.59,69106639,AAPL
2013-05-28,64.27,64.44,62.98,63.06,96536188,AAPL
2013-05-29,62.86,63.93,62.77,63.56,82695669,AAPL
2013-05-30,63.66,64.93,63.5,64.51,88428648,AAPL
2013-05-31,64.64,65.3,64.21,64.25,96075042,AAPL
2013-06-03,63.97,64.62,63.21,64.39,93087841,AAPL
2013-06-04,64.75,64.92,63.91,64.19,73181521,AAPL
2013-06-05,63.66,64.39,63.39,63.59,72647337,AAPL
2013-06-06,63.64,63.86,62.01,62.64,104268458,AAPL
2013-06-07,62.36,63.32,61.82,63.12,101185686,AAPL
2013-06-10,63.53,64.15,62.4,62.7,112589043,AAPL
2013-06-11,62.25,63.25,61.9,62.51,71426348,AAPL
2013-06-12,62.79,63.04,61.64,61.74,66356668,AAPL
2013-06-13,61.79,62.45,61.25,62.28,71528086,AAPL
2013-06-14,62.2,62.33,61.21,61.44,65672880,AAPL
2013-06-17,61.63,62.24,61.48,61.71,64860453,AAPL
2013-06-18,61.65,62.13,61.46,61.68,48790448,AAPL
2013-06-19,61.63,61.67,60.43,60.43,77757785,AAPL
2013-06-20,59.9,60.85,59.31,59.55,89374558,AAPL
2013-06-21,59.78,60.0,58.3,59.07,120297338,AAPL
2013-06-24,58.2,58.38,56.86,57.51,120186430,AAPL
2013-06-25,57.96,58.26,56.98,57.52,78584786,AAPL
2013-06-26,57.7,57.83,56.52,56.87,91986573,AAPL
2013-06-27,57.04,57.34,56.22,56.25,84350049,AAPL
2013-06-28,55.91,57.18,55.55,56.65,144659417,AAPL
2013-07-01,57.53,58.9,57.32,58.46,97793045,AAPL
2013-07-02,58.57,60.23,58.5,59.78,117521579,AAPL
2013-07-03,60.12,60.43,59.64,60.11,60232158,AAPL
2013-07-05,60.06,60.47,59.34,59.63,68520760,AAPL
2013-07-08,60.02,60.14,58.66,59.29,74578420,AAPL
2013-07-09,59.09,60.5,58.63,60.34,88172238,AAPL
2013-07-10,59.94,60.69,59.75,60.1,70350819,AAPL
2013-07-11,60.42,61.18,60.17,61.04,81618964,AAPL
2013-07-12,61.09,61.4,60.49,60.93,69910463,AAPL
2013-07-15,60.72,61.64,60.69,61.06,60543105,AAPL
2013-07-16,60.93,61.53,60.6,61.46,54134367,AAPL
2013-07-17,61.39,61.75,61.17,61.47,49764064,AAPL
2013-07-18,61.91,62.12,61.52,61.68,54760818,AAPL
2013-07-19,61.87,62.0,60.62,60.71,67194715,AAPL
2013-07-22,61.35,61.39,60.78,60.9,51997596,AAPL
2013-07-23,60.86,60.99,59.82,59.86,92348403,AAPL
2013-07-24,62.7,63.51,62.18,62.93,148013824,AAPL
2013-07-25,62.96,63.06,62.26,62.64,57420636,AAPL
2013-07-26,62.19,63.01,62.05,63.0,50068753,AAPL
2013-07-29,62.97,64.28,62.89,63.97,62110300,AAPL
2013-07-30,64.28,65.31,64.18,64.76,77355565,AAPL
2013-07-31,65.0,65.33,64.2,64.65,80739351,AAPL
2013-08-01,65.11,65.26,64.75,65.24,51562322,AAPL
2013-08-02,65.43,66.12,65.24,66.08,68695326,AAPL
2013-08-05,66.38,67.24,66.02,67.06,79713592,AAPL
2013-08-06,66.86,67.41,66.02,66.46,83728540,AAPL
2013-08-07,66.26,66.71,65.97,66.43,74713968,AAPL
2013-08-08,66.26,66.3,65.42,65.86,63999838,AAPL
2013-08-09,65.52,65.78,64.81,64.92,66905209,AAPL
2013-08-12,65.27,66.95,65.23,66.77,91108290,AAPL
2013-08-13,67.28,70.67,66.86,69.94,220484936,AAPL
2013-08-14,71.13,72.04,70.49,71.21,189092911,AAPL
2013-08-15,70.92,71.77,69.87,71.13,122573507,AAPL
2013-08-16,71.45,71.85,71.27,71.76,90575856,AAPL
2013-08-19,72.05,73.39,72.0,72.53,127629481,AAPL
2013-08-20,72.82,72.94,71.55,71.58,89671743,AAPL
2013-08-21,71.94,72.45,71.6,71.77,83969305,AAPL
2013-08-22,72.14,72.23,71.17,71.85,61051676,AAPL
2013-08-23,71.9,71.91,71.34,71.57,55682221,AAPL
2013-08-26,71.54,72.89,71.5,71.85,82741050,AAPL
2013-08-27,71.14,71.79,69.47,69.8,106047109,AAPL
2013-08-28,69.43,70.83,69.43,70.13,76901678,AAPL
2013-08-29,70.24,70.93,70.16,70.24,59913714,AAPL
2013-08-30,70.29,70.42,69.5,69.6,68100788,AAPL
2013-09-03,70.44,71.51,69.62,69.8,83025166,AAPL
2013-09-04,71.37,71.75,70.9,71.24,86257878,AAPL
2013-09-05,71.46,71.53,70.52,70.75,59091879,AAPL
2013-09-06,71.21,71.34,69.99,71.17,89881253,AAPL
2013-09-09,72.14,72.56,71.93,72.31,85171583,AAPL
2013-09-10,72.31,72.49,69.93,70.66,185798872,AAPL
2013-09-11,66.72,67.67,66.4,66.82,223526688,AAPL
2013-09-12,66.93,67.91,66.57,67.53,101012471,AAPL
2013-09-13,67.05,67.4,66.39,66.41,74708438,AAPL
2013-09-16,65.86,65.94,63.89,64.3,137137665,AAPL
2013-09-17,63.99,65.67,63.93,65.05,99844773,AAPL
2013-09-18,66.17,66.62,65.81,66.38,114215304,AAPL
2013-09-19,67.24,67.98,67.04,67.47,101134712,AAPL
2013-09-20,68.29,68.36,66.57,66.77,174825322,AAPL
2013-09-23,70.87,70.99,68.94,70.09,190526525,AAPL
2013-09-24,70.7,70.78,69.69,69.87,91085743,AAPL
2013-09-25,69.89,69.95,68.78,68.79,79239167,AAPL
2013-09-26,69.43,69.79,69.13,69.46,59305183,AAPL
2013-09-27,69.11,69.24,68.67,68.96,57009729,AAPL
2013-09-30,68.18,68.81,67.77,68.11,65039408,AAPL
2013-10-01,68.35,69.88,68.34,69.71,88470655,AAPL
2013-10-02,69.38,70.26,69.11,69.94,72295902,AAPL
2013-10-03,70.07,70.34,68.68,69.06,80688503,AAPL
2013-10-04,69.12,69.23,68.37,69.0,64717380,AAPL
2013-10-07,69.51,70.38,69.34,69.68,78073107,AAPL
2013-10-08,69.99,70.09,68.65,68.71,72729006,AAPL
2013-10-09,69.23,69.68,68.33,69.51,75431216,AAPL
2013-10-10,70.19,70.34,69.58,69.95,69650490,AAPL
2013-10-11,69.57,70.55,69.31,70.4,66934938,AAPL
2013-10-14,69.98,71.08,69.91,70.86,65474542,AAPL
2013-10-15,71.07,71.71,70.79,71.24,80018603,AAPL
2013-10-16,71.54,71.79,71.32,71.59,62775013,AAPL
2013-10-17,71.43,72.11,71.38,72.07,63398335,AAPL
2013-10-18,72.28,72.75,72.24,72.7,72635570,AAPL
2013-10-21,73.11,74.9,73.07,74.48,99526945,AAPL
2013-10-22,75.2,75.49,72.58,74.27,133515753,AAPL
2013-10-23,74.14,75.1,74.14,74.99,78431122,AAPL
2013-10-24,75.0,76.07,74.64,75.99,96191095,AAPL
2013-10-25,75.9,76.18,75.02,75.14,84448133,AAPL
2013-10-28,75.58,75.86,74.74,75.7,137610123,AAPL
2013-10-29,76.61,77.04,73.51,73.81,158952115,AAPL
2013-10-30,74.23,75.36,73.86,74.98,88540697,AAPL
2013-10-31,75.0,75.36,74.47,74.67,68923785,AAPL
2013-11-01,74.86,74.97,73.69,74.29,68722304,AAPL
2013-11-04,74.44,75.26,74.12,75.25,61157033,AAPL
2013-11-05,74.94,75.56,74.71,75.06,66368071,AAPL
2013-11-06,74.88,74.98,74.03,74.42,55844152,AAPL
2013-11-07,74.23,74.74,73.2,73.21,65655100,AAPL
2013-11-08,73.51,74.45,73.23,74.37,69829543,AAPL
2013-11-11,74.28,74.52,73.49,74.15,56863303,AAPL
2013-11-12,73.95,74.85,73.86,74.29,51114651,AAPL
2013-11-13,74.0,74.61,73.85,74.38,49304927,AAPL
2013-11-14,74.69,75.61,74.55,75.45,70605087,AAPL
2013-11-15,75.23,75.58,74.93,75.0,79479764,AAPL
2013-11-18,75.0,75.31,74.03,74.09,61236224,AAPL
2013-11-19,74.15,74.77,74.0,74.22,52234707,AAPL
2013-11-20,74.18,74.35,73.48,73.57,48545798,AAPL
2013-11-21,73.94,74.46,73.38,74.45,65506861,AAPL
2013-11-22,74.22,74.59,74.08,74.26,55931232,AAPL
2013-11-25,74.43,75.12,74.43,74.82,57348403,AAPL
2013-11-26,74.87,76.59,74.86,76.2,100345728,AAPL
2013-11-27,76.62,78.0,76.2,77.99,90861841,AAPL
2013-11-29,78.5,79.76,78.26,79.44,79532215,AAPL
2013-12-02,79.71,80.62,78.69,78.75,118135885,AAPL
2013-12-03,79.76,80.91,79.67,80.9,112741734,AAPL
2013-12-04,80.79,81.31,80.12,80.71,94452666,AAPL
2013-12-05,81.81,82.16,80.92,81.13,111895315,AAPL
2013-12-06,80.83,80.96,79.94,80.0,86088352,AAPL
2013-12-09,80.14,81.37,80.13,80.92,80123533,AAPL
2013-12-10,80.52,81.13,80.17,80.79,69567610,AAPL
2013-12-11,81.01,81.57,79.96,80.19,89929693,AAPL
2013-12-12,80.38,80.76,80.0,80.08,65572318,AAPL
2013-12-13,80.34,80.41,79.1,79.2,83205283,AAPL
2013-12-16,79.37,80.38,79.29,79.64,70648452,AAPL
2013-12-17,79.39,79.92,79.05,79.28,57475649,AAPL
2013-12-18,78.21,78.78,76.97,78.68,141465807,AAPL
2013-12-19,78.38,78.57,77.68,77.78,80239369,AAPL
2013-12-20,77.91,78.8,77.83,78.43,109103435,AAPL
2013-12-23,81.14,81.53,80.39,81.44,125326831,AAPL
2013-12-24,81.41,81.7,80.86,81.1,41888735,AAPL
2013-12-26,81.16,81.36,80.48,80.56,51002035,AAPL
2013-12-27,80.55,80.63,79.93,80.01,56471317,AAPL
2013-12-30,79.64,80.01,78.9,79.22,63407722,AAPL
2013-12-31,79.17,80.18,79.14,80.15,55819372,AAPL
2014-01-02,79.38,79.58,78.86,79.02,58791957,AAPL
2014-01-03,78.98,79.1,77.2,77.28,98303870,AAPL
2014-01-06,76.78,78.11,76.23,77.7,103359151,AAPL
2014-01-07,77.76,77.99,76.85,77.15,79432766,AAPL
2014-01-08,76.97,77.94,76.96,77.64,64686685,AAPL
2014-01-09,78.11,78.12,76.48,76.65,69905199,AAPL
2014-01-10,77.12,77.26,75.87,76.13,76320664,AAPL
2014-01-13,75.7,77.5,75.7,76.53,94860843,AAPL
2014-01-14,76.89,78.1,76.81,78.06,83734371,AAPL
2014-01-15,79.07,80.03,78.81,79.62,98472619,AAPL
2014-01-16,79.27,79.55,78.81,79.18,57471330,AAPL
2014-01-17,78.78,78.87,77.13,77.24,108426689,AAPL
2014-01-21,77.28,78.58,77.2,78.44,82255544,AAPL
2014-01-22,78.7,79.61,78.26,78.79,95219334,AAPL
2014-01-23,78.56,79.5,77.83,79.45,100978346,AAPL
2014-01-24,79.14,79.37,77.82,78.01,108384437,AAPL
2014-01-27,78.58,79.26,77.96,78.64,144219152,AAPL
2014-01-28,72.68,73.57,71.72,72.36,266833581,AAPL
2014-01-29,71.99,72.48,71.23,71.54,125942796,AAPL
2014-01-30,71.79,72.36,70.96,71.4,169762789,AAPL
2014-01-31,70.74,71.65,70.51,71.51,116336444,AAPL
2014-02-03,71.8,72.53,71.33,71.65,100620772,AAPL
2014-02-04,72.26,72.78,71.82,72.68,94273543,AAPL
2014-02-05,72.37,73.61,72.32,73.23,82322156,AAPL
2014-02-06,72.87,73.36,72.54,73.22,64497223,AAPL
2014-02-07,74.48,74.7,73.91,74.24,93638601,AAPL
2014-02-10,74.09,76.0,74.0,75.57,86451022,AAPL
2014-02-11,75.8,76.82,75.64,76.57,70672252,AAPL
2014-02-12,76.71,77.08,76.18,76.56,77127064,AAPL
2014-02-13,76.38,77.84,76.31,77.78,76960156,AAPL
2014-02-14,77.5,78.0,77.32,77.71,68468036,AAPL
2014-02-18,78.0,78.74,77.94,78.0,65306248,AAPL
2014-02-19,77.82,78.13,76.34,76.77,78554420,AAPL
2014-02-20,76.14,76.71,75.57,75.88,76529103,AAPL
2014-02-21,76.11,76.37,74.94,75.04,69757247,AAPL
2014-02-24,74.74,75.7,74.63,75.36,72364950,AAPL
2014-02-25,75.63,75.65,74.43,74.58,58247350,AAPL
2014-02-26,74.8,75.0,73.66,73.91,69131286,AAPL
2014-02-27,73.88,75.54,73.72,75.38,75557321,AAPL
2014-02-28,75.58,76.11,74.59,75.18,93074653,AAPL
2014-03-03,74.77,75.81,74.69,75.39,59784494,AAPL
2014-03-04,75.86,76.09,75.4,75.89,64884834,AAPL
2014-03-05,75.85,76.39,75.59,76.05,50065519,AAPL
2014-03-06,76.11,76.35,75.44,75.82,46423111,AAPL
2014-03-07,75.87,76.0,75.15,75.78,55415241,AAPL
2014-03-10,75.48,76.19,75.48,75.85,44691430,AAPL
2014-03-11,76.49,76.96,76.08,76.58,70198849,AAPL
2014-03-12,76.36,76.76,76.0,76.66,50195460,AAPL
2014-03-13,76.78,77.09,75.59,75.81,64435609,AAPL
2014-03-14,75.54,75.84,74.71,74.96,59299492,AAPL
2014-03-17,75.39,75.71,75.12,75.25,49886074,AAPL
2014-03-18,75.13,76.0,75.03,75.91,52411863,AAPL
2014-03-19,76.04,76.61,75.57,75.89,56188958,AAPL
2014-03-20,75.7,76.1,75.34,75.53,52099537,AAPL
2014-03-21,75.99,76.25,75.19,76.12,93612169,AAPL
2014-03-24,76.92,77.21,76.44,77.03,88924871,AAPL
2014-03-25,77.36,77.96,77.08,77.86,70573356,AAPL
2014-03-26,78.07,78.43,76.98,77.11,74942224,AAPL
2014-03-27,77.14,77.36,76.45,76.78,55507676,AAPL
2014-03-28,76.9,76.99,76.32,76.69,50141063,AAPL
2014-03-31,77.03,77.26,76.56,76.68,42167188,AAPL
2014-04-01,76.82,77.41,76.68,77.38,50189685,AAPL
2014-04-02,77.48,77.64,77.18,77.51,45104871,AAPL
2014-04-03,77.34,77.5,76.81,76.97,40648111,AAPL
2014-04-04,77.12,77.14,75.8,75.97,68812485,AAPL
2014-04-07,75.43,75.84,74.56,74.78,72462530,AAPL
2014-04-08,75.03,75.16,74.1,74.78,60971883,AAPL
2014-04-09,74.66,75.78,74.57,75.76,51542722,AAPL
2014-04-10,75.81,76.03,74.74,74.78,59912818,AAPL
2014-04-11,74.14,74.69,73.88,74.23,67975012,AAPL
2014-04-14,74.56,74.59,73.89,74.53,51445177,AAPL
2014-04-15,74.32,74.52,73.05,73.99,66622577,AAPL
2014-04-16,74.01,74.44,73.45,74.14,53732994,AAPL
2014-04-17,74.29,75.39,74.17,74.99,71106721,AAPL
2014-04-21,75.05,76.02,74.85,75.88,45668931,AAPL
2014-04-22,75.47,75.98,75.21,75.96,50664453,AAPL
2014-04-23,75.58,75.88,74.92,74.96,98735259,AAPL
2014-04-24,81.17,81.43,80.1,81.11,189978082,AAPL
2014-04-25,80.65,81.71,80.57,81.71,97568814,AAPL
2014-04-28,81.83,85.11,81.79,84.87,167371680,AAPL
2014-04-29,84.82,85.14,84.22,84.62,84344673,AAPL
2014-04-30,84.66,85.63,84.26,84.3,114220883,AAPL
2014-05-01,84.57,84.97,83.77,84.5,61052418,AAPL
2014-05-02,84.62,84.89,84.24,84.65,47878572,AAPL
2014-05-05,84.31,85.86,84.29,85.85,71766758,AAPL
2014-05-06,85.97,86.34,84.92,84.92,93641373,AAPL
2014-05-07,85.04,85.33,83.96,84.62,70715988,AAPL
2014-05-08,84.04,84.92,83.77,84.0,57574363,AAPL
2014-05-09,83.51,83.75,82.9,83.65,72899498,AAPL
2014-05-12,83.93,84.81,83.91,84.69,53324677,AAPL
2014-05-13,84.57,84.93,84.39,84.82,39934594,AAPL
2014-05-14,84.63,85.34,84.53,84.84,41600846,AAPL
2014-05-15,84.96,85.23,84.01,84.12,57711731,AAPL
2014-05-16,84.09,85.36,83.63,85.36,69091834,AAPL
2014-05-19,85.41,86.76,85.33,86.37,79439024,AAPL
2014-05-20,86.36,86.63,85.82,86.39,58708986,AAPL
2014-05-21,86.26,86.67,86.01,86.62,49249914,AAPL
2014-05-22,86.66,87.12,86.3,86.75,50218945,AAPL
2014-05-23,86.75,87.82,86.64,87.73,58052491,AAPL
2014-05-27,87.98,89.41,87.95,89.38,87216605,AAPL
2014-05-28,89.43,89.98,89.11,89.14,78921885,AAPL
2014-05-29,89.69,90.98,89.68,90.77,94118633,AAPL
2014-05-30,91.14,92.02,89.84,90.43,141005137,AAPL
2014-06-02,90.57,90.69,88.93,89.81,92337903,AAPL
2014-06-03,89.78,91.25,89.75,91.08,73231620,AAPL
2014-06-04,91.06,92.56,90.87,92.12,83870521,AAPL
2014-06-05,92.31,92.77,91.8,92.48,75951141,AAPL
2014-06-06,92.84,93.04,92.07,92.22,87620911,AAPL
2014-06-09,92.7,93.88,91.75,93.7,75414804,AAPL
2014-06-10,94.73,95.05,93.57,94.25,62777042,AAPL
2014-06-11,94.13,94.76,93.47,93.86,45681114,AAPL
2014-06-12,94.04,94.12,91.9,92.29,54748791,AAPL
2014-06-13,92.2,92.44,90.88,91.28,54525280,AAPL
2014-06-16,91.51,92.75,91.45,92.2,35561270,AAPL
2014-06-17,92.31,92.7,91.8,92.08,29726347,AAPL
2014-06-18,92.27,92.29,91.35,92.18,33514108,AAPL
2014-06-19,92.29,92.3,91.34,91.86,35527686,AAPL
2014-06-20,91.85,92.55,90.9,90.91,100898066,AAPL
2014-06-23,91.32,91.62,90.6,90.83,43694391,AAPL
2014-06-24,90.75,91.74,90.19,90.28,39036087,AAPL
2014-06-25,90.21,90.7,89.65,90.36,36868541,AAPL
2014-06-26,90.37,91.05,89.8,90.9,32629359,AAPL
2014-06-27,90.82,92.0,90.77,91.98,64028803,AAPL
2014-06-30,92.1,93.72,92.09,92.93,49589028,AAPL
2014-07-01,93.52,94.07,93.13,93.52,38223477,AAPL
2014-07-02,93.86,94.06,93.09,93.48,28465073,AAPL
2014-07-03,93.67,94.1,93.2,94.03,22891753,AAPL
2014-07-07,94.14,95.99,94.1,95.97,56467939,AAPL
2014-07-08,96.27,96.8,93.92,95.35,65221678,AAPL
2014-07-09,95.44,95.95,94.76,95.39,36436440,AAPL
2014-07-10,93.76,95.55,93.52,95.04,39685552,AAPL
2014-07-11,95.36,95.89,94.86,95.22,34018228,AAPL
2014-07-14,95.86,96.89,95.65,96.45,42810155,AAPL
2014-07-15,96.8,96.85,95.03,95.32,45696176,AAPL
2014-07-16,96.97,97.1,94.74,94.78,53502415,AAPL
2014-07-17,95.03,95.28,92.57,93.09,57298243,AAPL
2014-07-18,93.62,94.74,93.02,94.43,49987593,AAPL
2014-07-21,94.99,95.0,93.72,93.94,39079002,AAPL
2014-07-22,94.68,94.89,94.12,94.72,55196597,AAPL
2014-07-23,95.42,97.88,95.17,97.19,92917719,AAPL
2014-07-24,97.04,97.32,96.42,97.03,45728843,AAPL
2014-07-25,96.85,97.84,96.64,97.67,43469117,AAPL
2014-07-28,97.82,99.24,97.55,99.02,55317689,AAPL
2014-07-29,99.33,99.44,98.25,98.38,43143095,AAPL
2014-07-30,98.44,98.7,97.67,98.15,33010001,AAPL
2014-07-31,97.16,97.45,95.33,95.6,56842647,AAPL
2014-08-01,94.9,96.62,94.81,96.13,48511286,AAPL
2014-08-04,96.37,96.58,95.17,95.59,39958144,AAPL
2014-08-05,95.36,95.68,94.36,95.12,55932663,AAPL
2014-08-06,94.75,95.48,94.71,94.96,38558342,AAPL
2014-08-07,94.93,95.95,94.1,94.48,46711179,AAPL
2014-08-08,94.26,94.82,93.28,94.74,41865193,AAPL
2014-08-11,95.27,96.08,94.84,95.99,36584844,AAPL
2014-08-12,96.04,96.88,95.61,95.97,33795352,AAPL
2014-08-13,96.15,97.24,96.04,97.24,31916439,AAPL
2014-08-14,97.33,97.57,96.8,97.5,28115566,AAPL
2014-08-15,97.9,98.19,96.86,97.98,48951331,AAPL
2014-08-18,98.49,99.37,97.98,99.16,47572413,AAPL
2014-08-19,99.41,100.68,99.32,100.53,69399270,AAPL
2014-08-20,100.44,101.09,99.95,100.57,52699192,AAPL
2014-08-21,100.57,100.94,100.11,100.58,33478198,AAPL
2014-08-22,100.29,101.47,100.19,101.32,44183834,AAPL
2014-08-25,101.79,102.17,101.28,101.54,40270173,AAPL
2014-08-26,101.42,101.5,100.86,100.89,33151984,AAPL
2014-08-27,101.02,102.57,100.7,102.13,52369011,AAPL
2014-08-28,102.13,102.78,101.56,102.25,68459801,AAPL
2014-08-29,102.86,102.9,102.2,102.5,44595247,AAPL
2014-09-02,103.06,103.74,102.72,103.3,53564262,AAPL
2014-09-03,103.1,103.2,98.58,98.94,125420521,AAPL
2014-09-04,98.85,100.09,97.79,98.12,85718221,AAPL
2014-09-05,98.8,99.39,98.31,98.97,58457035,AAPL
2014-09-08,99.3,99.31,98.05,98.36,46356742,AAPL
2014-09-09,99.08,103.08,96.14,97.99,189846255,AAPL
2014-09-10,98.01,101.11,97.76,101.0,100869587,AAPL
2014-09-11,100.41,101.44,99.62,101.43,62399743,AAPL
2014-09-12,101.21,102.19,101.08,101.66,64096903,AAPL
2014-09-15,102.81,103.05,101.44,101.63,61316516,AAPL
2014-09-16,99.8,101.26,98.89,100.86,66908133,AAPL
2014-09-17,101.27,101.8,100.59,101.58,60926498,AAPL
2014-09-18,101.93,102.35,101.56,101.79,37299435,AAPL
2014-09-19,102.29,102.35,100.88,100.96,70902406,AAPL
2014-09-22,101.8,102.14,100.58,101.06,52788426,AAPL
2014-09-23,100.6,102.94,100.54,102.64,63402196,AAPL
2014-09-24,102.16,102.85,101.2,101.75,60171828,AAPL
2014-09-25,100.51,100.71,97.72,97.87,100091990,AAPL
2014-09-26,98.53,100.75,98.4,100.75,62370501,AAPL
2014-09-29,98.65,100.44,98.63,100.11,49766312,AAPL
2014-09-30,100.81,101.54,100.53,100.75,55264139,AAPL
2014-10-01,100.59,100.69,98.7,99.18,51491286,AAPL
2014-10-02,99.27,100.22,98.04,99.9,47757828,AAPL
2014-10-03,99.44,100.21,99.04,99.62,43469585,AAPL
2014-10-06,99.95,100.65,99.42,99.62,37051182,AAPL
2014-10-07,99.43,100.12,98.73,98.75,42094183,AAPL
2014-10-08,98.76,101.11,98.31,100.8,57404674,AAPL
2014-10-09,101.54,102.38,100.61,101.02,77376525,AAPL
2014-10-10,100.69,102.03,100.3,100.73,66331592,AAPL
2014-10-13,101.33,101.78,99.81,99.81,53583368,AAPL
2014-10-14,100.39,100.52,98.57,98.75,63688562,AAPL
2014-10-15,97.97,99.15,95.18,97.54,100933600,AAPL
2014-10-16,95.55,97.72,95.41,96.26,72154523,AAPL
2014-10-17,97.5,99.0,96.81,97.67,68179688,AAPL
2014-10-20,98.32,99.96,98.22,99.76,77517279,AAPL
2014-10-21,103.02,103.02,101.27,102.47,94623904,AAPL
2014-10-22,102.84,104.11,102.6,102.99,68263146,AAPL
2014-10-23,104.08,105.05,103.63,104.83,71074674,AAPL
2014-10-24,105.18,105.49,104.53,105.22,47053916,AAPL
2014-10-27,104.85,105.48,104.7,105.11,34187701,AAPL
2014-10-28,105.4,106.74,105.35,106.74,48060949,AAPL
2014-10-29,106.65,107.37,106.36,107.34,52687879,AAPL
2014-10-30,106.96,107.35,105.9,106.98,40654793,AAPL
2014-10-31,108.01,108.04,107.21,108.0,44639285,AAPL
2014-11-03,108.22,110.3,108.01,109.4,52282550,AAPL
2014-11-04,109.36,109.49,107.72,108.6,41574365,AAPL
2014-11-05,109.1,109.3,108.12,108.86,37435905,AAPL
2014-11-06,108.6,108.79,107.8,108.7,34968457,AAPL
2014-11-07,108.75,109.32,108.55,109.01,33691535,AAPL
2014-11-10,109.02,109.33,108.67,108.83,27195547,AAPL
2014-11-11,108.7,109.75,108.4,109.7,27442252,AAPL
2014-11-12,109.38,111.43,109.37,111.25,46942431,AAPL
2014-11-13,111.8,113.45,111.6,112.82,59522855,AAPL
2014-11-14,113.15,114.19,113.05,114.18,44063595,AAPL
2014-11-17,114.27,117.28,113.3,113.99,46746712,AAPL
2014-11-18,113.94,115.69,113.89,115.47,44223978,AAPL
2014-11-19,115.44,115.74,113.8,114.67,41869160,AAPL
2014-11-20,114.91,116.86,114.85,116.31,43395537,AAPL
2014-11-21,117.51,117.57,116.03,116.47,57179298,AAPL
2014-11-24,116.85,118.77,116.62,118.62,47450824,AAPL
2014-11-25,119.07,119.75,117.45,117.6,68840440,AAPL
2014-11-26,117.94,119.1,117.83,119.0,40831886,AAPL
2014-11-28,119.27,119.4,118.05,118.93,24814402,AAPL
2014-12-01,118.81,119.25,111.27,115.07,83814037,AAPL
2014-12-02,113.5,115.75,112.75,114.63,59348940,AAPL
2014-12-03,115.75,116.35,115.11,115.93,43063440,AAPL
2014-12-04,115.77,117.2,115.29,115.49,42155776,AAPL
2014-12-05,115.99,116.08,114.64,115.0,38318895,AAPL
2014-12-08,114.1,114.65,111.62,112.4,57664850,AAPL
2014-12-09,110.19,114.3,109.35,114.12,60208036,AAPL
2014-12-10,114.41,114.85,111.54,111.95,44565318,AAPL
2014-12-11,112.26,113.8,111.34,111.62,41471578,AAPL
2014-12-12,110.46,111.87,109.58,109.73,56028138,AAPL
2014-12-15,110.7,111.6,106.35,108.22,67218082,AAPL
2014-12-16,106.37,110.16,106.26,106.74,60790733,AAPL
2014-12-17,107.12,109.84,106.82,109.41,53411773,AAPL
2014-12-18,111.87,112.65,110.66,112.65,59006218,AAPL
2014-12-19,112.26,113.24,111.66,111.78,88429770,AAPL
2014-12-22,112.16,113.49,111.97,112.94,45167549,AAPL
2014-12-23,113.23,113.33,112.46,112.54,26028419,AAPL
2014-12-24,112.58,112.71,112.01,112.01,14479611,AAPL
2014-12-26,112.1,114.52,112.01,113.99,33720951,AAPL
2014-12-29,113.79,114.77,113.7,113.91,27598920,AAPL
2014-12-30,113.64,113.92,112.11,112.52,29881477,AAPL
2014-12-31,112.82,113.13,110.21,110.38,41403351,AAPL
2015-01-02,111.39,111.44,107.35,109.33,53204626,AAPL
2015-01-05,108.29,108.65,105.41,106.25,64285491,AAPL
2015-01-06,106.54,107.43,104.63,106.26,65797116,AAPL
2015-01-07,107.2,108.2,106.7,107.75,40105934,AAPL
2015-01-08,109.23,112.15,108.7,111.89,59364547,AAPL
2015-01-09,112.67,113.25,110.21,112.01,53699527,AAPL
2015-01-12,112.6,112.63,108.8,109.25,49650790,AAPL
2015-01-13,111.43,112.8,108.91,110.22,67091928,AAPL
2015-01-14,109.04,110.49,108.5,109.8,48956588,AAPL
2015-01-15,110.0,110.06,106.66,106.82,60013996,AAPL
2015-01-16,107.03,107.58,105.2,105.99,78513345,AAPL
2015-01-20,107.84,108.97,106.5,108.72,49899907,AAPL
2015-01-21,108.95,111.06,108.27,109.55,48575897,AAPL
2015-01-22,110.26,112.47,109.72,112.4,53796409,AAPL
2015-01-23,112.3,113.75,111.53,112.98,46464828,AAPL
2015-01-26,113.74,114.36,112.8,113.1,55614979,AAPL
2015-01-27,112.42,112.48,109.03,109.14,95568749,AAPL
2015-01-28,117.62,118.12,115.31,115.31,146477063,AAPL
2015-01-29,116.32,119.19,115.56,118.9,84436432,AAPL
2015-01-30,118.4,120.0,116.85,117.16,83745461,AAPL
2015-02-02,118.05,119.17,116.08,118.63,62739100,AAPL
2015-02-03,118.5,119.09,117.61,118.65,51915749,AAPL
2015-02-04,118.5,120.51,118.31,119.56,70149743,AAPL
2015-02-05,120.02,120.23,119.25,119.94,42246245,AAPL
2015-02-06,120.02,120.25,118.45,118.93,43706567,AAPL
2015-02-09,118.55,119.84,118.43,119.72,38889797,AAPL
2015-02-10,120.17,122.15,120.16,122.02,62008506,AAPL
2015-02-11,122.77,124.92,122.5,124.88,73561797,AAPL
2015-02-12,126.06,127.48,125.57,126.46,74474466,AAPL
2015-02-13,127.28,127.28,125.65,127.08,54272219,AAPL
2015-02-17,127.49,128.88,126.92,127.83,63152405,AAPL
2015-02-18,127.62,128.78,127.45,128.72,44891737,AAPL
2015-02-19,128.48,129.03,128.33,128.45,37362381,AAPL
2015-02-20,128.62,129.5,128.05,129.5,48948419,AAPL
2015-02-23,130.02,133.0,129.66,133.0,70974110,AAPL
2015-02-24,132.94,133.6,131.17,132.17,69228130,AAPL
2015-02-25,131.56,131.6,128.15,128.79,74711746,AAPL
2015-02-26,128.78,130.87,126.61,130.42,91287529,AAPL
2015-02-27,130.0,130.57,128.24,128.46,62014847,AAPL
2015-03-02,129.25,130.28,128.3,129.09,48096663,AAPL
2015-03-03,128.96,129.52,128.09,129.36,37816283,AAPL
2015-03-04,129.1,129.56,128.32,128.54,31666340,AAPL
2015-03-05,128.58,128.75,125.76,126.41,56517146,AAPL
2015-03-06,128.4,129.37,126.26,126.6,72842060,AAPL
2015-03-09,127.96,129.57,125.06,127.14,88528487,AAPL
2015-03-10,126.41,127.22,123.8,124.51,68856582,AAPL
2015-03-11,124.75,124.77,122.11,122.24,68938974,AAPL
2015-03-12,122.31,124.9,121.63,124.45,48362719,AAPL
2015-03-13,124.4,125.4,122.58,123.59,51827283,AAPL
2015-03-16,123.88,124.95,122.87,124.95,35874300,AAPL
2015-03-17,125.9,127.32,125.65,127.04,51023104,AAPL
2015-03-18,127.0,129.16,126.37,128.47,65270945,AAPL
2015-03-19,128.75,129.25,127.4,127.5,45809490,AAPL
2015-03-20,128.25,128.4,125.16,125.9,68695136,AAPL
2015-03-23,127.12,127.85,126.52,127.21,37709674,AAPL
2015-03-24,127.23,128.04,126.56,126.69,32842304,AAPL
2015-03-25,126.54,126.82,123.38,123.38,51655177,AAPL
2015-03-26,122.76,124.88,122.6,124.24,47572869,AAPL
2015-03-27,124.57,124.7,122.91,123.25,39546151,AAPL
2015-03-30,124.05,126.4,124.0,126.37,47099670,AAPL
2015-03-31,126.09,126.49,124.36,124.43,42090553,AAPL
2015-04-01,124.82,125.12,123.1,124.25,40621437,AAPL
2015-04-02,125.03,125.56,124.19,125.32,32220131,AAPL
2015-04-06,124.47,127.51,124.33,127.35,37193975,AAPL
2015-04-07,127.64,128.12,125.98,126.01,35012268,AAPL
2015-04-08,125.85,126.4,124.97,125.6,37329243,AAPL
2015-04-09,125.85,126.58,124.66,126.56,32483974,AAPL
2015-04-10,125.95,127.21,125.26,127.1,40187953,AAPL
2015-04-13,128.37,128.57,126.61,126.85,36365123,AAPL
2015-04-14,127.0,127.29,125.91,126.3,25524593,AAPL
2015-04-15,126.41,127.13,126.01,126.78,28970419,AAPL
2015-04-16,126.28,127.1,126.11,126.17,28368987,AAPL
2015-04-17,125.55,126.14,124.46,124.75,51957046,AAPL
2015-04-20,125.57,128.12,125.17,127.6,47054310,AAPL
2015-04-21,128.1,128.2,126.67,126.91,32435057,AAPL
2015-04-22,126.99,128.87,126.32,128.62,37654505,AAPL
2015-04-23,128.3,130.42,128.14,129.67,45770902,AAPL
2015-04-24,130.49,130.63,129.23,130.28,44525905,AAPL
2015-04-27,132.31,133.13,131.15,132.65,96954207,AAPL
2015-04-28,134.46,134.54,129.57,130.56,118923970,AAPL
2015-04-29,130.16,131.59,128.3,128.64,63386083,AAPL
2015-04-30,128.64,127.88,124.58,125.15,83195423,AAPL
2015-05-01,126.1,130.13,125.3,128.95,58512638,AAPL
2015-05-04,129.5,130.57,128.26,128.7,50988278,AAPL
2015-05-05,128.15,128.45,125.78,125.8,49271416,AAPL
2015-05-06,126.56,126.75,123.36,125.01,72141010,AAPL
2015-05-07,124.77,126.08,124.02,125.26,43940895,AAPL
2015-05-08,126.68,127.62,126.11,127.62,55550382,AAPL
2015-05-11,127.39,127.56,125.62,126.32,42035757,AAPL
2015-05-12,125.6,126.88,124.82,125.86,48160032,AAPL
2015-05-13,126.15,127.19,125.87,126.01,34694235,AAPL
2015-05-14,127.41,128.95,127.16,128.95,45203456,AAPL
2015-05-15,129.07,129.49,128.21,128.77,38208034,AAPL
2015-05-18,128.38,130.72,128.36,130.19,50882918,AAPL
2015-05-19,130.69,130.88,129.64,130.07,44633240,AAPL
2015-05-20,130.0,130.98,129.34,130.06,36454932,AAPL
2015-05-21,130.07,131.63,129.83,131.39,39730364,AAPL
2015-05-22,131.6,132.97,131.4,132.54,45595972,AAPL
2015-05-26,132.6,132.91,129.12,129.62,70697560,AAPL
2015-05-27,130.34,132.26,130.05,132.04,45833246,AAPL
2015-05-28,131.86,131.95,131.1,131.78,30733309,AAPL
2015-05-29,131.23,131.45,129.9,130.28,50884452,AAPL
2015-06-01,130.28,131.39,130.05,130.54,32112797,AAPL
2015-06-02,129.86,130.66,129.32,129.96,33667627,AAPL
2015-06-03,130.66,130.94,129.9,130.12,30983542,AAPL
2015-06-04,129.58,130.58,128.91,129.36,38450118,AAPL
2015-06-05,129.5,129.69,128.36,128.65,35626800,AAPL
2015-06-08,128.9,129.21,126.83,127.8,52674786,AAPL
2015-06-09,126.7,128.08,125.62,127.42,56075420,AAPL
2015-06-10,127.92,129.34,127.85,128.88,39087250,AAPL
2015-06-11,129.18,130.18,128.48,128.59,35390887,AAPL
2015-06-12,128.18,128.33,127.11,127.17,36886246,AAPL
2015-06-15,126.1,127.24,125.71,126.92,43988946,AAPL
2015-06-16,127.03,127.85,126.37,127.6,31494131,AAPL
2015-06-17,127.72,127.88,126.74,127.3,32918071,AAPL
2015-06-18,127.23,128.31,127.22,127.88,35407220,AAPL
2015-06-19,127.71,127.82,126.4,126.6,54716887,AAPL
2015-06-22,127.49,128.06,127.08,127.61,34039345,AAPL
2015-06-23,127.48,127.61,126.88,127.03,30268863,AAPL
2015-06-24,127.21,129.8,127.12,128.11,55280855,AAPL
2015-06-25,128.86,129.2,127.5,127.5,31938100,AAPL
2015-06-26,127.67,127.99,126.51,126.75,44066841,AAPL
2015-06-29,125.46,126.47,124.48,124.53,49161427,AAPL
2015-06-30,125.57,126.12,124.86,125.42,44370682,AAPL
2015-07-01,126.9,126.94,125.99,126.6,30238811,AAPL
2015-07-02,126.43,126.69,125.77,126.44,27210952,AAPL
2015-07-06,124.94,126.23,124.85,126.0,28060431,AAPL
2015-07-07,125.89,126.15,123.77,125.69,46946811,AAPL
2015-07-08,124.48,124.64,122.54,122.57,60761614,AAPL
2015-07-09,123.85,124.06,119.22,120.07,78595038,AAPL
2015-07-10,121.94,123.85,121.21,123.28,61354474,AAPL
2015-07-13,125.03,125.76,124.32,125.66,41440538,AAPL
2015-07-14,126.04,126.37,125.04,125.61,31768139,AAPL
2015-07-15,125.72,127.15,125.58,126.82,33649200,AAPL
2015-07-16,127.74,128.57,127.35,128.51,36222447,AAPL
2015-07-17,129.08,129.62,128.31,129.62,46164710,AAPL
2015-07-20,130.97,132.97,130.7,132.07,58900203,AAPL
2015-07-21,132.85,132.92,130.32,130.75,76756427,AAPL
2015-07-22,121.99,125.5,121.99,125.22,115450607,AAPL
2015-07-23,126.2,127.09,125.06,125.16,50999452,AAPL
2015-07-24,125.32,125.74,123.9,124.5,42162332,AAPL
2015-07-27,123.09,123.61,122.12,122.77,44455540,AAPL
2015-07-28,123.38,123.91,122.55,123.38,33618097,AAPL
2015-07-29,123.15,123.5,122.27,122.99,37011653,AAPL
2015-07-30,122.32,122.57,121.71,122.37,33628268,AAPL
2015-07-31,122.6,122.64,120.91,121.3,42884953,AAPL
2015-08-03,121.5,122.57,117.52,118.44,69975968,AAPL
2015-08-04,117.42,117.7,113.25,114.64,124138623,AAPL
2015-08-05,112.95,117.44,112.1,115.4,99312613,AAPL
2015-08-06,115.97,116.5,114.12,115.13,52903040,AAPL
2015-08-07,114.58,116.25,114.5,115.52,38670405,AAPL
2015-08-10,116.53,119.99,116.53,119.72,54951597,AAPL
2015-08-11,117.81,118.18,113.33,113.49,97082814,AAPL
2015-08-12,112.53,115.42,109.63,115.24,101685610,AAPL
2015-08-13,116.04,116.4,114.54,115.15,48535789,AAPL
2015-08-14,114.32,116.31,114.01,115.96,42929516,AAPL
2015-08-17,116.04,117.65,115.5,117.16,40884745,AAPL
2015-08-18,116.43,117.44,116.01,116.5,34560708,AAPL
2015-08-19,116.1,116.52,114.68,115.01,48286510,AAPL
2015-08-20,114.08,114.35,111.63,112.65,67765523,AAPL
2015-08-21,110.43,111.9,105.64,105.76,126289223,AAPL
2015-08-24,94.87,108.8,92.0,103.12,161454199,AAPL
2015-08-25,111.11,111.11,103.5,103.74,102240208,AAPL
2015-08-26,107.08,109.89,105.05,109.69,96226269,AAPL
2015-08-27,112.23,113.24,110.02,112.92,83265146,AAPL
2015-08-28,112.17,113.31,111.54,113.29,52896384,AAPL
2015-08-31,112.03,114.53,112.0,112.76,55962842,AAPL
2015-09-01,110.15,111.88,107.36,107.72,75988194,AAPL
2015-09-02,110.23,112.34,109.13,112.34,61520170,AAPL
2015-09-03,112.49,112.78,110.04,110.37,52906410,AAPL
2015-09-04,108.97,110.45,108.51,109.27,49628615,AAPL
2015-09-08,111.75,112.56,110.32,112.31,54114204,AAPL
2015-09-09,113.76,114.02,109.77,110.15,84344438,AAPL
2015-09-10,110.27,113.28,109.9,112.57,62675234,AAPL
2015-09-11,111.79,114.21,111.76,114.21,49441846,AAPL
2015-09-14,116.58,116.89,114.86,115.31,58201862,AAPL
2015-09-15,115.93,116.53,114.42,116.28,43004052,AAPL
2015-09-16,116.25,116.54,115.44,116.41,36909956,AAPL
2015-09-17,115.66,116.49,113.72,113.92,63462713,AAPL
2015-09-18,112.21,114.3,111.87,113.45,73418992,AAPL
2015-09-21,113.67,115.37,113.66,115.21,46554289,AAPL
2015-09-22,113.38,114.18,112.52,113.4,49809010,AAPL
2015-09-23,113.63,114.72,113.3,114.32,35645658,AAPL
2015-09-24,113.25,115.5,112.37,115.0,49810647,AAPL
2015-09-25,116.44,116.69,114.02,114.71,55842210,AAPL
2015-09-28,113.85,114.57,112.44,112.44,51723929,AAPL
2015-09-29,112.83,113.51,107.86,109.06,73135853,AAPL
2015-09-30,110.17,111.54,108.73,110.3,66105030,AAPL
2015-10-01,109.07,109.62,107.31,109.58,63747954,AAPL
2015-10-02,108.01,111.01,107.55,110.38,57560431,AAPL
2015-10-05,110.08,111.37,109.07,110.78,51723110,AAPL
2015-10-06,110.63,111.74,109.76,111.31,48196751,AAPL
2015-10-07,110.47,111.77,109.41,110.78,46602587,AAPL
2015-10-08,110.06,110.19,108.21,109.5,61698450,AAPL
2015-10-09,111.64,112.28,109.49,112.12,52533783,AAPL
2015-10-12,112.73,112.75,111.44,111.6,30114425,AAPL
2015-10-13,110.82,112.45,110.68,111.79,32424018,AAPL
2015-10-14,111.29,111.52,109.56,110.21,44325611,AAPL
2015-10-15,110.93,112.1,110.49,111.86,37340996,AAPL
2015-10-16,111.78,112.0,110.53,111.04,38236278,AAPL
2015-10-19,110.8,111.75,110.11,111.73,29606075,AAPL
2015-10-20,111.34,114.17,110.82,113.77,48778770,AAPL
2015-10-21,114.0,115.58,113.7,113.76,41795238,AAPL
2015-10-22,114.33,115.5,114.1,115.5,41272693,AAPL
2015-10-23,118.77,119.23,116.33,119.08,59139552,AAPL
2015-10-26,118.08,118.13,114.92,115.28,66019504,AAPL
2015-10-27,115.4,116.54,113.99,114.55,57953589,AAPL
2015-10-28,117.58,119.3,116.06,119.27,85023324,AAPL
2015-10-29,118.7,120.69,118.27,120.53,50240803,AAPL
2015-10-30,120.99,121.22,119.45,119.5,48811991,AAPL
2015-11-02,120.8,121.36,119.61,121.18,31761309,AAPL
2015-11-03,120.79,123.49,120.7,122.57,45331025,AAPL
2015-11-04,122.56,123.82,121.62,122.0,44343498,AAPL
2015-11-05,121.85,122.69,120.18,120.92,39258480,AAPL
2015-11-06,121.08,121.81,120.62,121.06,32931447,AAPL
2015-11-09,120.96,121.81,120.05,120.57,33657546,AAPL
2015-11-10,116.9,118.07,116.06,116.77,58635125,AAPL
2015-11-11,116.37,117.42,115.21,116.11,45104903,AAPL
2015-11-12,116.26,116.82,115.65,115.72,32262598,AAPL
2015-11-13,115.2,115.57,112.27,112.34,45164053,AAPL
2015-11-16,111.38,114.24,111.0,114.18,37651022,AAPL
2015-11-17,114.92,115.05,113.32,113.69,27253964,AAPL
2015-11-18,115.76,117.49,115.5,117.29,46163404,AAPL
2015-11-19,117.64,119.75,116.76,118.78,42908179,AAPL
2015-11-20,119.2,119.92,118.85,119.3,34103529,AAPL
2015-11-23,119.27,119.73,117.34,117.75,32266736,AAPL
2015-11-24,117.33,119.35,117.12,118.88,42426855,AAPL
2015-11-25,119.21,119.23,117.92,118.03,21388308,AAPL
2015-11-27,118.29,118.41,117.6,117.81,13043720,AAPL
2015-11-30,117.99,119.41,117.75,118.3,37658671,AAPL
2015-12-01,118.75,118.81,116.86,117.34,34700991,AAPL
2015-12-02,117.34,118.11,116.08,116.28,33198964,AAPL
2015-12-03,115.24,116.79,114.22,115.2,41569509,AAPL
2015-12-04,115.29,119.25,115.11,119.03,57776977,AAPL
2015-12-07,118.32,119.86,117.81,118.28,32084249,AAPL
2015-12-08,117.52,118.6,116.86,118.23,34309450,AAPL
2015-12-09,115.3,117.69,115.08,115.62,46361357,AAPL
2015-12-10,116.04,116.94,115.51,116.17,29212727,AAPL
2015-12-11,115.19,115.39,112.85,113.18,46886161,AAPL
2015-12-14,112.18,112.68,109.79,112.48,64318732,AAPL
2015-12-15,111.94,112.8,110.35,110.49,53323105,AAPL
2015-12-16,111.07,111.99,108.8,111.34,56238467,AAPL
2015-12-17,112.02,112.25,108.98,108.98,44772827,AAPL
2015-12-18,108.91,109.52,105.81,106.03,96453327,AAPL
2015-12-21,107.28,107.37,105.57,107.33,47590610,AAPL
2015-12-22,107.4,107.72,106.45,107.23,32789367,AAPL
2015-12-23,107.27,108.85,107.2,108.61,32657354,AAPL
2015-12-24,109.0,109.0,107.95,108.03,13596680,AAPL
2015-12-28,107.59,107.69,106.18,106.82,26704210,AAPL
2015-12-29,106.96,109.43,106.86,108.74,30931243,AAPL
2015-12-30,108.58,108.7,107.18,107.32,25213777,AAPL
2015-12-31,107.01,107.03,104.82,105.26,40912316,AAPL
2016-01-04,102.61,105.37,102.0,105.35,67281190,AAPL
2016-01-05,105.75,105.85,102.41,102.71,55790992,AAPL
2016-01-06,100.56,102.37,99.87,100.7,68457388,AAPL
2016-01-07,98.68,100.13,96.43,96.45,81094428,AAPL
2016-01-08,98.55,99.11,96.76,96.96,70798016,AAPL
2016-01-11,98.97,99.06,97.34,98.53,49739377,AAPL
2016-01-12,100.55,100.69,98.84,99.96,49154227,AAPL
2016-01-13,100.32,101.19,97.3,97.39,61745031,AAPL
2016-01-14,97.96,100.48,95.74,99.52,62424154,AAPL
2016-01-15,96.2,97.71,95.36,97.13,79010008,AAPL
2016-01-19,98.41,98.65,95.5,96.66,52841349,AAPL
2016-01-20,95.1,98.19,93.42,96.79,72008265,AAPL
2016-01-21,97.06,97.88,94.94,96.3,52054521,AAPL
2016-01-22,98.63,101.46,98.37,101.42,65562769,AAPL
2016-01-25,101.52,101.53,99.21,99.44,51196375,AAPL
2016-01-26,99.93,100.88,98.07,99.99,63538305,AAPL
2016-01-27,96.04,96.63,93.34,93.42,132224500,AAPL
2016-01-28,93.79,94.52,92.39,94.09,55557109,AAPL
2016-01-29,94.79,97.34,94.35,97.34,64010141,AAPL
2016-02-01,96.47,96.71,95.4,96.43,40571593,AAPL
2016-02-02,95.42,96.04,94.28,94.48,37081206,AAPL
2016-02-03,95.0,96.84,94.08,96.35,45366710,AAPL
2016-02-04,95.86,97.33,95.19,96.6,46263907,AAPL
2016-02-05,96.52,96.92,93.69,94.02,45853883,AAPL
2016-02-08,93.13,95.7,93.04,95.01,53852284,AAPL
2016-02-09,94.29,95.94,93.93,94.99,44262912,AAPL
2016-02-10,95.92,96.35,94.1,94.27,42244975,AAPL
2016-02-11,93.79,94.72,92.59,93.7,49686210,AAPL
2016-02-12,94.19,94.5,93.01,93.99,40121670,AAPL
2016-02-16,95.02,96.85,94.61,96.64,47490678,AAPL
2016-02-17,96.67,98.21,96.15,98.12,44390173,AAPL
2016-02-18,98.84,98.89,96.09,96.26,38494442,AAPL
2016-02-19,96.0,96.76,95.8,96.04,34485576,AAPL
2016-02-22,96.31,96.9,95.92,96.88,34048195,AAPL
2016-02-23,96.4,96.5,94.55,94.69,31686699,AAPL
2016-02-24,93.98,96.38,93.32,96.1,36155642,AAPL
2016-02-25,96.05,96.76,95.25,96.76,27393905,AAPL
2016-02-26,97.2,98.02,96.58,96.91,28913208,AAPL
2016-02-29,96.86,98.23,96.65,96.69,34876558,AAPL
2016-03-01,97.65,100.77,97.42,100.53,50153943,AAPL
2016-03-02,100.51,100.89,99.64,100.75,33084941,AAPL
2016-03-03,100.58,101.71,100.45,101.5,36792245,AAPL
2016-03-04,102.37,103.75,101.37,103.01,45936485,AAPL
2016-03-07,102.39,102.83,100.96,101.87,35828909,AAPL
2016-03-08,100.78,101.76,100.4,101.03,31274161,AAPL
2016-03-09,101.31,101.58,100.27,101.12,27130729,AAPL
2016-03-10,101.41,102.24,100.15,101.17,33513577,AAPL
2016-03-11,102.24,102.28,101.5,102.26,27200833,AAPL
2016-03-14,101.91,102.91,101.78,102.52,25027426,AAPL
2016-03-15,103.96,105.18,103.85,104.58,40067734,AAPL
2016-03-16,104.61,106.31,104.59,105.97,37893758,AAPL
2016-03-17,105.52,106.47,104.96,105.8,34244593,AAPL
2016-03-18,106.34,106.5,105.19,105.92,43402289,AAPL
2016-03-21,105.93,107.65,105.14,105.91,35180796,AAPL
2016-03-22,105.25,107.29,105.21,106.72,32232567,AAPL
2016-03-23,106.48,107.07,105.9,106.13,25452612,AAPL
2016-03-24,105.47,106.25,104.89,105.67,25480914,AAPL
2016-03-28,106.0,106.19,105.06,105.19,19303557,AAPL
2016-03-29,104.89,107.79,104.88,107.68,30774115,AAPL
2016-03-30,108.65,110.42,108.6,109.56,45159861,AAPL
2016-03-31,109.72,109.9,108.88,108.99,25685672,AAPL
2016-04-01,108.78,110.0,108.2,109.99,25626163,AAPL
2016-04-04,110.42,112.19,110.27,111.12,37243224,AAPL
2016-04-05,109.51,110.73,109.42,109.81,26495312,AAPL
2016-04-06,110.23,110.98,109.2,110.96,26047772,AAPL
2016-04-07,109.95,110.42,108.12,108.54,30881022,AAPL
2016-04-08,108.91,109.77,108.17,108.66,23514462,AAPL
2016-04-11,108.97,110.61,108.83,109.02,28313525,AAPL
2016-04-12,109.34,110.5,108.66,110.44,26812000,AAPL
2016-04-13,110.8,112.34,110.8,112.04,32691799,AAPL
2016-04-14,111.62,112.39,111.33,112.1,25337435,AAPL
2016-04-15,112.11,112.3,109.73,109.85,46418482,AAPL
2016-04-18,108.89,108.95,106.94,107.48,60834027,AAPL
2016-04-19,107.88,108.0,106.23,106.91,32292344,AAPL
2016-04-20,106.64,108.09,106.06,107.13,28666865,AAPL
2016-04-21,106.93,106.93,105.52,105.97,31356434,AAPL
2016-04-22,105.01,106.48,104.62,105.68,33477142,AAPL
2016-04-25,105.0,105.65,104.51,105.08,27950966,AAPL
2016-04-26,103.91,105.3,103.91,104.35,40338403,AAPL
2016-04-27,96.0,98.71,95.68,97.82,113538389,AAPL
2016-04-28,97.61,97.88,94.25,94.83,81990674,AAPL
2016-04-29,93.99,94.72,92.51,93.74,68334434,AAPL
2016-05-02,93.96,94.08,92.4,93.64,47736879,AAPL
2016-05-03,94.2,95.74,93.68,95.18,56533960,AAPL
2016-05-04,95.2,95.9,93.82,94.19,40824776,AAPL
2016-05-05,94.0,94.07,92.68,93.24,35763138,AAPL
2016-05-06,93.37,93.45,91.85,92.72,43458189,AAPL
2016-05-09,93.0,93.77,92.59,92.79,32855251,AAPL
2016-05-10,93.33,93.57,92.11,93.42,33592465,AAPL
2016-05-11,93.48,93.57,92.46,92.51,28539912,AAPL
2016-05-12,92.72,92.78,89.47,90.34,76109795,AAPL
2016-05-13,90.0,91.67,90.0,90.52,44188153,AAPL
2016-05-16,92.39,94.39,91.65,93.88,61140610,AAPL
2016-05-17,94.55,94.7,93.01,93.49,46507449,AAPL
2016-05-18,94.16,95.21,93.89,94.56,41923114,AAPL
2016-05-19,94.64,94.64,93.57,94.2,29693945,AAPL
2016-05-20,94.64,95.43,94.52,95.22,31804564,AAPL
2016-05-23,95.87,97.19,95.67,96.43,37860535,AAPL
2016-05-24,97.22,98.09,96.84,97.9,35036561,AAPL
2016-05-25,98.67,99.74,98.11,99.62,38168760,AAPL
2016-05-26,99.68,100.73,98.64,100.41,56093437,AAPL
2016-05-27,99.44,100.47,99.24,100.35,36229530,AAPL
2016-05-31,99.6,100.4,98.82,99.86,42307212,AAPL
2016-06-01,99.02,99.54,98.33,98.46,29173285,AAPL
2016-06-02,97.6,97.84,96.63,97.72,40191600,AAPL
2016-06-03,97.79,98.27,97.45,97.92,28504888,AAPL
2016-06-06,97.99,101.89,97.55,98.63,23292504,AAPL
2016-06-07,99.25,99.87,98.96,99.03,22409450,AAPL
2016-06-08,99.02,99.56,98.68,98.94,20848131,AAPL
2016-06-09,98.5,99.99,98.46,99.65,26601354,AAPL
2016-06-10,98.53,99.35,98.48,98.83,31712936,AAPL
2016-06-13,98.69,99.12,97.1,97.34,38020494,AAPL
2016-06-14,97.32,98.48,96.75,97.46,31931944,AAPL
2016-06-15,97.82,98.41,97.03,97.14,29445227,AAPL
2016-06-16,96.45,97.75,96.07,97.55,31326815,AAPL
2016-06-17,96.62,96.65,95.3,95.33,61008219,AAPL
2016-06-20,96.0,96.57,95.03,95.1,34411901,AAPL
2016-06-21,94.94,96.35,94.68,95.91,35546358,AAPL
2016-06-22,96.25,96.89,95.35,95.55,29219122,AAPL
2016-06-23,95.94,96.29,95.25,96.1,32240187,AAPL
2016-06-24,92.91,94.66,92.65,93.4,75311356,AAPL
2016-06-27,93.0,93.05,91.5,92.04,46622188,AAPL
2016-06-28,92.9,93.66,92.14,93.59,40444914,AAPL
2016-06-29,93.97,94.55,93.63,94.4,36531006,AAPL
2016-06-30,94.44,95.77,94.3,95.6,35836356,AAPL
2016-07-01,95.49,96.46,95.33,95.89,26026540,AAPL
2016-07-05,95.39,95.4,94.46,94.99,27705210,AAPL
2016-07-06,94.6,95.66,94.37,95.53,30949090,AAPL
2016-07-07,95.7,96.5,95.62,95.94,25139558,AAPL
2016-07-08,96.49,96.89,96.05,96.68,28912103,AAPL
2016-07-11,96.75,97.65,96.73,96.98,23794945,AAPL
2016-07-12,97.17,97.7,97.12,97.42,24167463,AAPL
2016-07-13,97.41,97.67,96.84,96.87,25892171,AAPL
2016-07-14,97.39,98.99,97.32,98.79,38918997,AAPL
2016-07-15,98.92,99.3,98.5,98.78,30136990,AAPL
2016-07-18,98.7,100.13,98.6,99.83,36493867,AAPL
2016-07-19,99.56,100.0,99.34,99.87,23779924,AAPL
2016-07-20,100.0,100.46,99.74,99.96,26275968,AAPL
2016-07-21,99.83,101.0,99.13,99.43,32702028,AAPL
2016-07-22,99.26,99.3,98.31,98.66,28313669,AAPL
2016-07-25,98.25,98.84,96.92,97.34,40382921,AAPL
2016-07-26,96.82,97.97,96.42,96.67,56239822,AAPL
2016-07-27,104.26,104.35,102.75,102.95,92344820,AAPL
2016-07-28,102.83,104.45,102.82,104.34,39869839,AAPL
2016-07-29,104.19,104.55,103.68,104.21,27733688,AAPL
2016-08-01,104.41,106.15,104.41,106.05,38167871,AAPL
2016-08-02,106.05,106.07,104.0,104.48,33816556,AAPL
2016-08-03,104.81,105.84,104.77,105.79,30202641,AAPL
2016-08-04,105.58,106.0,105.28,105.87,27408650,AAPL
2016-08-05,106.27,107.65,106.18,107.48,40553402,AAPL
2016-08-08,107.52,108.37,107.16,108.37,28037220,AAPL
2016-08-09,108.23,108.94,108.01,108.81,26315204,AAPL
2016-08-10,108.71,108.9,107.76,108.0,24008505,AAPL
2016-08-11,108.52,108.93,107.85,107.93,27484506,AAPL
2016-08-12,107.78,108.44,107.78,108.18,18660434,AAPL
2016-08-15,108.14,109.54,108.08,109.48,25868209,AAPL
2016-08-16,109.63,110.23,109.21,109.38,33794448,AAPL
2016-08-17,109.1,109.37,108.34,109.22,25355976,AAPL
2016-08-18,109.23,109.6,109.02,109.08,21984703,AAPL
2016-08-19,108.77,109.69,108.36,109.36,25368072,AAPL
2016-08-22,108.86,109.1,107.85,108.51,25820230,AAPL
2016-08-23,108.59,109.32,108.53,108.85,21257669,AAPL
2016-08-24,108.56,108.75,107.68,108.03,23675081,AAPL
2016-08-25,107.39,107.88,106.68,107.57,25086248,AAPL
2016-08-26,107.41,107.95,106.31,106.94,27766291,AAPL
2016-08-29,106.62,107.44,106.29,106.82,24970300,AAPL
2016-08-30,105.8,106.5,105.5,106.0,24863945,AAPL
2016-08-31,105.66,106.57,105.64,106.1,29662406,AAPL
2016-09-01,106.14,106.8,105.62,106.73,26701523,AAPL
2016-09-02,107.7,108.0,106.82,107.73,26334858,AAPL
2016-09-06,107.9,108.3,107.51,107.7,26880391,AAPL
2016-09-07,107.83,108.76,107.07,108.36,42364328,AAPL
2016-09-08,107.25,107.27,105.24,105.52,53002026,AAPL
2016-09-09,104.64,105.72,103.13,103.13,46556984,AAPL
2016-09-12,102.65,105.72,102.53,105.44,45292770,AAPL
2016-09-13,107.51,108.79,107.24,107.95,62176190,AAPL
2016-09-14,108.73,113.03,108.6,111.77,112340318,AAPL
2016-09-15,113.86,115.73,113.49,115.57,90613177,AAPL
2016-09-16,115.12,116.13,114.04,114.92,79886911,AAPL
2016-09-19,115.19,116.18,113.25,113.58,47023046,AAPL
2016-09-20,113.05,114.12,112.51,113.57,34514269,AAPL
2016-09-21,113.85,113.99,112.44,113.55,36003185,AAPL
2016-09-22,114.35,114.94,114.0,114.62,31073984,AAPL
2016-09-23,114.42,114.79,111.55,112.71,52481151,AAPL
2016-09-26,111.64,113.39,111.55,112.88,29869442,AAPL
2016-09-27,113.0,113.18,112.34,113.09,24607412,AAPL
2016-09-28,113.69,114.64,113.43,113.95,29641085,AAPL
2016-09-29,113.16,113.8,111.8,112.18,35886990,AAPL
2016-09-30,112.46,113.37,111.8,113.05,36379106,AAPL
2016-10-03,112.71,113.05,112.28,112.52,21701760,AAPL
2016-10-04,113.06,114.31,112.63,113.0,29736835,AAPL
2016-10-05,113.4,113.66,112.69,113.05,21453089,AAPL
2016-10-06,113.7,114.34,113.13,113.89,28779313,AAPL
2016-10-07,114.31,114.56,113.51,114.06,24358443,AAPL
2016-10-10,115.02,116.75,114.72,116.05,36235956,AAPL
2016-10-11,117.7,118.69,116.2,116.3,64041043,AAPL
2016-10-12,117.35,117.98,116.75,117.34,37586787,AAPL
2016-10-13,116.79,117.44,115.72,116.98,35192406,AAPL
2016-10-14,117.88,118.17,117.13,117.63,35652191,AAPL
2016-10-17,117.33,117.84,116.78,117.55,23624896,AAPL
2016-10-18,118.18,118.21,117.45,117.47,24553478,AAPL
2016-10-19,117.25,117.76,113.8,117.12,20034594,AAPL
2016-10-20,116.86,117.38,116.33,117.06,24125801,AAPL
2016-10-21,116.81,116.91,116.28,116.6,23192665,AAPL
2016-10-24,117.1,117.74,117.0,117.65,23538673,AAPL
2016-10-25,117.95,118.36,117.31,118.25,48128970,AAPL
2016-10-26,114.31,115.7,113.31,115.59,66134219,AAPL
2016-10-27,115.39,115.86,114.1,114.48,34562045,AAPL
2016-10-28,113.87,115.21,113.45,113.72,37861662,AAPL
2016-10-31,113.65,114.23,113.2,113.54,26419398,AAPL
2016-11-01,113.46,113.77,110.53,111.49,43825812,AAPL
2016-11-02,111.4,112.35,111.23,111.59,28331709,AAPL
2016-11-03,110.98,111.46,109.55,109.83,26932602,AAPL
2016-11-04,108.53,110.25,108.11,108.84,30836997,AAPL
2016-11-07,110.08,110.51,109.46,110.41,32560000,AAPL
2016-11-08,110.31,111.72,109.7,111.06,24254179,AAPL
2016-11-09,109.88,111.32,108.05,110.88,59176361,AAPL
2016-11-10,111.09,111.09,105.83,107.79,57134541,AAPL
2016-11-11,107.12,108.87,106.55,108.43,34143898,AAPL
2016-11-14,107.71,107.81,104.08,105.71,51175504,AAPL
2016-11-15,106.57,107.68,106.16,107.11,32264510,AAPL
2016-11-16,106.7,110.23,106.6,109.99,58840522,AAPL
2016-11-17,109.81,110.35,108.83,109.95,26964598,AAPL
2016-11-18,109.72,110.54,109.66,110.06,28428917,AAPL
2016-11-21,110.12,111.99,110.01,111.73,29264571,AAPL
2016-11-22,111.95,112.42,111.4,111.8,25965534,AAPL
2016-11-23,111.36,111.51,110.33,111.23,27426394,AAPL
2016-11-25,111.47,111.87,110.95,111.79,11475922,AAPL
2016-11-28,111.43,112.46,111.39,111.57,27193983,AAPL
2016-11-29,110.78,112.03,110.07,111.46,28528750,AAPL
2016-11-30,111.6,112.2,110.27,110.52,36162258,AAPL
2016-12-01,110.36,110.94,109.03,109.49,37086862,AAPL
2016-12-02,109.17,110.09,108.85,109.9,26527997,AAPL
2016-12-05,110.0,110.03,108.25,109.11,34324540,AAPL
2016-12-06,109.5,110.36,109.19,109.95,26195462,AAPL
2016-12-07,109.26,111.19,109.16,111.03,29998719,AAPL
2016-12-08,110.86,112.43,110.6,112.12,27068316,AAPL
2016-12-09,112.31,114.7,112.31,113.95,34402627,AAPL
2016-12-12,113.29,115.0,112.49,113.3,26374377,AAPL
2016-12-13,113.84,115.92,113.75,115.19,43733811,AAPL
2016-12-14,115.04,116.2,114.98,115.19,34031834,AAPL
2016-12-15,115.38,116.73,115.23,115.82,46524544,AAPL
2016-12-16,116.47,116.5,115.64,115.97,44351134,AAPL
2016-12-19,115.8,117.38,115.75,116.64,27779423,AAPL
2016-12-20,116.74,117.5,116.68,116.95,21424965,AAPL
2016-12-21,116.8,117.4,116.78,117.06,23783165,AAPL
2016-12-22,116.35,116.51,115.64,116.29,26085854,AAPL
2016-12-23,115.59,116.52,115.59,116.52,14249484,AAPL
2016-12-27,116.52,117.8,116.49,117.26,18296855,AAPL
2016-12-28,117.52,118.02,116.2,116.76,20905892,AAPL
2016-12-29,116.45,117.11,116.4,116.73,15039519,AAPL
2016-12-30,116.65,117.2,115.43,115.82,30586265,AAPL
2017-01-03,115.8,116.33,114.76,116.15,28781865,AAPL
2017-01-04,115.85,116.51,115.75,116.02,21118116,AAPL
2017-01-05,115.92,116.86,115.81,116.61,22193587,AAPL
2017-01-06,116.78,118.16,116.47,117.91,31751900,AAPL
2017-01-09,117.95,119.43,117.94,118.99,33561948,AAPL
2017-01-10,118.77,119.38,118.3,119.11,24462051,AAPL
2017-01-11,118.74,119.93,118.6,119.75,27588593,AAPL
2017-01-12,118.9,119.3,118.21,119.25,27086220,AAPL
2017-01-13,119.11,119.62,118.81,119.04,26111948,AAPL
2017-01-17,118.34,120.24,118.22,120.0,34439843,AAPL
2017-01-18,120.0,120.5,119.71,119.99,23712961,AAPL
2017-01-19,119.4,120.09,119.37,119.78,25597291,AAPL
2017-01-20,120.45,120.45,119.73,120.0,32597892,AAPL
2017-01-23,120.0,120.81,119.77,120.08,22050218,AAPL
2017-01-24,119.55,120.1,119.5,119.97,23211038,AAPL
2017-01-25,120.42,122.1,120.28,121.88,32586673,AAPL
2017-01-26,121.67,122.44,121.6,121.94,26337576,AAPL
2017-01-27,122.14,122.35,121.6,121.95,20562944,AAPL
2017-01-30,120.93,121.63,120.66,121.63,30377503,AAPL
2017-01-31,121.15,121.39,120.62,121.35,49200993,AAPL
2017-02-01,127.03,130.49,127.01,128.75,111985040,AAPL
2017-02-02,127.98,129.39,127.78,128.53,33710411,AAPL
2017-02-03,128.31,129.19,128.16,129.08,24507301,AAPL
2017-02-06,129.13,130.5,128.9,130.29,26845924,AAPL
2017-02-07,130.54,132.09,130.45,131.53,38183841,AAPL
2017-02-08,131.35,132.22,131.22,132.04,23004072,AAPL
2017-02-09,131.65,132.44,131.12,132.42,28349859,AAPL
2017-02-10,132.46,132.94,132.05,132.12,20065458,AAPL
2017-02-13,133.08,133.82,132.75,133.29,23035421,AAPL
2017-02-14,133.47,135.09,133.25,135.02,33226223,AAPL
2017-02-15,135.52,136.27,134.62,135.51,35623100,AAPL
2017-02-16,135.67,135.9,134.84,135.34,22584555,AAPL
2017-02-17,135.1,135.83,135.1,135.72,22198197,AAPL
2017-02-21,136.23,136.75,135.98,136.7,24507156,AAPL
2017-02-22,136.43,137.12,136.11,137.11,20836932,AAPL
2017-02-23,137.38,137.48,136.3,136.53,20788186,AAPL
2017-02-24,135.91,136.66,135.28,136.66,21776585,AAPL
2017-02-27,137.14,137.44,136.28,136.93,20257426,AAPL
2017-02-28,137.08,137.44,136.7,136.99,23482860,AAPL
2017-03-01,137.89,140.15,137.6,139.79,36414585,AAPL
2017-03-02,140.0,140.28,138.76,138.96,26210984,AAPL
2017-03-03,138.78,139.83,138.59,139.78,21571121,AAPL
2017-03-06,139.36,139.77,138.6,139.34,21750044,AAPL
2017-03-07,139.06,139.98,138.79,139.52,17446297,AAPL
2017-03-08,138.95,139.8,138.82,139.0,18707236,AAPL
2017-03-09,138.74,138.79,137.05,138.68,22155904,AAPL
2017-03-10,139.25,139.36,138.64,139.14,19612801,AAPL
2017-03-13,138.85,139.43,138.82,139.2,17421717,AAPL
2017-03-14,139.3,139.65,138.84,138.99,15309065,AAPL
2017-03-15,139.41,140.75,139.02,140.46,25691774,AAPL
2017-03-16,140.72,141.02,140.26,140.69,19231998,AAPL
2017-03-17,141.0,141.0,139.89,139.99,43884952,AAPL
2017-03-20,140.4,141.5,140.23,141.46,21542038,AAPL
2017-03-21,142.11,142.8,139.73,139.84,39529912,AAPL
2017-03-22,139.84,141.6,139.76,141.42,25860165,AAPL
2017-03-23,141.26,141.58,140.61,140.92,20346301,AAPL
2017-03-24,141.5,141.74,140.35,140.64,22395563,AAPL
2017-03-27,139.39,141.22,138.62,140.88,23575094,AAPL
2017-03-28,140.91,144.04,140.62,143.8,33374805,AAPL
2017-03-29,143.68,144.49,143.19,144.12,29189955,AAPL
2017-03-30,144.19,144.5,143.5,143.93,21207252,AAPL
2017-03-31,143.72,144.27,143.01,143.66,19661651,AAPL
2017-04-03,143.71,144.12,143.05,143.7,19985714,AAPL
2017-04-04,143.25,144.89,143.17,144.77,19891354,AAPL
2017-04-05,144.22,145.46,143.81,144.02,27717854,AAPL
2017-04-06,144.29,144.52,143.45,143.66,21149034,AAPL
2017-04-07,143.73,144.18,143.27,143.34,16672198,AAPL
2017-04-10,143.6,143.88,142.9,143.17,18933397,AAPL
2017-04-11,142.94,143.35,140.06,141.63,30379376,AAPL
2017-04-12,141.6,142.15,141.01,141.8,20350000,AAPL
2017-04-13,141.91,142.38,141.05,141.05,17822880,AAPL
2017-04-17,141.48,141.88,140.87,141.83,16582094,AAPL
2017-04-18,141.41,142.04,141.11,141.2,14697544,AAPL
2017-04-19,141.88,142.0,140.45,140.68,17328375,AAPL
2017-04-20,141.22,142.92,141.16,142.44,23319562,AAPL
2017-04-21,142.44,142.68,141.85,142.27,17320928,AAPL
2017-04-24,143.5,143.95,143.18,143.64,17134333,AAPL
2017-04-25,143.91,144.9,143.87,144.53,18871501,AAPL
2017-04-26,144.47,144.6,143.38,143.68,20041241,AAPL
2017-04-27,143.92,144.16,143.31,143.79,14246347,AAPL
2017-04-28,144.09,144.3,143.27,143.65,20860358,AAPL
2017-05-01,145.1,147.2,144.96,146.58,33602943,AAPL
2017-05-02,147.54,148.09,146.84,147.51,45352194,AAPL
2017-05-03,145.59,147.49,144.27,147.06,45697034,AAPL
2017-05-04,146.52,147.14,145.81,146.53,23371872,AAPL
2017-05-05,146.76,148.98,146.76,148.96,27327725,AAPL
2017-05-08,149.03,153.7,149.03,153.01,48752413,AAPL
2017-05-09,153.87,154.88,153.45,153.99,39130363,AAPL
2017-05-10,153.63,153.94,152.11,153.26,25805692,AAPL
2017-05-11,152.45,154.07,152.31,153.95,27255058,AAPL
2017-05-12,154.7,156.42,154.67,156.1,32527017,AAPL
2017-05-15,156.01,156.65,155.05,155.7,26009719,AAPL
2017-05-16,155.94,156.06,154.72,155.47,20048478,AAPL
2017-05-17,153.6,154.57,149.71,150.25,50767678,AAPL
2017-05-18,151.27,153.34,151.13,152.54,33568215,AAPL
2017-05-19,153.38,153.98,152.63,153.06,26960788,AAPL
2017-05-22,154.0,154.58,152.91,153.99,22966437,AAPL
2017-05-23,154.9,154.9,153.31,153.8,19918871,AAPL
2017-05-24,153.84,154.17,152.67,153.34,19219154,AAPL
2017-05-25,153.73,154.35,153.03,153.87,19235598,AAPL
2017-05-26,154.0,154.24,153.31,153.61,21927637,AAPL
2017-05-30,153.42,154.43,153.33,153.67,20126851,AAPL
2017-05-31,153.97,154.17,152.38,152.76,24451164,AAPL
2017-06-01,153.17,153.33,152.22,153.18,16404088,AAPL
2017-06-02,153.58,155.45,152.89,155.45,27770715,AAPL
2017-06-05,154.34,154.45,153.46,153.93,25331662,AAPL
2017-06-06,153.9,155.81,153.78,154.45,26624926,AAPL
2017-06-07,155.02,155.98,154.48,155.37,21069647,AAPL
2017-06-08,155.25,155.54,154.4,154.99,21250798,AAPL
2017-06-09,155.19,155.19,146.02,148.98,64882657,AAPL
2017-06-12,145.74,146.09,142.51,145.42,72307330,AAPL
2017-06-13,147.16,147.45,145.15,146.59,34165445,AAPL
2017-06-14,147.5,147.5,143.84,145.16,31531232,AAPL
2017-06-15,143.32,144.48,142.21,144.29,32165373,AAPL
2017-06-16,143.78,144.5,142.2,142.27,50361093,AAPL
2017-06-19,143.66,146.74,143.66,146.34,32541404,AAPL
2017-06-20,146.87,146.87,144.94,145.01,24900073,AAPL
2017-06-21,145.52,146.07,144.61,145.87,21265751,AAPL
2017-06-22,145.77,146.7,145.12,145.63,19106294,AAPL
2017-06-23,145.13,147.16,145.11,146.28,35439389,AAPL
2017-06-26,147.17,148.28,145.38,145.82,25692361,AAPL
2017-06-27,145.01,146.16,143.62,143.73,24761891,AAPL
2017-06-28,144.49,146.11,143.16,145.83,22082432,AAPL
2017-06-29,144.71,145.13,142.28,143.68,31499368,AAPL
2017-06-30,144.45,144.96,143.78,144.02,23024107,AAPL
2017-07-03,144.88,145.3,143.1,143.5,14277848,AAPL
2017-07-05,143.69,144.79,142.72,144.09,21569557,AAPL
2017-07-06,143.02,143.5,142.41,142.73,24128782,AAPL
2017-07-07,142.9,144.75,142.9,144.18,19201712,AAPL
2017-07-10,144.11,145.95,143.37,145.06,21090636,AAPL
2017-07-11,144.73,145.85,144.38,145.53,19781836,AAPL
2017-07-12,145.87,146.18,144.82,145.74,24884478,AAPL
2017-07-13,145.5,148.49,145.44,147.77,25199373,AAPL
2017-07-14,147.97,149.33,147.33,149.04,20132061,AAPL
2017-07-17,148.82,150.9,148.57,149.56,23793456,AAPL
2017-07-18,149.2,150.13,148.67,150.08,17868792,AAPL
2017-07-19,150.48,151.42,149.95,151.02,20922969,AAPL
2017-07-20,151.5,151.74,150.19,150.34,17243748,AAPL
2017-07-21,149.99,150.44,148.88,150.27,26252630,AAPL
2017-07-24,150.58,152.44,149.9,152.09,21493160,AAPL
2017-07-25,151.8,153.84,151.8,152.74,18853932,AAPL
2017-07-26,153.35,153.93,153.06,153.46,15780951,AAPL
2017-07-27,153.75,153.99,147.3,150.56,32476337,AAPL
2017-07-28,149.89,150.23,149.19,149.5,17213653,AAPL
2017-07-31,149.9,150.33,148.13,148.73,19845920,AAPL
2017-08-01,149.1,150.22,148.41,150.05,35368645,AAPL
2017-08-02,159.28,159.75,156.16,157.14,69936800,AAPL
2017-08-03,157.05,157.21,155.02,155.57,27097296,AAPL
2017-08-04,156.07,157.4,155.69,156.39,20559852,AAPL
2017-08-07,157.06,158.92,156.67,158.81,21870321,AAPL
2017-08-08,158.6,161.83,158.27,160.08,36205896,AAPL
2017-08-09,159.26,161.27,159.11,161.06,26131530,AAPL
2017-08-10,159.9,160.0,154.63,155.32,40804273,AAPL
2017-08-11,156.6,158.57,156.07,157.48,26257096,AAPL
2017-08-14,159.32,160.21,158.75,159.85,22122734,AAPL
2017-08-15,160.66,162.2,160.14,161.6,29465487,AAPL
2017-08-16,161.94,162.51,160.15,160.95,27671612,AAPL
2017-08-17,160.52,160.71,157.84,157.86,27940565,AAPL
2017-08-18,157.86,159.5,156.72,157.5,27428069,AAPL
2017-08-21,157.5,157.89,155.11,157.21,26368528,AAPL
2017-08-22,158.23,160.0,158.02,159.78,21604585,AAPL
2017-08-23,159.07,160.47,158.88,159.98,19399081,AAPL
2017-08-24,160.43,160.74,158.55,159.27,19818918,AAPL
2017-08-25,159.65,160.56,159.27,159.86,25480063,AAPL
2017-08-28,160.14,162.0,159.93,161.47,25965972,AAPL
2017-08-29,160.1,163.12,160.0,162.91,29516910,AAPL
2017-08-30,163.8,163.89,162.61,163.35,27269584,AAPL
2017-08-31,163.64,164.52,163.48,164.0,26785096,AAPL
2017-09-01,164.8,164.94,163.63,164.05,16591051,AAPL
2017-09-05,163.75,164.25,160.56,162.08,29536314,AAPL
2017-09-06,162.71,162.99,160.52,161.91,21651726,AAPL
2017-09-07,162.09,162.24,160.36,161.26,21928502,AAPL
2017-09-08,160.86,161.15,158.53,158.63,28611535,AAPL
2017-09-11,160.5,162.05,159.89,161.5,31580798,AAPL
2017-09-12,162.61,163.96,158.77,160.86,71714046,AAPL
2017-09-13,159.87,159.96,157.91,159.65,44907361,AAPL
2017-09-14,158.99,159.4,158.09,158.28,23760749,AAPL
2017-09-15,158.47,160.97,158.0,159.88,49114602,AAPL
2017-09-18,160.11,160.5,158.0,158.67,28269435,AAPL
2017-09-19,159.51,159.77,158.44,158.73,20810632,AAPL
2017-09-20,157.9,158.26,153.83,156.07,52951364,AAPL
2017-09-21,155.8,155.8,152.75,153.39,37511661,AAPL
2017-09-22,151.54,152.27,150.56,151.89,46645443,AAPL
2017-09-25,149.99,151.83,149.16,150.55,44387336,AAPL
2017-09-26,151.78,153.92,151.69,153.14,36660045,AAPL
2017-09-27,153.8,154.72,153.54,154.23,25182779,AAPL
2017-09-28,153.89,154.28,152.7,153.28,22005455,AAPL
2017-09-29,153.21,154.13,152.0,154.12,26299810,AAPL
2017-10-02,154.26,154.45,152.72,153.81,18698842,AAPL
2017-10-03,154.01,155.09,153.91,154.48,16230293,AAPL
2017-10-04,153.63,153.86,152.46,153.48,20163750,AAPL
2017-10-05,154.18,155.44,154.05,155.39,21283769,AAPL
2017-10-06,154.97,155.49,154.56,155.3,17407558,AAPL
2017-10-09,155.81,156.73,155.48,155.84,16262923,AAPL
2017-10-10,156.06,158.0,155.1,155.9,15617014,AAPL
2017-10-11,155.97,156.98,155.75,156.55,16905640,AAPL
2017-10-12,156.35,157.37,155.73,156.0,16125054,AAPL
2017-10-13,156.73,157.28,156.41,156.99,16394188,AAPL
2017-10-16,157.9,160.0,157.65,159.88,24121452,AAPL
2017-10-17,159.78,160.87,159.23,160.47,18997275,AAPL
2017-10-18,160.42,160.71,159.6,159.76,16374164,AAPL
2017-10-19,156.75,157.08,155.02,155.98,42584166,AAPL
2017-10-20,156.61,157.75,155.96,156.25,23974146,AAPL
2017-10-23,156.89,157.69,155.5,156.17,21984327,AAPL
2017-10-24,156.29,157.42,156.2,157.1,17757230,AAPL
2017-10-25,156.91,157.55,155.27,156.41,21207098,AAPL
2017-10-26,157.23,157.83,156.78,157.41,17000469,AAPL
2017-10-27,159.29,163.6,158.7,163.05,44454160,AAPL
2017-10-30,163.89,168.07,163.72,166.72,44700772,AAPL
2017-10-31,167.9,169.65,166.94,169.04,36046828,AAPL
2017-11-01,169.87,169.94,165.61,166.89,33637762,AAPL
2017-11-02,166.6,168.5,165.28,168.11,41393373,AAPL
2017-11-03,174.0,174.26,171.12,172.5,59398631,AAPL
2017-11-06,172.36,174.99,171.72,174.25,35026306,AAPL
2017-11-07,173.91,175.25,173.6,174.81,24361485,AAPL
2017-11-08,174.66,176.24,174.33,176.24,24409527,AAPL
2017-11-09,175.11,176.1,173.14,175.88,29482596,AAPL
2017-11-10,175.11,175.38,174.27,174.67,25145500,AAPL
2017-11-13,173.5,174.5,173.4,173.97,16982080,AAPL
2017-11-14,173.04,173.48,171.18,171.34,24782487,AAPL
2017-11-15,169.97,170.32,168.38,169.08,29158070,AAPL
2017-11-16,171.18,171.87,170.3,171.1,23637484,AAPL
2017-11-17,171.04,171.39,169.64,170.15,21899544,AAPL
2017-11-20,170.29,170.56,169.56,169.98,16262447,AAPL
2017-11-21,170.78,173.7,170.78,173.14,25131295,AAPL
2017-11-22,173.36,175.0,173.05,174.96,25588925,AAPL
2017-11-24,175.1,175.5,174.65,174.97,14026673,AAPL
2017-11-27,175.05,175.08,173.34,174.09,20716802,AAPL
2017-11-28,174.3,174.87,171.86,173.07,26428802,AAPL
2017-11-29,172.63,172.92,167.16,169.48,41666364,AAPL
2017-11-30,170.43,172.14,168.44,171.85,41527218,AAPL
2017-12-01,169.95,171.67,168.5,171.05,39759288,AAPL
2017-12-04,172.48,172.62,169.63,169.8,32542385,AAPL
2017-12-05,169.06,171.52,168.4,169.64,27350154,AAPL
2017-12-06,167.5,170.2,166.46,169.01,28560000,AAPL
2017-12-07,169.03,170.44,168.91,169.32,25673308,AAPL
2017-12-08,170.49,171.0,168.82,169.37,23355231,AAPL
2017-12-11,169.2,172.89,168.79,172.67,35273759,AAPL
2017-12-12,172.15,172.39,171.46,171.7,19409230,AAPL
2017-12-13,172.5,173.54,172.0,172.27,23818447,AAPL
2017-12-14,172.4,173.13,171.65,172.22,20476541,AAPL
2017-12-15,173.63,174.17,172.46,173.97,40169307,AAPL
2017-12-18,174.88,177.2,174.86,176.42,29421114,AAPL
2017-12-19,174.99,175.39,174.09,174.54,27436447,AAPL
2017-12-20,174.87,175.42,173.25,174.35,23475649,AAPL
2017-12-21,174.17,176.02,174.1,175.01,20949896,AAPL
2017-12-22,174.68,175.42,174.5,175.01,16349444,AAPL
2017-12-26,170.8,171.47,169.68,170.57,33185536,AAPL
2017-12-27,170.1,170.78,169.71,170.6,21498213,AAPL
2017-12-28,171.0,171.85,170.48,171.08,16480187,AAPL
2017-12-29,170.52,170.59,169.22,169.23,25999922,AAPL
2006-01-03,57.87,58.11,57.05,57.8,3697500,CAT
2006-01-04,57.95,59.43,57.55,59.27,4577200,CAT
2006-01-05,59.02,59.86,59.0,59.27,4590700,CAT
2006-01-06,59.47,60.76,59.38,60.45,5692300,CAT
2006-01-09,60.45,61.68,60.45,61.55,4409300,CAT
2006-01-10,61.35,61.52,60.64,61.3,3188100,CAT
2006-01-11,60.87,61.64,60.7,61.33,2755600,CAT
2006-01-12,61.23,62.66,61.11,62.21,5322500,CAT
2006-01-13,62.02,62.49,61.87,62.33,1936700,CAT
2006-01-17,61.69,63.15,61.65,62.96,3623300,CAT
2006-01-18,62.36,62.72,61.7,62.33,3656100,CAT
2006-01-19,62.05,63.0,61.9,62.51,2375600,CAT
2006-01-20,62.51,62.51,60.48,60.78,4441300,CAT
2006-01-23,60.75,61.44,60.26,61.04,2710500,CAT
2006-01-24,60.79,61.86,60.75,61.35,3291600,CAT
2006-01-25,61.5,63.25,61.11,62.07,4772400,CAT
2006-01-26,63.3,65.44,62.3,65.17,10318100,CAT
2006-01-27,65.9,68.37,65.15,67.53,7588000,CAT
2006-01-30,66.53,68.12,66.32,67.01,5077400,CAT
2006-01-31,67.0,68.17,66.64,67.9,5674400,CAT
2006-02-01,68.1,69.34,67.9,69.24,4826100,CAT
2006-02-02,68.75,69.1,67.99,68.39,4605500,CAT
2006-02-03,68.2,68.97,67.75,68.13,3529800,CAT
2006-02-06,68.5,68.82,68.0,68.7,3745900,CAT
2006-02-07,68.3,68.34,66.93,67.16,4909100,CAT
2006-02-08,67.75,68.89,67.36,68.81,3569100,CAT
2006-02-09,69.0,69.75,68.23,68.45,4017700,CAT
2006-02-10,68.15,68.87,67.78,68.75,3167900,CAT
2006-02-13,68.3,69.06,67.88,68.62,2838400,CAT
2006-02-14,69.0,70.41,68.23,70.22,4532600,CAT
2006-02-15,69.93,71.65,69.9,71.6,4396500,CAT
2006-02-16,71.79,72.0,71.39,71.96,3483300,CAT
2006-02-17,72.0,72.39,71.71,72.05,4767900,CAT
2006-02-21,72.0,72.79,71.68,72.59,3956800,CAT
2006-02-22,72.59,73.73,72.54,73.06,5532000,CAT
2006-02-23,73.07,73.09,71.9,72.35,4974100,CAT
2006-02-24,72.5,72.92,71.76,72.7,2924100,CAT
2006-02-27,73.3,73.99,73.0,73.5,3217900,CAT
2006-02-28,73.1,73.36,72.4,73.08,4444400,CAT
2006-03-01,73.13,74.94,72.95,74.39,4193400,CAT
2006-03-02,74.14,74.62,73.81,74.34,2247700,CAT
2006-03-03,74.35,75.5,74.11,74.61,3397300,CAT
2006-03-06,74.63,74.88,72.5,73.22,5497000,CAT
2006-03-07,73.01,74.02,72.21,73.04,4904800,CAT
2006-03-08,73.04,73.05,70.34,72.4,7726100,CAT
2006-03-09,72.43,72.52,71.25,71.4,5101600,CAT
2006-03-10,71.35,72.01,70.38,70.95,5996900,CAT
2006-03-13,71.45,71.75,70.79,71.0,3401500,CAT
2006-03-14,71.0,72.28,71.0,71.94,4048600,CAT
2006-03-15,72.11,74.7,71.94,74.29,5212600,CAT
2006-03-16,74.93,75.39,74.38,74.9,5802800,CAT
2006-03-17,75.58,76.35,74.45,76.23,7015600,CAT
2006-03-20,76.88,77.11,75.63,75.85,4217900,CAT
2006-03-21,75.9,76.27,74.19,74.31,4594400,CAT
2006-03-22,73.7,76.45,74.38,76.21,3636000,CAT
2006-03-23,76.4,77.21,75.75,76.26,4874800,CAT
2006-03-24,76.26,76.66,75.17,75.5,4321200,CAT
2006-03-27,75.88,76.16,75.03,75.38,2579100,CAT
2006-03-28,75.55,76.23,74.71,74.87,3726800,CAT
2006-03-29,73.25,73.98,72.55,73.67,6588100,CAT
2006-03-30,73.65,74.35,72.16,72.4,5283600,CAT
2006-03-31,72.4,72.46,71.3,71.81,4316800,CAT
2006-04-03,72.71,75.48,72.56,73.5,5885200,CAT
2006-04-04,74.1,75.52,73.49,75.3,4606100,CAT
2006-04-05,75.5,76.15,74.6,75.8,4758400,CAT
2006-04-06,75.5,76.08,75.01,75.65,3679300,CAT
2006-04-07,75.6,76.05,74.66,74.92,4262900,CAT
2006-04-10,74.93,75.92,74.92,75.45,4040400,CAT
2006-04-11,76.22,76.74,75.5,76.66,5325200,CAT
2006-04-12,76.84,78.25,76.84,77.84,6412900,CAT
2006-04-13,77.2,77.77,76.41,76.94,4209000,CAT
2006-04-17,77.49,78.8,76.29,76.45,5469400,CAT
2006-04-18,77.05,79.1,76.82,78.91,7702500,CAT
2006-04-19,79.05,79.95,78.35,78.97,4648100,CAT
2006-04-20,78.99,79.32,77.25,77.97,3850300,CAT
2006-04-21,79.45,80.0,77.6,77.87,6891700,CAT
2006-04-24,78.25,79.72,76.73,77.38,11226000,CAT
2006-04-25,77.28,77.28,74.77,74.93,7537200,CAT
2006-04-26,76.06,76.8,75.61,75.95,4613000,CAT
2006-04-27,74.99,75.65,73.85,75.06,6142000,CAT
2006-04-28,75.5,76.1,75.1,75.74,4432600,CAT
2006-05-01,76.2,76.61,75.41,75.63,4253100,CAT
2006-05-02,75.94,77.66,75.82,77.48,3857500,CAT
2006-05-03,77.95,78.23,76.6,78.1,3639700,CAT
2006-05-04,78.5,79.13,78.32,78.81,3640800,CAT
2006-05-05,79.58,80.89,79.4,79.98,6022700,CAT
2006-05-08,79.99,80.12,78.91,79.9,2725300,CAT
2006-05-09,80.0,81.14,79.99,81.14,2969300,CAT
2006-05-10,81.39,82.03,80.25,80.97,3969300,CAT
2006-05-11,80.97,81.3,79.34,79.62,4367800,CAT
2006-05-12,79.25,79.5,77.68,77.81,4548800,CAT
2006-05-15,77.81,77.9,76.22,77.47,4918800,CAT
2006-05-16,77.96,78.97,77.12,77.34,3756300,CAT
2006-05-17,76.39,77.16,75.01,75.91,6110900,CAT
2006-05-18,76.09,76.45,74.35,74.62,6260200,CAT
2006-05-19,74.99,75.08,72.1,72.78,10337600,CAT
2006-05-22,72.0,73.38,71.95,72.87,7286400,CAT
2006-05-23,73.71,74.75,73.67,73.72,5703800,CAT
2006-05-24,73.4,75.2,72.18,73.59,6464700,CAT
2006-05-25,73.72,74.08,72.44,73.96,3761000,CAT
2006-05-26,74.25,74.82,73.33,74.42,2748000,CAT
2006-05-30,74.43,74.44,72.06,72.16,4130200,CAT
2006-05-31,72.58,73.42,71.4,72.95,4032900,CAT
2006-06-01,72.71,73.47,71.86,73.29,2910300,CAT
2006-06-02,73.55,73.55,72.13,72.81,3731000,CAT
2006-06-05,72.8,72.81,68.81,69.33,6864100,CAT
2006-06-06,69.25,70.02,68.1,68.48,8730700,CAT
2006-06-07,68.7,68.75,66.41,66.74,9782100,CAT
2006-06-08,66.4,67.54,64.41,66.89,11897800,CAT
2006-06-09,67.89,69.05,67.3,67.52,7943000,CAT
2006-06-12,68.4,68.4,66.06,66.32,6336200,CAT
2006-06-13,65.63,67.5,65.41,66.33,6267900,CAT
2006-06-14,65.95,67.58,65.9,67.48,5343500,CAT
2006-06-15,68.5,71.05,68.5,70.85,8440100,CAT
2006-06-16,70.85,71.37,70.35,70.55,6862100,CAT
2006-06-19,71.0,71.45,69.5,69.95,5341000,CAT
2006-06-20,70.38,71.64,70.2,70.99,5368800,CAT
2006-06-21,70.99,73.45,70.98,72.47,5502200,CAT
2006-06-22,72.6,72.66,71.36,72.28,3360500,CAT
2006-06-23,72.05,73.25,71.15,72.14,3331200,CAT
2006-06-26,72.4,72.96,71.58,72.48,2525900,CAT
2006-06-27,71.6,72.97,71.52,71.65,2586300,CAT
2006-06-28,71.66,72.93,71.41,72.71,2922500,CAT
2006-06-29,72.85,74.69,72.68,74.4,5138300,CAT
2006-06-30,74.95,74.95,73.42,74.48,3921100,CAT
2006-07-03,74.92,75.43,74.48,74.77,1908300,CAT
2006-07-05,73.7,73.8,72.88,73.13,5035800,CAT
2006-07-06,73.12,74.24,72.95,73.65,3175700,CAT
2006-07-07,73.4,73.94,72.36,72.58,3334000,CAT
2006-07-10,72.75,74.1,72.5,73.27,2609100,CAT
2006-07-11,73.28,73.61,72.59,73.4,3400100,CAT
2006-07-12,73.02,73.2,71.14,71.31,3876700,CAT
2006-07-13,71.06,71.07,69.65,69.7,4981100,CAT
2006-07-14,70.0,70.29,68.8,69.19,5557000,CAT
2006-07-17,69.19,70.19,69.0,69.19,5693500,CAT
2006-07-18,69.6,70.15,68.06,69.47,4852200,CAT
2006-07-19,69.47,71.79,68.38,71.12,5557600,CAT
2006-07-20,71.37,71.87,68.62,69.08,7217900,CAT
2006-07-21,71.0,71.1,67.1,68.35,14444700,CAT
2006-07-24,69.45,70.56,68.22,70.52,7135300,CAT
2006-07-25,70.5,71.02,69.33,70.66,5465200,CAT
2006-07-26,70.77,70.93,69.8,70.13,3527100,CAT
2006-07-27,70.5,72.62,70.24,70.72,6082700,CAT
2006-07-28,71.3,71.71,70.4,71.21,3027700,CAT
2006-07-31,71.0,71.66,70.45,70.87,3419800,CAT
2006-08-01,70.12,70.43,69.12,69.71,4518600,CAT
2006-08-02,69.92,71.21,69.92,70.75,3056500,CAT
2006-08-03,70.25,72.9,69.92,72.73,4899600,CAT
2006-08-04,73.47,74.08,72.24,73.1,5194900,CAT
2006-08-07,73.13,73.92,72.53,73.18,3873200,CAT
2006-08-08,73.19,73.43,71.27,71.6,4140400,CAT
2006-08-09,72.3,72.35,68.4,68.52,8318200,CAT
2006-08-10,68.75,69.04,68.06,68.32,6736000,CAT
2006-08-11,68.15,68.22,66.15,67.03,7035600,CAT
2006-08-14,67.6,68.61,65.52,65.96,8324800,CAT
2006-08-15,66.46,67.46,65.9,67.41,6886500,CAT
2006-08-16,68.17,69.55,67.66,69.11,6774900,CAT
2006-08-17,69.11,70.04,68.75,69.36,3738700,CAT
2006-08-18,69.75,69.75,67.69,68.31,5815800,CAT
2006-08-21,68.25,68.43,67.61,68.25,3925100,CAT
2006-08-22,68.42,69.1,68.11,68.5,3696500,CAT
2006-08-23,68.75,69.21,67.08,67.21,4572100,CAT
2006-08-24,67.21,67.22,64.75,65.5,8912100,CAT
2006-08-25,65.5,66.46,65.25,65.99,3964500,CAT
2006-08-28,66.13,66.99,65.82,66.07,3840800,CAT
2006-08-29,66.27,66.47,65.11,65.45,4912800,CAT
2006-08-30,65.1,65.73,64.82,65.06,4252000,CAT
2006-08-31,65.3,66.56,64.95,66.35,6410100,CAT
2006-09-01,66.67,67.8,65.95,67.27,5712000,CAT
2006-09-05,68.85,69.87,67.96,69.68,8504900,CAT
2006-09-06,69.01,70.4,69.01,69.13,5590000,CAT
2006-09-07,68.45,68.65,67.7,67.76,5196300,CAT
2006-09-08,68.1,68.2,67.27,67.32,4313300,CAT
2006-09-11,67.01,67.01,65.34,65.51,7895100,CAT
2006-09-12,65.75,66.04,64.6,65.15,12080700,CAT
2006-09-13,65.16,67.14,65.14,66.33,7132700,CAT
2006-09-14,66.33,66.67,65.45,65.51,3498800,CAT
2006-09-15,66.3,66.3,65.29,65.43,6409000,CAT
2006-09-18,65.51,67.6,65.5,66.99,5674400,CAT
2006-09-19,67.55,67.6,65.89,66.56,3997800,CAT
2006-09-20,66.95,67.25,65.85,65.88,4903400,CAT
2006-09-21,66.37,66.39,64.23,64.54,8954100,CAT
2006-09-22,64.54,64.67,62.09,62.77,11133500,CAT
2006-09-25,62.97,64.9,62.76,64.33,7680700,CAT
2006-09-26,64.36,66.55,64.29,65.9,7622500,CAT
2006-09-27,65.9,66.85,65.14,65.68,5032800,CAT
2006-09-28,65.64,66.59,65.17,66.59,5875900,CAT
2006-09-29,67.0,67.06,65.75,65.8,4280000,CAT
2006-10-02,65.45,66.48,65.3,65.36,4272700,CAT
2006-10-03,65.37,65.71,64.49,65.11,5630500,CAT
2006-10-04,63.81,65.54,63.5,65.54,7107400,CAT
2006-10-05,65.4,68.81,65.3,68.24,12215700,CAT
2006-10-06,67.51,68.11,66.54,68.05,6587800,CAT
2006-10-09,67.8,69.95,67.78,68.9,6839600,CAT
2006-10-10,69.3,69.41,68.49,69.06,4698200,CAT
2006-10-11,68.8,68.81,67.52,68.32,3445200,CAT
2006-10-12,68.7,69.67,68.56,69.25,4324500,CAT
2006-10-13,69.45,69.45,68.68,69.08,3486100,CAT
2006-10-16,69.33,70.25,69.0,69.93,6686300,CAT
2006-10-17,69.68,70.12,68.57,69.9,6039100,CAT
2006-10-18,70.76,70.92,68.7,69.08,6579300,CAT
2006-10-19,68.69,69.15,68.09,69.02,4939300,CAT
2006-10-20,61.96,62.28,58.82,59.0,67806100,CAT
2006-10-23,60.0,60.63,59.16,60.42,22143300,CAT
2006-10-24,61.3,61.8,60.73,60.93,11653800,CAT
2006-10-25,61.24,62.09,60.78,61.91,11557700,CAT
2006-10-26,62.7,62.78,62.11,62.35,10546100,CAT
2006-10-27,62.35,62.35,61.22,61.27,9045500,CAT
2006-10-30,61.17,61.19,60.49,60.76,5366100,CAT
2006-10-31,61.0,61.13,60.34,60.71,6959600,CAT
2006-11-01,60.71,61.02,60.06,60.5,9107900,CAT
2006-11-02,60.5,61.12,60.25,60.56,7880100,CAT
2006-11-03,60.63,60.93,60.25,60.43,6515000,CAT
2006-11-06,60.4,60.59,59.68,59.85,9579900,CAT
2006-11-07,59.97,60.4,59.86,59.92,7660000,CAT
2006-11-08,59.92,60.4,59.54,60.1,11510300,CAT
2006-11-09,60.31,60.4,59.0,59.2,7779700,CAT
2006-11-10,59.45,59.69,58.99,59.6,5966900,CAT
2006-11-13,59.26,60.21,59.24,59.52,5139300,CAT
2006-11-14,59.9,60.44,59.66,60.36,6206900,CAT
2006-11-15,60.5,61.66,60.37,61.45,8616700,CAT
2006-11-16,61.65,62.11,61.31,61.37,4834100,CAT
2006-11-17,61.37,61.37,60.45,60.94,7929700,CAT
2006-11-20,60.51,61.08,60.5,60.91,3759100,CAT
2006-11-21,60.55,62.4,60.2,62.19,9021500,CAT
2006-11-22,62.93,63.1,61.88,62.79,7213200,CAT
2006-11-24,62.45,63.33,62.12,62.87,2965900,CAT
2006-11-27,62.6,63.19,61.85,61.97,5817900,CAT
2006-11-28,61.75,61.96,60.6,61.6,6687700,CAT
2006-11-29,62.05,62.46,61.7,62.06,3592400,CAT
2006-11-30,62.15,62.7,61.61,62.03,3997000,CAT
2006-12-01,62.44,62.44,60.3,61.19,7193900,CAT
2006-12-04,61.39,61.79,60.95,61.49,4954800,CAT
2006-12-05,61.5,62.5,61.39,62.15,4508600,CAT
2006-12-06,62.3,63.1,62.04,63.05,6066400,CAT
2006-12-07,63.25,63.95,62.75,63.0,5392600,CAT
2006-12-08,63.0,63.88,63.0,63.4,4098700,CAT
2006-12-11,63.6,63.66,62.66,63.07,4699700,CAT
2006-12-12,63.0,63.3,61.56,62.28,6698400,CAT
2006-12-13,62.48,62.5,61.29,61.49,5110800,CAT
2006-12-14,61.69,62.47,61.51,62.12,5352800,CAT
2006-12-15,62.64,62.74,61.75,61.82,5763800,CAT
2006-12-18,62.17,62.59,61.66,61.92,5307700,CAT
2006-12-19,61.47,62.0,61.15,61.52,4305100,CAT
2006-12-20,61.4,61.89,60.9,61.37,5606100,CAT
2006-12-21,61.15,61.53,60.38,60.81,3357700,CAT
2006-12-22,60.81,60.89,60.35,60.59,2788000,CAT
2006-12-26,60.5,61.13,60.49,60.9,1933100,CAT
2006-12-27,61.0,61.58,60.9,61.47,2773800,CAT
2006-12-28,61.38,61.85,61.27,61.31,2402500,CAT
2006-12-29,61.12,61.65,61.06,61.33,2363600,CAT
2007-01-03,61.71,62.31,60.7,61.16,6138900,CAT
2007-01-04,61.25,61.28,60.34,61.0,4060200,CAT
2007-01-05,60.77,60.92,59.95,60.22,6267100,CAT
2007-01-08,60.09,60.57,59.86,60.29,3943000,CAT
2007-01-09,60.46,60.7,60.0,60.62,3929100,CAT
2007-01-10,60.19,60.39,59.85,60.32,6825100,CAT
2007-01-11,60.14,60.58,59.9,60.0,7440900,CAT
2007-01-12,59.66,59.9,59.2,59.74,6560800,CAT
2007-01-16,59.87,59.93,59.1,59.24,6843100,CAT
2007-01-17,59.36,60.68,59.25,59.91,7255600,CAT
2007-01-18,59.6,60.3,59.6,59.9,7027700,CAT
2007-01-19,60.1,60.2,59.28,59.37,5561700,CAT
2007-01-22,59.37,59.53,57.98,58.17,9881300,CAT
2007-01-23,58.43,59.56,58.17,59.56,8587900,CAT
2007-01-24,59.79,60.12,59.05,59.73,8017500,CAT
2007-01-25,59.85,60.12,59.38,59.63,7482500,CAT
2007-01-26,61.26,61.42,60.5,61.09,12450800,CAT
2007-01-29,61.29,62.29,61.07,61.7,9608800,CAT
2007-01-30,62.15,63.16,61.96,62.88,8954000,CAT
2007-01-31,63.14,64.34,62.98,64.07,9639100,CAT
2007-02-01,64.8,65.25,64.45,64.99,10273000,CAT
2007-02-02,65.0,65.37,64.55,65.25,5971800,CAT
2007-02-05,65.25,65.3,64.31,64.49,5265700,CAT
2007-02-06,64.5,64.95,64.32,64.42,4873100,CAT
2007-02-07,64.9,65.9,64.65,65.64,6546400,CAT
2007-02-08,65.58,65.85,64.86,65.63,4528600,CAT
2007-02-09,65.99,65.99,64.69,64.8,5576200,CAT
2007-02-12,64.75,65.18,64.28,64.6,4977627,CAT
2007-02-13,64.61,65.18,64.31,64.73,4965188,CAT
2007-02-14,64.73,66.48,65.17,66.16,7526254,CAT
2007-02-15,68.0,68.2,67.0,67.62,9566900,CAT
2007-02-16,67.63,68.04,67.3,67.67,4250200,CAT
2007-02-20,67.67,68.0,67.01,67.93,6964300,CAT
2007-02-21,67.93,68.36,67.33,68.21,7225500,CAT
2007-02-22,68.25,68.43,67.33,67.78,4989400,CAT
2007-02-23,67.78,67.66,67.07,67.26,3777800,CAT
2007-02-26,67.51,67.77,67.07,67.26,3990310,CAT
2007-02-27,66.05,66.17,63.51,64.83,10824700,CAT
2007-02-28,64.67,65.06,63.01,64.43,9558400,CAT
2007-03-01,64.42,64.29,62.75,63.9,7994165,CAT
2007-03-02,63.4,64.16,62.94,63.04,6037500,CAT
2007-03-05,62.52,63.8,62.34,63.17,6722500,CAT
2007-03-06,63.56,64.13,63.19,63.62,5360600,CAT
2007-03-07,63.73,64.65,63.63,64.23,5284300,CAT
2007-03-08,64.56,64.99,64.0,64.3,4206200,CAT
2007-03-09,64.46,64.8,64.01,64.4,3267700,CAT
2007-03-12,64.41,64.89,63.63,64.57,4949100,CAT
2007-03-13,64.11,64.65,63.18,63.34,6297900,CAT
2007-03-14,63.21,63.78,62.58,63.64,6611900,CAT
2007-03-15,63.49,63.91,63.17,63.46,4547500,CAT
2007-03-16,63.72,64.11,62.9,63.16,5242507,CAT
2007-03-19,64.65,64.75,63.89,64.17,5076102,CAT
2007-03-20,64.17,65.18,64.01,64.86,4730800,CAT
2007-03-21,65.1,66.45,64.99,66.21,5865424,CAT
2007-03-22,66.62,66.87,65.94,66.54,4810807,CAT
2007-03-23,66.65,67.43,66.6,66.88,4127197,CAT
2007-03-26,67.45,67.72,66.26,66.84,7726878,CAT
2007-03-27,66.31,67.04,66.14,66.88,4266800,CAT
2007-03-28,66.55,66.74,65.75,66.24,4428700,CAT
2007-03-29,66.25,66.91,65.63,66.19,3752600,CAT
2007-03-30,66.7,67.69,66.65,67.03,6216500,CAT
2007-04-02,67.04,67.15,66.02,66.75,4917200,CAT
2007-04-03,67.21,67.7,66.84,67.24,5065355,CAT
2007-04-04,67.24,67.76,66.93,67.48,3257300,CAT
2007-04-05,67.48,68.0,67.4,67.63,3632707,CAT
2007-04-09,67.64,68.19,67.08,67.34,3780650,CAT
2007-04-10,67.2,67.55,66.4,66.95,3699985,CAT
2007-04-11,67.0,67.17,66.05,66.35,3779732,CAT
2007-04-12,66.35,66.75,65.86,66.64,4017847,CAT
2007-04-13,66.95,67.03,66.33,66.79,3449689,CAT
2007-04-16,67.03,67.33,66.47,66.9,5126326,CAT
2007-04-17,66.9,67.76,66.8,67.66,7919095,CAT
2007-04-18,68.41,69.86,68.41,69.37,9469920,CAT
2007-04-19,68.7,68.93,68.08,68.62,6964783,CAT
2007-04-20,72.62,72.83,70.71,71.82,19017662,CAT
2007-04-23,72.2,73.0,71.74,71.85,10759210,CAT
2007-04-24,71.9,72.94,71.83,72.81,6847555,CAT
2007-04-25,73.0,73.49,72.01,73.23,5807574,CAT
2007-04-26,73.05,73.34,72.61,73.0,4511214,CAT
2007-04-27,72.6,74.1,72.5,73.76,6511780,CAT
2007-04-30,73.56,73.92,72.51,72.62,5221974,CAT
2007-05-01,72.6,73.31,71.78,73.24,5282992,CAT
2007-05-02,73.31,74.29,73.15,73.4,4355288,CAT
2007-05-03,73.31,73.69,72.89,73.36,4349602,CAT
2007-05-04,73.8,74.18,72.83,73.1,3468748,CAT
2007-05-07,72.95,73.42,72.38,72.67,3632588,CAT
2007-05-08,72.5,73.85,72.24,73.43,4548500,CAT
2007-05-09,73.4,74.76,73.3,74.75,5651927,CAT
2007-05-10,74.51,74.9,73.41,73.81,4537420,CAT
2007-05-11,74.1,75.0,73.85,74.88,5549483,CAT
2007-05-14,75.0,76.46,74.6,76.3,8043340,CAT
2007-05-15,76.03,76.84,75.79,76.01,5614050,CAT
2007-05-16,76.5,76.79,75.13,75.95,5897425,CAT
2007-05-17,75.18,75.2,73.85,74.84,7426400,CAT
2007-05-18,75.01,75.25,74.47,74.77,5199400,CAT
2007-05-21,74.77,75.26,74.32,74.85,4445700,CAT
2007-05-22,74.85,75.73,74.78,75.51,5171000,CAT
2007-05-23,75.88,77.25,75.81,76.03,5682658,CAT
2007-05-24,76.03,76.98,75.08,75.43,6316294,CAT
2007-05-25,75.37,76.59,75.35,75.71,3337402,CAT
2007-05-29,75.82,76.31,75.28,75.75,3817457,CAT
2007-05-30,75.4,78.64,75.3,78.48,8564674,CAT
2007-05-31,78.6,78.89,77.88,78.58,5738120,CAT
2007-06-01,78.58,79.46,77.74,78.14,6532140,CAT
2007-06-04,77.99,78.41,77.51,78.29,3227500,CAT
2007-06-05,78.12,78.88,77.8,78.65,3480865,CAT
2007-06-06,78.12,79.12,78.0,78.68,5395137,CAT
2007-06-07,78.43,79.28,77.1,77.31,6368448,CAT
2007-06-08,77.24,78.58,77.05,78.52,5266945,CAT
2007-06-11,78.52,79.46,78.06,78.75,3694052,CAT
2007-06-12,78.76,79.33,78.02,78.08,4579328,CAT
2007-06-13,78.46,79.97,78.01,79.93,7961800,CAT
2007-06-14,79.48,81.0,79.48,80.73,6189540,CAT
2007-06-15,81.55,81.6,81.0,81.11,5901000,CAT
2007-06-18,81.11,82.13,81.06,81.85,4548454,CAT
2007-06-19,81.86,82.8,81.58,82.49,4052300,CAT
2007-06-20,82.49,82.89,81.26,81.38,4162500,CAT
2007-06-21,81.39,81.63,80.22,81.47,5411873,CAT
2007-06-22,81.47,81.99,80.77,80.9,5135300,CAT
2007-06-25,80.65,81.58,80.15,80.7,4386500,CAT
2007-06-26,80.7,81.14,80.2,80.29,5537900,CAT
2007-06-27,80.29,80.29,78.44,79.51,7854800,CAT
2007-06-28,79.55,79.63,78.65,79.09,4736600,CAT
2007-06-29,79.02,79.35,77.53,78.3,7513500,CAT
2007-07-02,78.6,80.87,78.51,80.45,4867025,CAT
2007-07-03,80.45,79.19,77.6,77.99,6266966,CAT
2007-07-05,78.0,78.38,77.16,77.49,4410400,CAT
2007-07-06,77.76,79.14,77.6,78.81,4733100,CAT
2007-07-09,79.24,80.79,79.08,79.83,6499300,CAT
2007-07-10,80.02,81.84,80.0,81.22,10014122,CAT
2007-07-11,81.4,82.58,81.22,82.17,6649100,CAT
2007-07-12,82.98,84.15,82.17,84.09,7164075,CAT
2007-07-13,84.9,85.9,84.67,85.13,6341300,CAT
2007-07-16,85.13,86.49,85.26,85.9,6032870,CAT
2007-07-17,86.25,87.0,85.99,86.47,5679700,CAT
2007-07-18,85.98,86.98,84.83,86.23,7014854,CAT
2007-07-19,86.76,87.0,85.63,86.98,6260136,CAT
2007-07-20,79.75,83.2,78.26,83.2,38721885,CAT
2007-07-23,82.47,82.99,81.39,82.0,10071580,CAT
2007-07-24,81.82,82.37,80.91,81.66,8274612,CAT
2007-07-25,82.02,82.06,79.56,80.5,9410205,CAT
2007-07-26,79.48,80.83,76.8,78.29,11727186,CAT
2007-07-27,78.29,79.98,75.25,76.02,12588965,CAT
2007-07-30,76.99,77.75,75.67,77.04,6768097,CAT
2007-07-31,77.04,79.7,77.87,78.8,11029288,CAT
2007-08-01,78.61,80.28,78.08,80.13,10205070,CAT
2007-08-02,80.25,80.8,79.0,80.67,6634873,CAT
2007-08-03,80.11,81.42,78.92,78.96,7816963,CAT
2007-08-06,79.0,81.11,77.65,81.0,7033530,CAT
2007-08-07,81.0,81.56,79.46,80.44,6449713,CAT
2007-08-08,80.3,82.13,79.69,80.9,6859597,CAT
2007-08-09,80.9,80.48,78.41,78.48,8140213,CAT
2007-08-10,77.68,78.5,76.89,77.55,8463980,CAT
2007-08-13,77.55,79.3,77.81,77.9,3866700,CAT
2007-08-14,77.91,78.21,76.59,76.77,5190900,CAT
2007-08-15,76.5,77.32,74.53,74.95,7455822,CAT
2007-08-16,74.95,74.11,70.59,73.0,16053007,CAT
2007-08-17,75.24,75.7,71.81,72.64,10763560,CAT
2007-08-20,72.97,74.8,72.23,74.05,6780400,CAT
2007-08-21,74.31,75.0,73.3,74.28,4737880,CAT
2007-08-22,75.25,76.24,74.88,75.3,5237600,CAT
2007-08-23,75.3,76.5,74.32,75.17,5548600,CAT
2007-08-24,75.43,76.41,74.8,76.32,3483400,CAT
2007-08-27,75.87,76.89,75.51,76.0,3136310,CAT
2007-08-28,75.98,76.24,74.09,74.16,4653200,CAT
2007-08-29,74.23,75.1,73.35,75.04,4401300,CAT
2007-08-30,75.04,75.7,74.2,74.66,3579700,CAT
2007-08-31,75.66,76.28,75.21,75.77,3341500,CAT
2007-09-04,75.8,77.37,75.47,76.85,4471946,CAT
2007-09-05,76.25,76.95,75.06,75.54,4675800,CAT
2007-09-06,75.54,76.82,74.68,75.75,4617400,CAT
2007-09-07,74.2,74.5,73.1,73.44,6398300,CAT
2007-09-10,73.55,74.47,72.64,73.74,4762100,CAT
2007-09-11,73.74,74.78,73.5,73.89,4689000,CAT
2007-09-12,73.74,74.0,72.5,72.77,5681500,CAT
2007-09-13,73.17,73.4,72.62,72.99,4667110,CAT
2007-09-14,72.99,73.8,72.2,73.16,4029000,CAT
2007-09-17,73.0,74.6,73.0,73.69,4660850,CAT
2007-09-18,74.2,77.96,74.18,77.46,7461850,CAT
2007-09-19,78.5,80.17,77.65,77.91,7598050,CAT
2007-09-20,77.9,77.92,76.61,77.37,4515792,CAT
2007-09-21,78.14,78.36,77.37,78.16,5950250,CAT
2007-09-24,78.64,79.75,77.45,77.72,5683000,CAT
2007-09-25,76.98,77.31,75.97,76.37,6761000,CAT
2007-09-26,76.78,76.78,75.38,76.66,6032700,CAT
2007-09-27,77.03,78.03,76.75,77.47,4773400,CAT
2007-09-28,77.5,79.0,77.44,78.43,5644789,CAT
2007-10-01,78.91,80.04,78.43,79.56,4480096,CAT
2007-10-02,79.97,80.17,78.43,79.64,5049704,CAT
2007-10-03,79.64,79.65,78.05,78.56,4610399,CAT
2007-10-04,78.88,78.99,77.17,78.64,4305961,CAT
2007-10-05,79.01,81.0,79.01,80.33,6658300,CAT
2007-10-08,80.74,81.61,80.48,81.34,3633055,CAT
2007-10-09,81.69,82.74,81.08,82.51,4900063,CAT
2007-10-10,82.4,82.41,80.31,81.16,5167600,CAT
2007-10-11,81.53,81.76,78.62,79.44,6784370,CAT
2007-10-12,79.9,80.45,78.86,80.3,4482669,CAT
2007-10-15,80.1,80.1,77.75,78.84,6570500,CAT
2007-10-16,78.5,78.99,77.3,77.75,6320313,CAT
2007-10-17,78.35,78.86,76.25,77.13,7305650,CAT
2007-10-18,76.8,77.75,75.25,77.66,7795601,CAT
2007-10-19,74.61,75.7,72.8,73.57,19713638,CAT
2007-10-22,72.65,74.11,71.63,73.5,10290300,CAT
2007-10-23,73.8,74.6,73.09,74.42,7150883,CAT
2007-10-24,74.0,75.98,74.0,75.79,9153645,CAT
2007-10-25,75.24,75.85,73.58,74.67,6588985,CAT
2007-10-26,74.6,75.1,73.75,75.04,4844500,CAT
2007-10-29,75.01,75.36,73.8,73.9,6442362,CAT
2007-10-30,73.85,74.29,73.23,73.46,4090400,CAT
2007-10-31,73.41,75.16,73.25,74.61,6218312,CAT
2007-11-01,74.29,74.29,72.84,73.31,6177600,CAT
2007-11-02,73.51,75.13,72.57,74.76,5969147,CAT
2007-11-05,73.56,74.12,73.12,73.5,5986903,CAT
2007-11-06,73.56,75.0,73.5,74.92,5093435,CAT
2007-11-07,74.01,74.98,73.6,73.6,4673308,CAT
2007-11-08,73.66,73.83,71.82,72.43,9650263,CAT
2007-11-09,71.94,72.09,69.67,70.41,8793613,CAT
2007-11-12,70.25,70.55,69.48,69.6,7589021,CAT
2007-11-13,70.09,71.3,69.03,71.07,7242987,CAT
2007-11-14,71.64,72.0,69.85,70.03,7505473,CAT
2007-11-15,69.89,70.65,69.29,69.73,7699524,CAT
2007-11-16,70.06,70.25,68.54,69.44,7640246,CAT
2007-11-19,69.4,69.5,67.41,68.2,7385631,CAT
2007-11-20,68.17,69.23,67.16,68.28,7487836,CAT
2007-11-21,67.58,68.73,67.0,67.94,6311193,CAT
2007-11-23,68.53,68.73,67.64,68.63,2459811,CAT
2007-11-26,68.76,69.71,67.75,67.83,4519968,CAT
2007-11-27,68.05,69.43,67.9,68.82,7098800,CAT
2007-11-28,69.48,71.35,68.82,71.19,6637388,CAT
2007-11-29,71.1,72.34,70.75,71.72,5272174,CAT
2007-11-30,72.5,73.31,71.33,71.9,5655521,CAT
2007-12-03,71.41,72.68,71.03,72.06,5505447,CAT
2007-12-04,71.77,72.26,71.3,72.01,5083105,CAT
2007-12-05,72.6,73.03,72.21,72.71,4418205,CAT
2007-12-06,72.68,74.4,72.37,74.35,4659433,CAT
2007-12-07,74.34,74.77,73.71,74.2,3804456,CAT
2007-12-10,74.5,77.22,74.2,76.58,7569734,CAT
2007-12-11,76.85,77.26,73.66,73.72,8788462,CAT
2007-12-12,75.25,75.87,73.16,73.82,6841808,CAT
2007-12-13,73.5,74.51,73.29,74.22,4708171,CAT
2007-12-14,73.54,74.52,73.3,73.39,4083015,CAT
2007-12-17,72.0,72.15,70.91,71.16,9342734,CAT
2007-12-18,71.53,71.97,70.07,71.05,7376558,CAT
2007-12-19,70.92,71.68,70.17,70.84,4243929,CAT
2007-12-20,71.21,71.84,70.71,71.51,3286515,CAT
2007-12-21,72.05,73.36,71.37,72.73,7344256,CAT
2007-12-24,73.0,73.21,72.1,72.7,2176023,CAT
2007-12-26,72.97,73.93,72.45,73.69,3466428,CAT
2007-12-27,72.88,73.87,72.42,72.73,3338156,CAT
2007-12-28,73.01,73.65,72.9,73.16,3048262,CAT
2007-12-31,73.0,73.71,72.39,72.56,2639528,CAT
2008-01-02,72.56,72.67,70.05,70.63,6337713,CAT
2008-01-03,71.01,71.49,69.94,70.38,4386045,CAT
2008-01-04,69.65,69.94,68.1,68.53,7697145,CAT
2008-01-07,69.0,69.13,67.8,68.73,8790867,CAT
2008-01-08,68.94,69.49,67.04,67.15,7662764,CAT
2008-01-09,67.12,67.26,65.25,67.23,9845520,CAT
2008-01-10,66.6,68.2,65.54,67.41,6914570,CAT
2008-01-11,67.8,68.33,66.0,66.01,9247632,CAT
2008-01-14,66.73,67.5,65.84,67.27,8106700,CAT
2008-01-15,66.36,66.73,65.22,65.4,9354013,CAT
2008-01-16,65.21,66.2,63.9,64.27,13079524,CAT
2008-01-17,64.33,64.83,62.14,62.47,11011399,CAT
2008-01-18,63.03,65.05,62.3,62.81,9225399,CAT
2008-01-22,59.6,64.45,59.6,63.82,9870387,CAT
2008-01-23,62.56,65.19,61.19,65.08,10895935,CAT
2008-01-24,65.3,65.97,64.21,65.25,8162582,CAT
2008-01-25,67.65,67.75,65.11,65.93,9286603,CAT
2008-01-28,66.69,68.63,64.97,68.21,10984078,CAT
2008-01-29,68.78,69.62,68.49,68.99,8283619,CAT
2008-01-30,68.83,70.47,68.29,68.44,7904738,CAT
2008-01-31,67.51,71.64,67.5,70.99,8827515,CAT
2008-02-01,71.15,72.17,70.6,71.76,6526344,CAT
2008-02-04,71.78,71.98,70.6,70.95,4565297,CAT
2008-02-05,69.84,70.1,67.52,67.52,11709373,CAT
2008-02-06,68.12,69.05,67.55,67.98,7304963,CAT
2008-02-07,67.55,68.9,67.32,68.32,6505969,CAT
2008-02-08,68.09,68.69,67.62,68.01,4495902,CAT
2008-02-11,68.12,69.43,67.56,69.42,4979233,CAT
2008-02-12,69.98,71.26,69.61,70.0,6703471,CAT
2008-02-13,70.61,71.91,70.15,71.65,7502026,CAT
2008-02-14,71.53,71.99,70.19,70.44,5418715,CAT
2008-02-15,70.0,70.34,69.18,69.95,5355755,CAT
2008-02-19,70.61,71.11,69.86,70.4,5415468,CAT
2008-02-20,69.93,71.5,69.46,71.25,4718196,CAT
2008-02-21,71.99,72.18,70.55,70.79,5371117,CAT
2008-02-22,70.95,71.65,69.82,71.18,5232970,CAT
2008-02-25,71.25,72.33,70.63,72.25,5190057,CAT
2008-02-26,72.0,73.76,71.78,73.3,6204295,CAT
2008-02-27,73.0,75.19,72.53,74.22,7163240,CAT
2008-02-28,73.83,74.7,73.15,74.39,6024477,CAT
2008-02-29,73.77,74.34,72.0,72.33,8823431,CAT
2008-03-03,72.1,73.61,72.1,73.2,6105142,CAT
2008-03-04,72.67,72.88,70.47,71.74,7998382,CAT
2008-03-05,72.02,72.77,70.89,71.85,7258976,CAT
2008-03-06,71.64,71.84,70.64,70.75,5442533,CAT
2008-03-07,70.04,71.11,68.9,69.84,6961008,CAT
2008-03-10,70.0,70.31,68.3,68.72,7145935,CAT
2008-03-11,69.52,72.73,69.52,72.61,7781608,CAT
2008-03-12,73.8,76.64,73.75,75.25,14346147,CAT
2008-03-13,74.27,76.05,73.33,75.67,8559629,CAT
2008-03-14,76.5,76.8,73.48,74.79,8571091,CAT
2008-03-17,72.87,75.22,72.51,74.46,8913506,CAT
2008-03-18,75.72,76.87,74.63,76.87,9404980,CAT
2008-03-19,76.62,77.0,73.73,73.73,7377412,CAT
2008-03-20,74.11,74.28,72.8,73.82,9260335,CAT
2008-03-24,74.06,76.5,74.06,76.03,5373931,CAT
2008-03-25,76.39,76.94,75.32,76.64,5211545,CAT
2008-03-26,76.04,77.61,75.87,77.36,7499201,CAT
2008-03-27,77.68,78.0,76.71,77.03,7068285,CAT
2008-03-28,77.37,78.0,76.44,77.09,4421221,CAT
2008-03-31,77.0,78.63,77.0,78.29,6068683,CAT
2008-04-01,78.89,79.99,78.79,79.98,9343315,CAT
2008-04-02,79.85,79.98,78.09,78.51,8160375,CAT
2008-04-03,78.19,78.36,76.78,77.07,7971521,CAT
2008-04-04,76.86,78.57,76.85,77.83,4885171,CAT
2008-04-07,78.25,78.45,76.97,77.25,5320819,CAT
2008-04-08,76.85,77.92,76.47,77.59,4019020,CAT
2008-04-09,77.74,77.74,75.65,76.16,4582895,CAT
2008-04-10,76.02,76.93,75.5,75.71,6994564,CAT
2008-04-11,75.12,75.85,74.38,74.8,9044894,CAT
2008-04-14,74.79,76.02,74.7,75.54,4446922,CAT
2008-04-15,76.09,76.75,74.91,75.95,5458663,CAT
2008-04-16,76.75,79.17,76.52,79.02,7640159,CAT
2008-04-17,77.85,80.0,77.61,78.59,9967295,CAT
2008-04-18,81.03,85.45,81.0,85.28,20119855,CAT
2008-04-21,83.89,84.45,82.05,83.33,9818906,CAT
2008-04-22,83.14,83.34,81.35,82.01,5720132,CAT
2008-04-23,82.5,82.77,81.37,81.69,4773358,CAT
2008-04-24,81.68,82.5,80.52,81.82,5305792,CAT
2008-04-25,82.53,82.89,81.21,82.25,4088873,CAT
2008-04-28,82.6,83.6,82.3,83.03,4684281,CAT
2008-04-29,82.76,83.09,81.4,81.51,4510176,CAT
2008-04-30,82.35,83.31,81.65,81.88,6032651,CAT
2008-05-01,81.92,82.67,80.55,82.35,5369826,CAT
2008-05-02,83.29,83.64,82.12,82.8,4511376,CAT
2008-05-05,83.03,83.03,82.0,82.75,3944424,CAT
2008-05-06,81.78,83.49,81.78,83.23,4163139,CAT
2008-05-07,82.75,83.64,81.47,81.63,4931999,CAT
2008-05-08,82.1,82.73,81.51,82.42,3065462,CAT
2008-05-09,81.97,82.39,81.33,81.76,3819495,CAT
2008-05-12,82.23,84.22,81.71,83.82,5167287,CAT
2008-05-13,84.21,84.5,82.7,84.07,4592157,CAT
2008-05-14,83.04,84.1,82.17,82.75,6859786,CAT
2008-05-15,82.76,84.14,82.4,83.5,4633213,CAT
2008-05-16,83.77,83.97,82.59,83.7,5241939,CAT
2008-05-19,83.9,85.96,83.63,84.28,6906687,CAT
2008-05-20,83.92,84.05,82.75,83.84,5570248,CAT
2008-05-21,83.83,85.74,83.04,83.4,7220264,CAT
2008-05-22,83.65,83.72,81.94,82.22,5026847,CAT
2008-05-23,81.96,82.99,80.6,81.55,5674833,CAT
2008-05-27,81.43,82.23,80.84,81.95,4871401,CAT
2008-05-28,82.33,83.37,82.11,83.19,4773690,CAT
2008-05-29,83.2,83.91,82.59,82.78,4195872,CAT
2008-05-30,83.19,83.19,82.23,82.64,4921665,CAT
2008-06-02,82.44,83.12,81.79,82.33,5882810,CAT
2008-06-03,82.72,83.3,81.66,82.42,4960122,CAT
2008-06-04,82.35,83.65,82.0,82.46,5743578,CAT
2008-06-05,81.87,82.8,81.0,82.73,6968191,CAT
2008-06-06,81.88,82.26,79.99,79.99,9445067,CAT
2008-06-09,80.07,81.06,79.66,80.81,5828813,CAT
2008-06-10,80.3,81.04,79.83,80.1,5986533,CAT
2008-06-11,79.85,80.11,78.52,78.93,9400997,CAT
2008-06-12,79.54,81.79,79.54,80.5,8053468,CAT
2008-06-13,80.87,82.35,80.65,81.5,5732446,CAT
2008-06-16,81.38,81.51,80.55,80.91,4537637,CAT
2008-06-17,81.48,81.58,80.61,80.69,4515906,CAT
2008-06-18,80.34,80.75,79.47,79.7,5739158,CAT
2008-06-19,79.57,80.34,78.73,79.48,6049051,CAT
2008-06-20,79.0,79.64,78.52,79.08,9065511,CAT
2008-06-23,79.42,80.24,79.11,80.0,6141007,CAT
2008-06-24,79.54,79.68,76.58,76.64,13075280,CAT
2008-06-25,77.08,77.42,76.0,76.58,8075150,CAT
2008-06-26,75.17,75.82,73.89,74.28,14485786,CAT
2008-06-27,74.18,74.85,72.69,73.75,11011776,CAT
2008-06-30,73.76,74.26,72.56,73.82,6664774,CAT
2008-07-01,72.98,74.21,72.09,74.09,9202912,CAT
2008-07-02,74.01,74.19,70.34,70.42,11513218,CAT
2008-07-03,70.03,70.75,68.93,70.31,7280669,CAT
2008-07-07,70.72,71.75,70.0,70.81,11684905,CAT
2008-07-08,71.02,71.44,68.76,69.51,10497953,CAT
2008-07-09,70.32,70.78,68.33,68.43,7059225,CAT
2008-07-10,68.52,68.99,66.68,68.42,9874200,CAT
2008-07-11,67.51,70.61,67.0,69.81,11521743,CAT
2008-07-14,70.79,70.79,68.95,69.67,6406218,CAT
2008-07-15,68.97,69.25,65.85,67.04,11041652,CAT
2008-07-16,67.11,70.74,66.53,70.53,10684228,CAT
2008-07-17,69.95,72.15,69.95,71.83,9091176,CAT
2008-07-18,72.07,72.13,70.37,70.89,7693364,CAT
2008-07-21,71.38,73.64,70.55,73.23,10185059,CAT
2008-07-22,75.13,75.87,73.75,74.98,12433915,CAT
2008-07-23,73.95,74.25,71.67,72.42,9295729,CAT
2008-07-24,72.64,72.72,69.59,69.78,8108593,CAT
2008-07-25,69.96,71.08,69.8,70.48,4727225,CAT
2008-07-28,70.38,70.77,69.11,69.19,5740459,CAT
2008-07-29,69.6,71.3,69.42,70.99,5234613,CAT
2008-07-30,71.52,72.27,70.62,72.07,4820450,CAT
2008-07-31,71.63,71.63,69.37,69.52,7185411,CAT
2008-08-01,69.67,70.0,67.88,68.14,6723625,CAT
2008-08-04,68.2,68.74,67.19,67.43,7415663,CAT
2008-08-05,67.86,68.38,67.34,68.18,6008727,CAT
2008-08-06,67.78,71.56,67.36,70.51,7390751,CAT
2008-08-07,70.07,70.61,68.7,68.93,7077762,CAT
2008-08-08,69.12,71.94,68.39,70.9,6544310,CAT
2008-08-11,70.63,71.37,70.05,70.8,3746815,CAT
2008-08-12,70.79,72.08,70.44,71.81,5713015,CAT
2008-08-13,69.56,70.05,67.72,69.83,9399217,CAT
2008-08-14,68.93,71.36,68.26,70.29,5671174,CAT
2008-08-15,70.61,71.36,69.8,70.35,5060733,CAT
2008-08-18,70.44,71.05,68.69,69.22,5527395,CAT
2008-08-19,68.95,69.31,68.25,68.69,4299730,CAT
2008-08-20,68.89,69.32,67.9,68.8,6401873,CAT
2008-08-21,68.16,69.25,67.61,68.7,5100734,CAT
2008-08-22,69.22,70.61,69.09,70.27,4258015,CAT
2008-08-25,70.01,70.15,68.14,68.56,4549778,CAT
2008-08-26,68.65,69.04,67.93,68.68,3391496,CAT
2008-08-27,68.64,69.86,68.62,69.56,3145015,CAT
2008-08-28,70.25,71.81,70.14,71.68,5520637,CAT
2008-08-29,71.34,71.97,70.46,70.73,4905287,CAT
2008-09-02,71.5,72.0,68.65,69.08,6973355,CAT
2008-09-03,68.96,69.11,67.19,67.73,8433257,CAT
2008-09-04,66.0,66.0,63.0,63.94,13685469,CAT
2008-09-05,63.79,64.44,62.92,64.07,9265104,CAT
2008-09-08,66.19,67.07,63.28,64.58,7218081,CAT
2008-09-09,64.89,65.0,61.38,61.38,10056330,CAT
2008-09-10,61.95,63.99,61.71,62.82,7916791,CAT
2008-09-11,62.41,64.81,61.21,64.81,9008205,CAT
2008-09-12,63.98,65.68,63.16,65.46,6967848,CAT
2008-09-15,63.3,64.85,63.02,63.21,7828824,CAT
2008-09-16,61.87,65.32,61.85,64.73,10035138,CAT
2008-09-17,63.48,65.45,62.8,63.15,9293942,CAT
2008-09-18,63.87,65.5,60.04,65.32,12983727,CAT
2008-09-19,70.89,74.5,65.96,66.49,15758552,CAT
2008-09-22,66.41,66.84,64.6,64.6,5921114,CAT
2008-09-23,64.66,65.73,63.01,63.54,6574247,CAT
2008-09-24,63.9,64.33,61.24,61.74,6657993,CAT
2008-09-25,62.38,63.22,60.75,61.96,7755511,CAT
2008-09-26,60.93,64.2,60.67,64.13,8264375,CAT
2008-09-29,62.55,63.38,58.11,59.89,12504538,CAT
2008-09-30,61.35,61.46,58.2,59.6,10166062,CAT
2008-10-01,58.71,59.03,54.89,56.95,15614057,CAT
2008-10-02,56.01,56.25,51.91,52.22,15011821,CAT
2008-10-03,53.7,55.65,50.98,51.21,11596468,CAT
2008-10-06,50.18,50.78,45.77,49.2,17852440,CAT
2008-10-07,50.69,52.76,47.08,47.33,13518849,CAT
2008-10-08,46.38,50.21,45.82,47.65,15858759,CAT
2008-10-09,48.59,49.26,44.26,44.8,11223234,CAT
2008-10-10,42.02,45.81,37.07,43.13,19740190,CAT
2008-10-13,45.0,49.5,44.86,49.48,10574031,CAT
2008-10-14,51.79,53.0,46.61,47.49,12061084,CAT
2008-10-15,45.79,46.3,41.98,42.06,12909621,CAT
2008-10-16,42.2,43.06,39.58,42.37,16082865,CAT
2008-10-17,41.39,42.91,39.01,39.32,18280553,CAT
2008-10-20,39.87,41.6,39.0,40.9,13389364,CAT
2008-10-21,40.4,41.35,38.52,38.83,14322227,CAT
2008-10-22,38.08,38.34,35.68,36.52,13842491,CAT
2008-10-23,36.78,36.92,33.86,35.36,17649870,CAT
2008-10-24,32.02,34.49,31.95,33.3,13391762,CAT
2008-10-27,32.81,34.9,32.35,32.78,12801257,CAT
2008-10-28,34.14,35.36,32.0,34.95,12814462,CAT
2008-10-29,35.53,38.44,34.5,36.14,16073147,CAT
2008-10-30,37.33,37.94,36.25,37.37,8690787,CAT
2008-10-31,37.21,39.19,36.1,38.2,9869112,CAT
2008-11-03,38.82,39.41,38.0,39.01,7619044,CAT
2008-11-04,40.39,42.43,39.83,42.25,11520592,CAT
2008-11-05,42.64,43.58,40.1,40.4,14048912,CAT
2008-11-06,39.82,40.6,37.34,37.6,13291260,CAT
2008-11-07,38.49,39.4,37.35,38.45,9256817,CAT
2008-11-10,40.25,40.88,36.82,37.41,13921221,CAT
2008-11-11,36.82,38.3,36.57,36.87,12705885,CAT
2008-11-12,36.55,36.71,35.05,35.08,10752519,CAT
2008-11-13,35.6,39.54,34.4,39.41,17361722,CAT
2008-11-14,38.51,39.39,36.71,36.96,11991192,CAT
2008-11-17,36.71,37.75,35.3,35.7,9383998,CAT
2008-11-18,35.33,36.3,34.73,36.19,12278638,CAT
2008-11-19,36.1,36.42,33.8,33.87,10596785,CAT
2008-11-20,33.37,35.56,32.23,32.84,19826136,CAT
2008-11-21,33.66,34.85,32.1,34.67,16836160,CAT
2008-11-24,36.49,36.94,34.6,36.34,16870555,CAT
2008-11-25,36.87,37.62,35.66,37.27,12931516,CAT
2008-11-26,36.0,39.35,35.7,39.33,11111165,CAT
2008-11-28,39.2,41.18,39.2,40.99,5429903,CAT
2008-12-01,38.92,38.92,36.37,36.58,13154111,CAT
2008-12-02,37.3,38.24,36.53,38.0,10440278,CAT
2008-12-03,37.39,40.06,36.93,39.65,14289390,CAT
2008-12-04,39.1,39.39,36.91,37.52,11379212,CAT
2008-12-05,37.05,38.65,36.69,38.26,14261127,CAT
2008-12-08,40.83,44.04,40.4,42.42,25502248,CAT
2008-12-09,42.05,44.16,41.26,42.38,15382520,CAT
2008-12-10,43.25,44.95,42.9,43.67,15431504,CAT
2008-12-11,43.01,44.89,41.7,42.2,12134107,CAT
2008-12-12,40.05,42.47,40.0,42.08,10398632,CAT
2008-12-15,42.57,43.06,41.5,42.21,8065274,CAT
2008-12-16,42.73,43.9,41.12,43.8,11652323,CAT
2008-12-17,43.35,45.7,43.01,44.65,9836953,CAT
2008-12-18,45.43,45.49,42.01,42.16,12695075,CAT
2008-12-19,42.72,43.17,41.91,42.69,13272227,CAT
2008-12-22,43.12,43.49,40.82,41.78,9148806,CAT
2008-12-23,42.08,42.27,40.65,41.13,6463280,CAT
2008-12-24,41.27,42.12,41.0,41.91,2115501,CAT
2008-12-26,41.98,42.91,41.9,42.72,2860058,CAT
2008-12-29,42.71,43.3,41.71,42.34,4974263,CAT
2008-12-30,42.57,43.75,42.01,43.66,5060557,CAT
2008-12-31,43.7,45.1,43.7,44.67,6277381,CAT
2009-01-02,44.91,46.98,44.71,46.91,7130450,CAT
2009-01-05,46.9,47.12,45.81,46.08,11099550,CAT
2009-01-06,46.79,46.8,45.41,45.8,10867174,CAT
2009-01-07,45.22,45.6,43.2,43.67,9035836,CAT
2009-01-08,42.93,44.11,42.52,44.02,9384160,CAT
2009-01-09,43.91,44.06,42.25,43.2,8872574,CAT
2009-01-12,43.0,43.1,40.63,41.19,9583771,CAT
2009-01-13,41.11,41.89,40.55,41.4,9281942,CAT
2009-01-14,40.0,40.34,38.25,39.35,17277671,CAT
2009-01-15,39.16,39.98,37.29,39.39,15449195,CAT
2009-01-16,40.59,40.59,38.06,39.55,12890087,CAT
2009-01-20,39.15,39.63,38.0,38.32,11890477,CAT
2009-01-21,39.27,39.71,37.72,39.55,10292572,CAT
2009-01-22,38.89,39.0,36.33,37.23,19277911,CAT
2009-01-23,35.99,37.23,35.01,35.66,22677313,CAT
2009-01-26,33.6,34.24,31.7,32.67,47444414,CAT
2009-01-27,33.24,33.42,32.1,32.32,20378216,CAT
2009-01-28,33.26,33.51,32.62,33.0,13487240,CAT
2009-01-29,32.61,32.66,31.63,31.85,14592701,CAT
2009-01-30,31.58,31.73,30.06,30.85,20959782,CAT
2009-02-02,30.1,30.8,29.6,30.29,16967332,CAT
2009-02-03,29.81,31.03,29.81,29.99,18883570,CAT
2009-02-04,30.44,31.57,30.2,30.6,17419265,CAT
2009-02-05,30.35,32.09,30.2,31.61,17794239,CAT
2009-02-06,32.38,33.85,32.21,33.28,17010042,CAT
2009-02-09,33.47,33.6,32.4,32.72,9067687,CAT
2009-02-10,32.86,33.31,30.61,30.92,17208728,CAT
2009-02-11,31.35,31.93,30.65,31.13,10550562,CAT
2009-02-12,30.75,31.09,30.03,31.02,13666548,CAT
2009-02-13,31.41,31.84,30.85,30.94,10188719,CAT
2009-02-17,30.3,30.5,28.52,28.98,22206963,CAT
2009-02-18,29.16,29.22,27.77,28.44,17864465,CAT
2009-02-19,28.95,28.98,26.86,27.02,17839493,CAT
2009-02-20,26.14,27.27,26.02,26.66,19735615,CAT
2009-02-23,27.26,27.26,25.06,25.12,16296249,CAT
2009-02-24,25.25,26.32,24.42,26.04,22358893,CAT
2009-02-25,26.04,26.05,24.36,25.03,17737459,CAT
2009-02-26,25.4,25.72,24.15,24.23,14301381,CAT
2009-02-27,23.75,25.23,23.5,24.61,16875881,CAT
2009-03-02,24.07,24.2,22.03,22.17,21017521,CAT
2009-03-03,22.65,23.29,21.71,22.47,22406593,CAT
2009-03-04,23.81,26.39,23.66,25.44,37257614,CAT
2009-03-05,24.7,24.7,23.18,23.49,21400683,CAT
2009-03-06,23.9,24.91,22.52,23.23,19999667,CAT
2009-03-09,22.88,24.86,22.72,23.92,19512594,CAT
2009-03-10,24.76,26.97,24.53,26.51,22468735,CAT
2009-03-11,26.97,27.13,25.66,26.31,15782030,CAT
2009-03-12,26.21,27.17,25.27,27.02,13787319,CAT
2009-03-13,27.44,27.61,26.02,26.78,10861356,CAT
2009-03-16,27.07,27.4,26.28,26.42,13217078,CAT
2009-03-17,26.51,26.85,25.67,26.83,14260456,CAT
2009-03-18,26.24,27.93,25.7,27.47,17979620,CAT
2009-03-19,27.97,28.85,27.77,28.41,17543534,CAT
2009-03-20,28.63,28.9,26.73,27.07,16536150,CAT
2009-03-23,28.14,29.65,27.53,29.63,14464865,CAT
2009-03-24,29.54,30.33,28.54,29.4,13693942,CAT
2009-03-25,30.14,30.99,27.69,28.91,20701972,CAT
2009-03-26,29.57,30.98,29.45,30.78,16161595,CAT
2009-03-27,30.2,30.74,29.75,30.35,11277622,CAT
2009-03-30,29.34,29.5,27.05,27.53,15828531,CAT
2009-03-31,28.16,28.45,27.44,27.96,13405844,CAT
2009-04-01,27.5,29.52,27.44,28.99,15308384,CAT
2009-04-02,30.29,31.98,30.0,31.54,21645529,CAT
2009-04-03,31.6,32.7,30.92,32.15,13674074,CAT
2009-04-06,31.72,32.0,30.23,31.31,11067877,CAT
2009-04-07,30.39,30.5,29.38,29.45,13160375,CAT
2009-04-08,29.77,30.35,28.88,29.57,12817123,CAT
2009-04-09,30.51,32.7,30.51,32.52,18173081,CAT
2009-04-13,32.25,33.56,31.48,33.16,12458996,CAT
2009-04-14,32.67,33.94,32.41,32.7,11035731,CAT
2009-04-15,32.6,33.2,32.07,33.02,11225779,CAT
2009-04-16,32.5,33.12,31.33,32.71,16228112,CAT
2009-04-17,32.68,32.72,31.21,32.29,14725748,CAT
2009-04-20,31.62,31.62,30.17,30.48,14373723,CAT
2009-04-21,28.98,31.7,28.5,31.39,29529757,CAT
2009-04-22,31.56,34.92,31.4,32.45,29668089,CAT
2009-04-23,32.73,32.74,31.47,32.45,16290764,CAT
2009-04-24,32.65,34.19,32.24,33.63,15806244,CAT
2009-04-27,32.73,34.1,32.69,33.39,9648613,CAT
2009-04-28,33.0,33.55,32.4,32.78,8481323,CAT
2009-04-29,33.17,34.15,33.0,33.69,11983420,CAT
2009-04-30,34.42,36.4,34.35,35.58,20109162,CAT
2009-05-01,35.87,37.71,35.65,37.26,14114765,CAT
2009-05-04,37.93,38.92,37.6,38.48,14400664,CAT
2009-05-05,38.35,39.58,38.25,39.41,13610143,CAT
2009-05-06,39.94,40.64,38.41,40.0,14763055,CAT
2009-05-07,40.54,40.96,37.21,37.92,16973985,CAT
2009-05-08,38.49,39.92,38.28,39.64,15556455,CAT
2009-05-11,38.75,39.08,38.07,38.43,9487208,CAT
2009-05-12,38.74,39.0,37.13,38.06,11919731,CAT
2009-05-13,36.97,37.03,35.78,36.08,13419822,CAT
2009-05-14,35.87,36.78,35.38,36.07,12056630,CAT
2009-05-15,36.06,36.95,35.15,35.74,14012233,CAT
2009-05-18,36.53,37.82,36.11,37.78,11019244,CAT
2009-05-19,38.29,38.5,37.54,37.67,10544398,CAT
2009-05-20,38.09,39.3,37.17,37.3,13806124,CAT
2009-05-21,36.76,37.01,35.37,35.54,14110274,CAT
2009-05-22,36.05,36.1,34.18,34.31,14294224,CAT
2009-05-26,34.38,35.84,34.03,35.0,13797247,CAT
2009-05-27,35.5,35.59,34.85,35.05,13519246,CAT
2009-05-28,34.79,34.8,33.44,34.59,15120769,CAT
2009-05-29,34.96,35.62,34.79,35.46,11077439,CAT
2009-06-01,36.37,37.73,36.35,37.55,14336881,CAT
2009-06-02,37.51,37.95,37.19,37.45,7734889,CAT
2009-06-03,37.0,37.21,36.23,36.66,9236387,CAT
2009-06-04,36.86,38.22,36.28,38.02,11318218,CAT
2009-06-05,38.52,38.76,37.34,38.47,15819817,CAT
2009-06-08,38.03,38.88,36.9,38.57,13726404,CAT
2009-06-09,38.5,38.9,37.9,38.24,10480159,CAT
2009-06-10,38.74,38.75,36.93,37.62,14927679,CAT
2009-06-11,37.79,38.29,37.25,37.61,10273799,CAT
2009-06-12,37.47,37.77,37.02,37.73,8567660,CAT
2009-06-15,37.01,37.09,35.87,36.12,10458033,CAT
2009-06-16,36.46,36.97,35.39,35.56,12501677,CAT
2009-06-17,35.2,35.27,33.75,34.8,15381883,CAT
2009-06-18,34.92,34.93,33.55,34.08,16247943,CAT
2009-06-19,34.45,34.6,33.45,33.65,14487231,CAT
2009-06-22,33.46,33.49,32.01,32.36,14198531,CAT
2009-06-23,32.47,33.15,32.14,33.0,10935872,CAT
2009-06-24,33.52,34.36,33.13,33.4,10349239,CAT
2009-06-25,33.92,34.78,33.18,34.49,11641601,CAT
2009-06-26,34.54,35.2,34.1,34.56,12586667,CAT
2009-06-29,34.86,35.3,34.15,34.74,6831517,CAT
2009-06-30,34.69,34.74,32.99,33.04,16880064,CAT
2009-07-01,33.48,34.15,33.15,33.19,11586651,CAT
2009-07-02,32.79,32.79,31.74,31.74,13564133,CAT
2009-07-06,31.57,31.83,30.96,31.7,10887071,CAT
2009-07-07,31.62,31.77,30.24,30.29,14616035,CAT
2009-07-08,30.49,30.71,30.01,30.58,15867731,CAT
2009-07-09,31.15,31.34,30.58,30.65,10184906,CAT
2009-07-10,30.4,30.65,30.03,30.53,10456627,CAT
2009-07-13,30.81,31.8,30.25,31.8,11100799,CAT
2009-07-14,31.5,31.96,31.22,31.93,10131875,CAT
2009-07-15,32.39,33.97,32.39,33.84,18069302,CAT
2009-07-16,33.6,34.26,33.14,34.15,10227464,CAT
2009-07-17,33.98,34.3,33.79,33.99,8814755,CAT
2009-07-20,35.32,36.75,35.25,36.65,21979416,CAT
2009-07-21,40.81,41.45,38.04,39.46,62789275,CAT
2009-07-22,38.47,39.39,38.1,38.66,16660027,CAT
2009-07-23,38.76,41.5,38.6,41.26,19375234,CAT
2009-07-24,40.93,42.08,40.25,42.0,17017373,CAT
2009-07-27,41.85,42.99,41.55,42.86,14346613,CAT
2009-07-28,42.34,43.58,41.9,42.9,16698600,CAT
2009-07-29,42.54,42.55,41.3,41.83,12388861,CAT
2009-07-30,42.65,43.87,42.61,43.41,14924263,CAT
2009-07-31,43.26,44.47,43.0,44.06,11731973,CAT
2009-08-03,44.68,45.49,44.34,45.12,12261776,CAT
2009-08-04,45.45,47.95,45.35,47.89,25333364,CAT
2009-08-05,47.76,48.08,46.43,46.64,15598551,CAT
2009-08-06,47.12,47.8,46.56,47.14,12247626,CAT
2009-08-07,47.95,48.22,47.42,47.78,15354632,CAT
2009-08-10,47.59,48.2,46.59,47.15,11558084,CAT
2009-08-11,46.77,46.8,45.03,46.28,13091530,CAT
2009-08-12,45.9,48.05,45.6,47.58,11465801,CAT
2009-08-13,48.02,48.06,46.64,47.17,9608385,CAT
2009-08-14,47.17,47.25,45.44,46.0,9107440,CAT
2009-08-17,44.75,44.75,43.28,43.95,11389289,CAT
2009-08-18,44.2,45.28,44.06,45.11,8899222,CAT
2009-08-19,44.0,45.75,43.6,45.17,9051051,CAT
2009-08-20,44.93,45.64,44.66,45.5,6888678,CAT
2009-08-21,46.03,47.33,45.62,47.3,12329902,CAT
2009-08-24,47.9,48.93,47.34,47.56,9773398,CAT
2009-08-25,47.79,48.33,47.36,47.83,9576236,CAT
2009-08-26,47.71,47.76,46.75,47.25,7903866,CAT
2009-08-27,47.0,47.36,45.92,47.08,8309116,CAT
2009-08-28,47.58,48.0,46.26,46.71,7568431,CAT
2009-08-31,45.77,45.9,44.9,45.31,10475258,CAT
2009-09-01,44.9,46.51,43.74,43.84,13905656,CAT
2009-09-02,43.84,44.04,43.19,43.51,8887171,CAT
2009-09-03,44.31,45.12,43.63,45.04,8787108,CAT
2009-09-04,45.03,46.32,44.84,46.11,7403465,CAT
2009-09-08,46.9,47.27,46.36,46.97,7448269,CAT
2009-09-09,47.04,48.75,46.5,48.41,12362478,CAT
2009-09-10,48.13,48.75,47.63,48.69,8197166,CAT
2009-09-11,48.72,49.11,47.81,48.53,9760270,CAT
2009-09-14,48.02,49.1,47.75,48.77,6910435,CAT
2009-09-15,49.11,52.12,48.65,51.7,20594843,CAT
2009-09-16,52.31,52.94,51.94,52.62,12789034,CAT
2009-09-17,52.59,54.47,52.51,53.89,15287028,CAT
2009-09-18,54.11,54.49,52.94,53.42,12398936,CAT
2009-09-21,52.68,53.43,51.82,52.46,10109646,CAT
2009-09-22,52.99,54.43,52.86,54.34,11181110,CAT
2009-09-23,54.43,54.71,53.11,53.14,9617535,CAT
2009-09-24,53.28,53.8,51.1,51.85,11803353,CAT
2009-09-25,52.17,52.72,51.05,51.2,10788009,CAT
2009-09-28,51.75,52.4,51.25,52.18,6042048,CAT
2009-09-29,52.23,52.89,51.49,51.6,7541906,CAT
2009-09-30,52.2,52.47,50.37,51.33,10651982,CAT
2009-10-01,50.82,51.09,49.3,49.45,12845531,CAT
2009-10-02,48.68,49.45,47.5,48.83,10681413,CAT
2009-10-05,49.2,50.8,49.05,50.75,8670666,CAT
2009-10-06,51.4,52.39,50.69,51.7,9779291,CAT
2009-10-07,51.25,52.08,51.25,51.9,7439230,CAT
2009-10-08,52.53,53.26,51.76,53.09,11199460,CAT
2009-10-09,52.51,53.7,52.31,53.64,8050395,CAT
2009-10-12,53.99,54.0,52.81,53.05,6687965,CAT
2009-10-13,52.9,53.19,52.08,52.74,6516328,CAT
2009-10-14,53.52,54.51,53.05,54.51,9193396,CAT
2009-10-15,54.0,54.79,53.51,54.77,7367763,CAT
2009-10-16,54.11,54.75,53.62,54.57,8839642,CAT
2009-10-19,54.89,58.2,54.86,57.85,18786329,CAT
2009-10-20,61.17,61.28,58.37,59.61,33902578,CAT
2009-10-21,59.05,60.12,58.23,58.4,17064292,CAT
2009-10-22,57.8,58.9,56.3,58.74,11385203,CAT
2009-10-23,58.61,59.59,57.43,57.6,8775971,CAT
2009-10-26,57.99,59.08,56.83,57.07,9795695,CAT
2009-10-27,56.9,57.6,56.39,56.69,10949636,CAT
2009-10-28,56.22,57.06,54.42,54.43,12089675,CAT
2009-10-29,55.3,57.34,55.02,57.25,9869030,CAT
2009-10-30,57.09,57.9,54.64,55.06,12049462,CAT
2009-11-02,55.7,56.72,54.26,55.49,9970847,CAT
2009-11-03,54.98,56.73,54.64,56.46,7770466,CAT
2009-11-04,56.93,57.83,56.1,56.22,8644656,CAT
2009-11-05,56.74,58.09,56.59,57.99,6847305,CAT
2009-11-06,57.38,58.2,56.54,57.6,6161561,CAT
2009-11-09,58.38,60.09,58.24,60.0,12253206,CAT
2009-11-10,59.83,60.33,59.07,59.96,8874103,CAT
2009-11-11,60.76,60.82,59.47,60.06,7497636,CAT
2009-11-12,59.83,60.12,58.18,58.57,7589168,CAT
2009-11-13,58.85,59.25,58.2,58.78,6444765,CAT
2009-11-16,59.5,60.9,59.25,60.4,8334502,CAT
2009-11-17,60.05,60.17,59.05,59.88,7095915,CAT
2009-11-18,59.96,60.14,59.0,59.41,6626712,CAT
2009-11-19,58.72,58.74,57.6,58.61,8237061,CAT
2009-11-20,58.1,58.24,57.04,57.95,8698427,CAT
2009-11-23,58.96,59.83,57.96,58.14,9484339,CAT
2009-11-24,58.11,58.37,57.24,58.0,6629607,CAT
2009-11-25,58.02,59.34,57.45,59.04,6245320,CAT
2009-11-27,57.04,58.33,56.75,57.45,5189544,CAT
2009-11-30,57.82,58.51,57.31,58.39,9718475,CAT
2009-12-01,59.24,60.25,59.05,59.68,9824285,CAT
2009-12-02,59.85,60.08,58.55,58.94,7879989,CAT
2009-12-03,59.12,60.0,58.0,58.2,7595686,CAT
2009-12-04,59.13,59.62,57.26,58.3,10448605,CAT
2009-12-07,58.42,58.42,57.32,57.56,6835530,CAT
2009-12-08,57.14,57.19,56.25,56.38,6482873,CAT
2009-12-09,56.36,56.59,55.4,56.18,8553021,CAT
2009-12-10,56.91,57.27,56.51,56.94,6304605,CAT
2009-12-11,57.24,57.65,56.64,57.51,5370042,CAT
2009-12-14,58.0,58.45,57.75,58.3,4585317,CAT
2009-12-15,58.22,58.44,57.8,58.2,4950055,CAT
2009-12-16,58.43,58.85,58.0,58.23,6738703,CAT
2009-12-17,57.93,57.99,57.01,57.53,5700584,CAT
2009-12-18,58.07,58.1,56.72,57.19,7236672,CAT
2009-12-21,57.56,57.93,57.3,57.6,5339691,CAT
2009-12-22,57.56,57.98,57.32,57.89,4279904,CAT
2009-12-23,58.05,58.57,57.89,58.32,4056275,CAT
2009-12-24,58.35,58.63,58.19,58.33,1507777,CAT
2009-12-28,58.5,58.68,58.17,58.51,3789819,CAT
2009-12-29,58.57,58.74,58.12,58.18,2879326,CAT
2009-12-30,57.98,58.22,57.75,58.05,3479880,CAT
2009-12-31,57.6,57.96,56.99,56.99,3860330,CAT
2010-01-04,57.65,59.19,57.51,58.55,7326679,CAT
2010-01-05,58.55,59.44,58.23,59.25,5697197,CAT
2010-01-06,59.18,59.93,59.05,59.43,4718749,CAT
2010-01-07,59.3,59.9,58.65,59.67,5432913,CAT
2010-01-08,59.25,60.37,59.25,60.34,6651511,CAT
2010-01-11,60.95,64.42,60.85,64.13,21958752,CAT
2010-01-12,63.01,63.16,61.18,62.24,13562604,CAT
2010-01-13,62.1,62.78,61.38,62.33,8399054,CAT
2010-01-14,62.1,62.84,61.75,61.98,6224295,CAT
2010-01-15,61.45,61.67,60.01,60.12,9397569,CAT
2010-01-19,59.76,61.2,59.35,60.93,8056496,CAT
2010-01-20,60.17,60.43,59.31,59.76,6954007,CAT
2010-01-21,59.5,59.9,56.7,56.85,13877409,CAT
2010-01-22,56.58,57.54,54.02,54.25,14762988,CAT
2010-01-25,55.16,56.19,54.83,55.14,9777305,CAT
2010-01-26,54.99,56.94,54.6,55.85,15219307,CAT
2010-01-27,52.96,53.84,51.03,53.44,34043254,CAT
2010-01-28,53.82,53.82,51.2,51.86,15625607,CAT
2010-01-29,52.78,53.78,52.0,52.24,13962798,CAT
2010-02-01,52.82,53.5,52.5,52.94,7159019,CAT
2010-02-02,53.48,53.72,52.62,53.55,7667988,CAT
2010-02-03,53.2,54.0,53.1,53.39,6345989,CAT
2010-02-04,52.8,52.86,51.38,51.4,11644933,CAT
2010-02-05,51.21,51.98,50.69,51.75,15989519,CAT
2010-02-08,51.64,52.15,50.5,50.78,8668847,CAT
2010-02-09,52.7,54.25,52.55,53.53,15499119,CAT
2010-02-10,53.65,54.05,52.45,53.15,8581640,CAT
2010-02-11,53.1,56.27,52.67,56.15,16411674,CAT
2010-02-12,55.09,56.55,54.61,56.2,13447622,CAT
2010-02-16,56.77,57.24,56.19,57.12,7365370,CAT
2010-02-17,58.05,58.35,57.22,57.5,8454108,CAT
2010-02-18,57.15,58.05,56.85,57.81,6846924,CAT
2010-02-19,57.59,58.48,57.31,58.25,8009433,CAT
2010-02-22,58.73,58.97,58.0,58.03,6994824,CAT
2010-02-23,57.89,58.38,56.22,56.66,10314323,CAT
2010-02-24,56.67,57.46,56.46,56.96,5810076,CAT
2010-02-25,55.33,57.02,54.21,56.79,9966144,CAT
2010-02-26,56.94,57.24,56.1,57.05,6108486,CAT
2010-03-01,57.33,58.39,57.25,57.85,8399615,CAT
2010-03-02,58.28,58.82,58.02,58.15,6584292,CAT
2010-03-03,58.45,59.93,58.39,58.57,8833775,CAT
2010-03-04,58.79,59.0,57.81,58.45,6199197,CAT
2010-03-05,59.41,59.58,58.9,59.23,6628346,CAT
2010-03-08,59.47,59.49,58.57,58.91,4755705,CAT
2010-03-09,58.46,59.72,58.4,59.18,7693041,CAT
2010-03-10,59.11,59.5,58.43,58.78,6531417,CAT
2010-03-11,58.79,58.98,57.92,58.9,6173881,CAT
2010-03-12,59.53,60.49,59.35,60.36,9689526,CAT
2010-03-15,60.04,60.25,58.38,59.47,7907528,CAT
2010-03-16,59.65,59.68,58.84,59.45,7282247,CAT
2010-03-17,59.65,60.5,59.49,60.22,7925556,CAT
2010-03-18,59.61,60.39,59.34,59.77,7206998,CAT
2010-03-19,60.11,60.31,58.95,59.37,9425480,CAT
2010-03-22,58.7,60.27,58.66,59.95,7512883,CAT
2010-03-23,60.1,62.51,60.01,62.41,14316690,CAT
2010-03-24,61.96,62.54,61.42,62.06,11448093,CAT
2010-03-25,62.68,63.71,62.05,62.14,11363117,CAT
2010-03-26,62.4,63.18,61.99,62.44,7887298,CAT
2010-03-29,62.76,63.6,62.76,63.48,6986497,CAT
2010-03-30,63.38,63.63,62.81,63.16,6183557,CAT
2010-03-31,62.76,63.5,62.63,62.85,6661317,CAT
2010-04-01,63.29,64.2,63.29,63.99,7830447,CAT
2010-04-05,64.36,65.0,64.2,64.99,6696129,CAT
2010-04-06,64.81,65.47,64.57,65.29,6388982,CAT
2010-04-07,65.25,65.38,64.0,64.47,6972955,CAT
2010-04-08,64.05,64.65,63.55,64.48,5418001,CAT
2010-04-09,64.9,65.52,64.82,65.27,6023209,CAT
2010-04-12,65.93,67.0,65.76,66.73,11837386,CAT
2010-04-13,66.7,67.25,66.16,66.19,7001609,CAT
2010-04-14,66.37,67.37,66.2,67.28,5497774,CAT
2010-04-15,67.16,68.71,67.16,68.22,7129579,CAT
2010-04-16,68.05,68.23,66.34,66.88,10385998,CAT
2010-04-19,66.6,67.7,65.77,66.99,7969489,CAT
2010-04-20,67.71,68.3,67.4,67.5,7695334,CAT
2010-04-21,67.74,67.92,66.7,67.75,6359395,CAT
2010-04-22,66.67,67.65,65.97,67.51,8722084,CAT
2010-04-23,67.2,68.95,66.99,68.78,9046377,CAT
2010-04-26,70.88,72.83,70.65,71.65,20134283,CAT
2010-04-27,71.25,71.58,68.28,68.53,14324300,CAT
2010-04-28,69.43,70.27,68.6,68.97,8233028,CAT
2010-04-29,69.96,70.76,69.62,70.75,7917403,CAT
2010-04-30,70.99,71.36,67.82,68.09,9428994,CAT
2010-05-03,68.37,70.16,68.09,69.94,7886360,CAT
2010-05-04,68.56,68.56,66.25,66.7,12561984,CAT
2010-05-05,65.86,67.44,64.08,65.96,11422937,CAT
2010-05-06,65.85,66.94,58.0,63.5,19370709,CAT
2010-05-07,63.05,64.45,60.64,62.1,15725835,CAT
2010-05-10,65.88,67.0,65.19,66.69,11859218,CAT
2010-05-11,65.18,66.98,65.0,66.07,7482206,CAT
2010-05-12,66.66,68.3,66.6,68.15,7793053,CAT
2010-05-13,68.15,68.4,66.67,66.91,6531293,CAT
2010-05-14,65.96,66.19,63.91,64.88,9939773,CAT
2010-05-17,65.01,65.74,61.99,63.78,11881237,CAT
2010-05-18,64.91,65.53,62.85,63.19,9597380,CAT
2010-05-19,62.94,63.17,59.28,61.44,18584744,CAT
2010-05-20,59.07,60.41,58.0,58.67,22807950,CAT
2010-05-21,57.3,60.5,57.2,60.09,15890266,CAT
2010-05-24,60.06,61.11,59.09,59.22,11185253,CAT
2010-05-25,56.35,59.36,55.74,59.21,13795845,CAT
2010-05-26,59.63,61.4,59.25,59.73,11568896,CAT
2010-05-27,61.36,62.12,60.82,62.06,9558184,CAT
2010-05-28,62.42,62.42,60.05,60.76,7709405,CAT
2010-06-01,60.04,61.64,59.22,59.27,8346328,CAT
2010-06-02,59.9,60.9,59.28,60.86,9455113,CAT
2010-06-03,62.29,62.36,60.42,61.11,8982766,CAT
2010-06-04,59.49,60.2,57.36,57.76,10279591,CAT
2010-06-07,58.01,58.28,55.8,55.83,8907089,CAT
2010-06-08,56.01,57.18,54.89,56.61,11606276,CAT
2010-06-09,57.49,58.85,56.59,56.81,9752678,CAT
2010-06-10,58.31,60.0,58.0,59.95,9704616,CAT
2010-06-11,59.22,60.24,58.99,60.23,7341745,CAT
2010-06-14,61.42,62.56,60.88,61.0,9783561,CAT
2010-06-15,61.8,63.56,61.5,63.46,11871974,CAT
2010-06-16,62.91,64.52,62.73,64.39,10565454,CAT
2010-06-17,64.63,64.99,63.67,64.95,10579946,CAT
2010-06-18,65.13,65.9,64.57,65.85,11005511,CAT
2010-06-21,67.56,68.35,65.55,66.07,11652356,CAT
2010-06-22,66.3,66.48,63.88,64.11,8660136,CAT
2010-06-23,64.06,64.87,62.64,64.33,9037550,CAT
2010-06-24,63.81,64.45,63.05,63.37,8658229,CAT
2010-06-25,63.54,64.71,62.92,64.71,12068839,CAT
2010-06-28,64.45,65.3,64.01,64.4,6836814,CAT
2010-06-29,62.74,62.86,60.25,60.85,13064257,CAT
2010-06-30,61.02,61.94,59.91,60.07,9636191,CAT
2010-07-01,59.67,60.7,58.06,59.97,11598507,CAT
2010-07-02,60.3,60.66,58.62,59.18,7878228,CAT
2010-07-06,60.6,61.65,59.21,59.81,9358700,CAT
2010-07-07,59.85,62.27,59.67,62.18,7593290,CAT
2010-07-08,63.08,63.35,62.18,63.17,6060571,CAT
2010-07-09,63.12,64.84,63.0,64.72,6458036,CAT
2010-07-12,64.5,65.1,63.87,64.28,4916438,CAT
2010-07-13,65.88,67.36,65.31,66.79,10081470,CAT
2010-07-14,66.35,66.91,65.52,66.7,6851229,CAT
2010-07-15,66.38,66.59,65.36,66.51,8102564,CAT
2010-07-16,65.76,65.79,63.75,63.94,8504059,CAT
2010-07-19,64.36,65.23,63.56,64.8,6826310,CAT
2010-07-20,63.56,66.77,63.56,66.43,9472054,CAT
2010-07-21,66.99,68.05,66.19,66.87,11432336,CAT
2010-07-22,67.41,68.62,66.46,68.0,15911440,CAT
2010-07-23,67.5,69.64,67.33,69.31,8873063,CAT
2010-07-26,69.41,70.08,69.08,69.99,8882683,CAT
2010-07-27,70.18,70.18,68.08,69.18,11950906,CAT
2010-07-28,68.7,69.85,68.7,69.72,7611561,CAT
2010-07-29,69.84,70.29,68.21,69.4,7671492,CAT
2010-07-30,68.39,70.25,68.39,69.75,7221213,CAT
2010-08-02,70.74,71.7,70.07,71.05,6304007,CAT
2010-08-03,70.57,71.03,69.88,70.37,5885912,CAT
2010-08-04,70.28,71.47,70.28,71.12,6211014,CAT
2010-08-05,70.82,72.25,70.81,71.96,7414983,CAT
2010-08-06,71.01,71.93,70.3,71.56,5463349,CAT
2010-08-09,72.06,72.18,71.42,72.07,3629177,CAT
2010-08-10,70.88,71.99,70.58,71.42,6084174,CAT
2010-08-11,70.01,70.16,68.35,68.71,9229380,CAT
2010-08-12,67.5,68.0,66.78,67.5,7639870,CAT
2010-08-13,67.74,68.46,67.21,68.01,6663536,CAT
2010-08-16,67.62,68.98,67.06,68.49,5436842,CAT
2010-08-17,69.44,70.76,69.3,69.74,5946844,CAT
2010-08-18,69.82,70.44,69.06,69.75,4989745,CAT
2010-08-19,69.87,70.5,68.42,69.29,9625389,CAT
2010-08-20,69.4,69.54,67.46,68.86,8023689,CAT
2010-08-23,68.7,69.75,66.72,66.84,8880459,CAT
2010-08-24,65.59,65.84,64.31,65.04,9677889,CAT
2010-08-25,64.29,64.98,63.34,64.7,8681884,CAT
2010-08-26,64.83,65.82,63.77,63.95,7085601,CAT
2010-08-27,64.76,66.15,63.36,65.9,7488027,CAT
2010-08-30,66.14,66.16,64.46,64.47,5133896,CAT
2010-08-31,64.14,65.85,63.92,65.16,6760676,CAT
2010-09-01,67.05,68.54,66.35,68.16,9071150,CAT
2010-09-02,68.35,68.78,67.75,68.54,5300727,CAT
2010-09-03,69.95,70.59,69.54,70.08,7837604,CAT
2010-09-07,69.78,70.05,68.8,69.7,6846728,CAT
2010-09-08,69.98,71.48,69.95,70.74,6323171,CAT
2010-09-09,71.56,71.83,70.01,70.64,5355814,CAT
2010-09-10,70.93,71.56,70.37,71.26,5018591,CAT
2010-09-13,71.96,72.48,71.7,72.24,7694541,CAT
2010-09-14,72.28,72.37,71.57,71.83,6048630,CAT
2010-09-15,71.38,72.27,70.8,72.13,5507049,CAT
2010-09-16,71.92,72.35,71.28,72.0,6234221,CAT
2010-09-17,72.22,73.31,71.09,73.18,11341760,CAT
2010-09-20,73.26,74.8,72.88,74.75,8896101,CAT
2010-09-21,74.79,77.11,74.72,76.39,14968277,CAT
2010-09-22,76.25,76.5,75.5,76.18,8386055,CAT
2010-09-23,75.42,77.5,75.0,76.26,8747095,CAT
2010-09-24,77.8,79.93,77.62,79.73,14218503,CAT
2010-09-27,79.7,79.98,78.9,79.54,8363981,CAT
2010-09-28,79.44,79.94,78.43,79.67,7786777,CAT
2010-09-29,79.6,80.0,79.42,79.99,7943671,CAT
2010-09-30,80.04,80.08,78.21,78.68,11940734,CAT
2010-10-01,78.29,78.88,77.53,78.22,8543634,CAT
2010-10-04,78.02,78.26,76.51,77.27,6418653,CAT
2010-10-05,78.48,79.76,78.2,79.4,7140291,CAT
2010-10-06,79.6,79.9,78.48,79.08,6258821,CAT
2010-10-07,79.46,79.79,77.85,78.74,8980469,CAT
2010-10-08,79.41,81.0,78.93,80.37,14296553,CAT
2010-10-11,80.03,80.75,79.51,79.98,4599860,CAT
2010-10-12,79.75,79.75,78.3,79.34,10042590,CAT
2010-10-13,80.36,81.19,80.08,80.29,8501408,CAT
2010-10-14,80.49,80.83,79.27,79.91,5667720,CAT
2010-10-15,80.28,80.47,79.0,79.75,6526953,CAT
2010-10-18,79.95,80.51,79.66,80.24,6547894,CAT
2010-10-19,78.97,79.71,77.77,78.55,9858427,CAT
2010-10-20,78.9,80.78,78.81,80.32,9662269,CAT
2010-10-21,80.99,81.2,77.51,78.89,17736825,CAT
2010-10-22,78.76,78.91,77.86,78.33,6447073,CAT
2010-10-25,78.71,80.0,78.5,79.05,6484763,CAT
2010-10-26,78.11,79.06,77.87,78.65,6246068,CAT
2010-10-27,78.2,78.41,77.12,78.22,6789815,CAT
2010-10-28,78.87,79.0,76.78,77.74,7063171,CAT
2010-10-29,77.61,78.75,77.58,78.6,4563895,CAT
2010-11-01,78.97,80.18,78.51,79.27,7476255,CAT
2010-11-02,79.99,80.43,79.52,79.75,4943880,CAT
2010-11-03,79.82,79.95,78.55,79.88,5776651,CAT
2010-11-04,80.82,83.28,80.76,83.18,13046795,CAT
2010-11-05,83.25,83.84,82.93,83.54,6280450,CAT
2010-11-08,83.25,83.55,82.4,83.12,4284458,CAT
2010-11-09,83.2,83.47,81.41,81.91,6030035,CAT
2010-11-10,82.16,82.84,81.3,82.46,5950969,CAT
2010-11-11,81.73,82.66,81.52,82.44,5006572,CAT
2010-11-12,81.84,82.53,80.04,81.04,6156836,CAT
2010-11-15,79.89,83.58,79.8,81.82,15814170,CAT
2010-11-16,81.88,82.18,79.7,80.37,12527456,CAT
2010-11-17,80.56,81.45,80.01,81.17,5411385,CAT
2010-11-18,82.5,83.43,82.27,83.11,6645452,CAT
2010-11-19,83.09,83.98,82.51,83.97,5742132,CAT
2010-11-22,83.88,84.35,82.79,84.0,6411104,CAT
2010-11-23,83.28,83.38,82.01,82.63,5739157,CAT
2010-11-24,83.25,84.79,83.25,84.69,5881485,CAT
2010-11-26,83.83,84.25,83.45,84.13,2521505,CAT
2010-11-29,83.71,83.89,82.55,83.67,5086979,CAT
2010-11-30,82.83,84.92,82.76,84.6,7774673,CAT
2010-12-01,85.03,87.8,85.0,87.45,8858542,CAT
2010-12-02,87.45,88.89,87.45,88.62,6349161,CAT
2010-12-03,88.36,89.49,87.83,89.38,4999657,CAT
2010-12-06,89.28,89.68,88.57,89.2,4347334,CAT
2010-12-07,89.95,92.0,89.95,90.35,11247624,CAT
2010-12-08,90.26,90.9,89.29,89.62,5256223,CAT
2010-12-09,90.13,90.24,89.02,89.67,3832926,CAT
2010-12-10,89.79,90.16,89.39,89.94,3314243,CAT
2010-12-13,90.65,92.37,90.2,91.63,6637043,CAT
2010-12-14,92.19,92.91,91.51,92.09,4948935,CAT
2010-12-15,92.75,94.33,92.66,93.12,8323246,CAT
2010-12-16,93.19,93.65,92.54,93.2,4863640,CAT
2010-12-17,93.4,93.41,92.25,92.59,6472637,CAT
2010-12-20,93.37,93.55,92.53,93.3,3523194,CAT
2010-12-21,93.7,94.89,93.24,94.63,4110961,CAT
2010-12-22,94.78,94.78,94.11,94.57,2611768,CAT
2010-12-23,94.29,94.74,94.0,94.45,2206799,CAT
2010-12-27,93.85,94.2,93.21,94.07,2620732,CAT
2010-12-28,94.28,94.42,93.07,93.69,2995498,CAT
2010-12-29,93.75,94.22,93.5,93.78,2779642,CAT
2010-12-30,93.56,94.14,93.52,93.87,2325586,CAT
2010-12-31,93.83,93.9,93.31,93.66,2542626,CAT
2011-01-03,94.38,94.81,94.11,94.15,5233321,CAT
2011-01-04,94.64,94.64,92.3,93.71,6120629,CAT
2011-01-05,93.27,94.69,92.99,94.52,4124427,CAT
2011-01-06,94.71,94.71,93.3,93.54,4109465,CAT
2011-01-07,93.86,94.73,92.8,93.73,4548061,CAT
2011-01-10,93.21,93.97,92.51,93.39,4160919,CAT
2011-01-11,94.08,94.7,93.25,93.95,5307161,CAT
2011-01-12,94.59,94.62,93.43,93.49,5699326,CAT
2011-01-13,94.09,94.53,93.7,94.14,4539829,CAT
2011-01-14,93.94,94.26,93.11,94.01,4573074,CAT
2011-01-18,94.16,96.47,93.94,96.23,8819103,CAT
2011-01-19,96.34,96.8,95.15,95.54,6478076,CAT
2011-01-20,94.9,95.28,93.31,93.61,7160797,CAT
2011-01-21,94.75,95.0,92.37,92.75,6193033,CAT
2011-01-24,92.71,94.69,92.51,94.57,4614954,CAT
2011-01-25,94.39,94.65,92.97,94.39,5437213,CAT
2011-01-26,94.93,96.16,94.4,95.75,6090685,CAT
2011-01-27,97.1,97.79,95.52,96.63,11543290,CAT
2011-01-28,97.01,97.2,94.9,95.68,7242926,CAT
2011-01-31,96.13,97.2,95.85,97.01,6012835,CAT
2011-02-01,97.35,98.06,96.5,98.01,7558761,CAT
2011-02-02,97.74,99.27,97.68,99.09,6531202,CAT
2011-02-03,99.24,99.24,98.15,98.93,5035599,CAT
2011-02-04,99.01,99.72,98.7,99.59,6030888,CAT
2011-02-07,99.62,100.81,99.49,100.47,5697870,CAT
2011-02-08,100.57,100.7,99.31,100.61,5045323,CAT
2011-02-09,100.11,100.44,99.19,99.79,4805850,CAT
2011-02-10,99.28,100.76,98.75,100.6,5638045,CAT
2011-02-11,100.29,103.55,100.2,103.54,6445306,CAT
2011-02-14,103.56,103.64,102.8,103.26,4058353,CAT
2011-02-15,102.96,103.11,102.01,103.0,4422576,CAT
2011-02-16,103.9,104.41,102.91,103.55,4857282,CAT
2011-02-17,103.32,103.76,102.96,103.36,2993675,CAT
2011-02-18,103.86,105.86,103.45,105.86,8746790,CAT
2011-02-22,104.86,105.3,101.53,102.01,8247018,CAT
2011-02-23,101.91,102.13,98.04,100.02,8916077,CAT
2011-02-24,99.93,101.91,98.77,100.57,6351068,CAT
2011-02-25,101.45,102.64,101.14,102.0,4632564,CAT
2011-02-28,102.72,103.36,101.53,102.93,4021732,CAT
2011-03-01,103.37,103.64,99.35,99.86,7289162,CAT
2011-03-02,99.85,102.12,99.43,100.97,5420344,CAT
2011-03-03,101.94,104.43,101.92,104.25,7436660,CAT
2011-03-04,104.01,104.2,102.02,103.04,5683617,CAT
2011-03-07,103.42,104.2,101.05,102.13,6005791,CAT
2011-03-08,101.89,104.45,101.18,104.13,6167638,CAT
2011-03-09,103.59,103.59,101.8,102.36,6403358,CAT
2011-03-10,100.55,100.75,98.1,98.39,11861599,CAT
2011-03-11,97.74,100.5,97.01,100.02,8175663,CAT
2011-03-14,102.59,102.59,100.38,102.1,7991501,CAT
2011-03-15,99.02,101.38,98.55,100.75,11764899,CAT
2011-03-16,101.7,102.61,99.04,100.4,13057446,CAT
2011-03-17,101.89,103.31,101.28,103.12,9868059,CAT
2011-03-18,104.99,105.64,104.66,105.06,11517147,CAT
2011-03-21,106.9,107.68,106.62,107.59,7692683,CAT
2011-03-22,107.06,107.48,106.03,106.79,7018041,CAT
2011-03-23,106.08,107.7,105.64,106.76,7099161,CAT
2011-03-24,107.9,108.9,106.95,108.37,8365554,CAT
2011-03-25,108.75,110.15,108.7,109.09,7662017,CAT
2011-03-28,109.54,110.49,109.39,109.4,5447112,CAT
2011-03-29,109.64,110.79,108.61,110.54,5776639,CAT
2011-03-30,111.71,111.72,110.55,111.53,5619007,CAT
2011-03-31,110.82,111.98,110.82,111.35,5179762,CAT
2011-04-01,112.09,113.59,111.8,113.12,6093871,CAT
2011-04-04,113.75,113.93,112.53,113.38,3886857,CAT
2011-04-05,112.97,113.16,111.91,112.31,5352335,CAT
2011-04-06,112.85,113.3,110.86,111.0,5719255,CAT
2011-04-07,110.72,110.9,109.08,109.85,8412646,CAT
2011-04-08,110.54,111.0,108.88,109.82,5401844,CAT
2011-04-11,110.02,110.3,108.32,109.07,5006879,CAT
2011-04-12,108.61,109.02,106.34,106.57,8748147,CAT
2011-04-13,107.76,107.97,106.38,107.63,5840935,CAT
2011-04-14,106.82,107.77,105.35,107.58,5780486,CAT
2011-04-15,108.08,108.11,106.8,107.21,5321442,CAT
2011-04-18,105.58,105.74,102.16,103.9,11448560,CAT
2011-04-19,105.18,106.42,104.64,106.1,7159256,CAT
2011-04-20,107.94,108.5,107.36,108.28,5331076,CAT
2011-04-21,109.0,109.5,108.41,109.42,4061411,CAT
2011-04-25,109.24,109.48,107.95,108.85,3709046,CAT
2011-04-26,110.15,112.2,109.85,111.94,6674553,CAT
2011-04-27,112.66,112.7,109.75,112.61,6070179,CAT
2011-04-28,112.28,112.7,111.35,112.64,6270210,CAT
2011-04-29,115.4,116.25,114.53,115.41,11798961,CAT
2011-05-02,116.24,116.55,113.92,114.37,7625755,CAT
2011-05-03,114.12,114.38,112.74,113.27,6302768,CAT
2011-05-04,113.22,113.91,109.94,110.77,8970660,CAT
2011-05-05,110.08,111.46,108.39,109.39,8786262,CAT
2011-05-06,111.52,112.71,110.17,110.34,7993019,CAT
2011-05-09,110.8,112.48,110.37,111.66,5078137,CAT
2011-05-10,112.76,112.97,111.86,112.87,4928330,CAT
2011-05-11,112.34,112.35,109.0,109.98,9673000,CAT
2011-05-12,109.2,109.61,107.0,108.63,9278847,CAT
2011-05-13,109.47,109.6,106.02,106.33,9253089,CAT
2011-05-16,105.87,108.27,105.07,106.09,8292202,CAT
2011-05-17,105.08,105.23,101.47,102.08,19233155,CAT
2011-05-18,102.85,105.5,101.78,105.25,9472870,CAT
2011-05-19,106.61,106.87,104.91,105.3,8618525,CAT
2011-05-20,105.24,105.5,103.6,104.33,8657500,CAT
2011-05-23,101.31,102.51,100.37,101.89,10099567,CAT
2011-05-24,102.37,102.95,101.07,101.55,7277428,CAT
2011-05-25,101.03,103.93,100.78,103.25,6193580,CAT
2011-05-26,103.07,104.68,102.03,104.19,6643145,CAT
2011-05-27,104.72,105.36,104.27,104.6,4512458,CAT
2011-05-31,106.41,106.6,104.31,105.8,6644989,CAT
2011-06-01,104.97,105.48,101.0,101.24,10603384,CAT
2011-06-02,101.82,103.72,101.31,102.19,9128481,CAT
2011-06-03,100.49,102.49,99.15,101.1,9510733,CAT
2011-06-06,100.25,101.61,99.47,99.86,8095185,CAT
2011-06-07,101.24,101.35,99.81,99.88,6790818,CAT
2011-06-08,99.21,99.86,97.77,98.04,9764539,CAT
2011-06-09,98.29,99.71,98.22,99.26,6171368,CAT
2011-06-10,98.8,98.9,96.42,96.79,9610016,CAT
2011-06-13,96.93,97.53,94.72,95.44,9767736,CAT
2011-06-14,96.85,98.45,96.13,97.86,8483128,CAT
2011-06-15,96.58,97.36,95.51,95.65,8149184,CAT
2011-06-16,95.39,96.86,94.21,95.46,8889538,CAT
2011-06-17,96.46,96.94,95.31,95.95,8316843,CAT
2011-06-20,96.49,98.37,96.05,98.18,7486461,CAT
2011-06-21,99.42,101.96,99.06,101.39,9639576,CAT
2011-06-22,101.17,102.5,100.07,100.15,7452693,CAT
2011-06-23,97.9,100.65,96.95,100.55,10647253,CAT
2011-06-24,101.05,101.1,99.44,100.01,8496881,CAT
2011-06-27,99.96,101.5,99.07,100.8,5618030,CAT
2011-06-28,101.44,104.07,101.4,103.84,7887151,CAT
2011-06-29,104.45,104.49,102.4,103.36,8642237,CAT
2011-06-30,103.36,106.93,103.32,106.46,10599722,CAT
2011-07-01,106.15,109.17,105.75,108.62,9153712,CAT
2011-07-05,107.92,108.78,107.34,108.43,6880163,CAT
2011-07-06,108.11,110.12,108.08,110.08,6942543,CAT
2011-07-07,111.57,112.65,111.25,111.63,7404228,CAT
2011-07-08,108.52,110.41,107.8,110.41,8298100,CAT
2011-07-11,108.41,109.48,107.25,108.16,7569251,CAT
2011-07-12,107.63,108.46,106.67,106.93,7892983,CAT
2011-07-13,108.48,110.42,108.34,108.64,6820173,CAT
2011-07-14,108.83,110.5,107.0,107.58,7394217,CAT
2011-07-15,108.77,109.36,107.14,109.36,6662950,CAT
2011-07-18,108.46,108.47,106.16,107.8,6880902,CAT
2011-07-19,108.89,109.97,108.2,109.64,6676377,CAT
2011-07-20,110.71,110.98,109.61,110.31,5761575,CAT
2011-07-21,111.05,112.43,110.12,111.6,9341363,CAT
2011-07-22,104.62,106.48,103.0,105.15,25775680,CAT
2011-07-25,104.16,106.3,103.8,105.66,8664606,CAT
2011-07-26,105.91,106.0,104.7,105.2,7158459,CAT
2011-07-27,104.43,104.61,101.0,101.34,10687804,CAT
2011-07-28,101.51,102.09,99.45,99.64,9442859,CAT
2011-07-29,98.32,99.97,97.28,98.79,12286478,CAT
2011-08-01,102.43,102.82,98.8,100.72,12869522,CAT
2011-08-02,99.55,101.55,97.12,97.18,12058250,CAT
2011-08-03,97.92,98.29,93.54,96.28,16922153,CAT
2011-08-04,94.4,94.71,89.5,89.55,18654906,CAT
2011-08-05,92.13,92.5,86.48,90.99,22800491,CAT
2011-08-08,86.23,88.16,82.25,82.6,29408688,CAT
2011-08-09,85.4,87.6,80.84,87.48,20479056,CAT
2011-08-10,86.72,87.2,83.39,83.51,15335860,CAT
2011-08-11,85.14,88.79,83.94,87.25,14160927,CAT
2011-08-12,91.06,91.3,88.81,89.81,11463358,CAT
2011-08-15,91.45,92.8,90.68,91.37,10462784,CAT
2011-08-16,90.02,90.37,88.52,89.35,10817805,CAT
2011-08-17,90.11,90.8,87.15,87.64,10621795,CAT
2011-08-18,84.45,84.8,81.5,83.33,16798446,CAT
2011-08-19,81.92,85.0,79.82,79.97,13743446,CAT
2011-08-22,82.94,83.04,79.56,79.89,9459377,CAT
2011-08-23,80.54,83.0,79.8,82.98,11699894,CAT
2011-08-24,83.24,85.72,82.2,85.4,10140211,CAT
2011-08-25,86.24,86.86,82.8,83.25,8212083,CAT
2011-08-26,82.19,85.91,81.05,85.16,9458249,CAT
2011-08-29,87.11,88.55,86.35,88.15,7645592,CAT
2011-08-30,88.0,90.87,87.36,89.83,9856909,CAT
2011-08-31,91.75,93.82,89.89,91.0,12665932,CAT
2011-09-01,91.19,92.83,88.28,88.55,10696200,CAT
2011-09-02,85.25,86.7,84.37,85.38,11952119,CAT
2011-09-06,82.24,86.02,82.11,85.7,8649714,CAT
2011-09-07,87.8,88.71,86.42,88.69,9325018,CAT
2011-09-08,87.32,88.98,86.4,87.04,9947735,CAT
2011-09-09,86.03,86.25,83.14,83.96,11675874,CAT
2011-09-12,81.93,84.14,81.25,83.87,10852194,CAT
2011-09-13,83.85,86.25,83.38,85.02,9804375,CAT
2011-09-14,85.61,86.96,82.53,85.45,10626228,CAT
2011-09-15,86.65,87.69,85.77,86.6,8299900,CAT
2011-09-16,87.46,87.46,85.21,85.9,10490875,CAT
2011-09-19,83.92,85.16,82.33,84.6,8942449,CAT
2011-09-20,85.64,85.77,83.5,83.66,8999757,CAT
2011-09-21,83.11,83.39,79.29,79.36,16465693,CAT
2011-09-22,76.29,76.56,72.6,73.9,20951322,CAT
2011-09-23,73.44,75.5,73.02,73.86,12106269,CAT
2011-09-26,74.71,77.0,73.24,76.85,10018167,CAT
2011-09-27,79.25,79.85,77.12,77.67,10817079,CAT
2011-09-28,78.13,79.15,74.88,75.08,9383159,CAT
2011-09-29,76.89,77.28,73.2,75.39,10263616,CAT
2011-09-30,73.46,75.89,73.23,73.84,10543114,CAT
2011-10-03,72.78,73.59,70.5,70.55,10785084,CAT
2011-10-04,68.75,72.76,67.54,72.54,14733745,CAT
2011-10-05,72.84,74.61,71.49,74.26,9678355,CAT
2011-10-06,74.57,77.19,73.6,77.09,15809945,CAT
2011-10-07,77.77,77.79,74.7,75.52,14025440,CAT
2011-10-10,77.27,79.75,77.2,79.13,10305762,CAT
2011-10-11,78.08,81.14,77.95,80.66,17857619,CAT
2011-10-12,82.01,82.8,81.06,81.7,10424858,CAT
2011-10-13,81.22,81.91,80.34,81.44,7953157,CAT
2011-10-14,82.85,84.23,82.39,84.09,7356927,CAT
2011-10-17,84.83,85.38,81.33,81.52,10198475,CAT
2011-10-18,81.45,85.57,80.76,84.72,13576701,CAT
2011-10-19,84.67,85.42,83.07,83.56,8734847,CAT
2011-10-20,83.9,85.0,82.5,84.26,9446535,CAT
2011-10-21,85.42,87.5,85.3,87.39,11482819,CAT
2011-10-24,91.76,92.9,90.8,91.77,16383268,CAT
2011-10-25,91.36,92.49,89.02,89.89,10713637,CAT
2011-10-26,91.82,92.25,90.02,91.57,9748599,CAT
2011-10-27,95.0,97.72,94.61,96.27,13930715,CAT
2011-10-28,95.7,97.95,95.65,96.85,8700627,CAT
2011-10-31,95.04,95.63,93.85,94.46,9275088,CAT
2011-11-01,90.0,93.0,89.0,91.63,13545873,CAT
2011-11-02,93.03,94.24,92.2,93.94,9307784,CAT
2011-11-03,95.46,96.35,93.87,96.0,11160910,CAT
2011-11-04,95.3,95.99,93.8,95.74,6820422,CAT
2011-11-07,95.6,96.25,93.39,95.0,7287388,CAT
2011-11-08,95.96,96.0,93.94,95.89,7317459,CAT
2011-11-09,93.5,93.98,91.15,91.64,11214988,CAT
2011-11-10,92.98,93.4,91.2,92.2,7323756,CAT
2011-11-11,93.57,96.2,93.37,96.13,9819760,CAT
2011-11-14,97.47,98.07,95.88,96.53,8590256,CAT
2011-11-15,96.21,97.74,95.8,97.07,8761873,CAT
2011-11-16,96.24,98.2,95.6,95.75,8123014,CAT
2011-11-17,95.7,96.06,92.8,93.81,10086082,CAT
2011-11-18,94.54,94.79,93.15,93.93,6066132,CAT
2011-11-21,92.07,92.1,89.47,91.12,9853657,CAT
2011-11-22,90.8,91.22,88.58,89.99,7494786,CAT
2011-11-23,89.39,89.6,87.43,87.76,7644740,CAT
2011-11-25,87.3,88.4,86.63,86.72,3078679,CAT
2011-11-28,90.35,91.89,89.99,91.48,8340988,CAT
2011-11-29,91.64,91.82,90.45,90.54,6056440,CAT
2011-11-30,94.65,97.91,94.65,97.88,13077921,CAT
2011-12-01,97.23,98.0,95.76,96.82,7492386,CAT
2011-12-02,97.75,98.0,96.01,96.29,7899098,CAT
2011-12-05,97.73,97.97,96.33,96.85,7485498,CAT
2011-12-06,96.62,96.93,94.88,95.96,6446976,CAT
2011-12-07,94.98,95.28,93.8,94.89,8146771,CAT
2011-12-08,94.34,95.53,92.6,92.92,7845327,CAT
2011-12-09,93.63,96.29,93.44,95.97,7140880,CAT
2011-12-12,94.36,94.5,92.31,93.24,6327856,CAT
2011-12-13,94.04,94.68,90.1,90.98,8465675,CAT
2011-12-14,89.59,89.8,86.29,87.0,13568489,CAT
2011-12-15,88.79,88.88,87.09,87.7,7646722,CAT
2011-12-16,88.82,89.51,87.2,87.2,11560727,CAT
2011-12-19,88.09,89.72,86.94,87.25,7922169,CAT
2011-12-20,89.26,91.9,89.23,91.73,7845213,CAT
2011-12-21,91.78,92.01,89.9,91.63,7180297,CAT
2011-12-22,92.03,92.5,91.02,91.81,4768461,CAT
2011-12-23,92.2,92.42,91.65,92.25,3369016,CAT
2011-12-27,91.7,92.38,91.51,91.55,3218113,CAT
2011-12-28,91.76,91.8,89.17,89.37,5250068,CAT
2011-12-29,89.46,90.86,89.46,90.58,3573450,CAT
2011-12-30,90.72,91.42,90.4,90.6,3279845,CAT
2012-01-03,92.77,95.1,92.77,93.98,8180772,CAT
2012-01-04,93.41,95.51,93.41,94.85,7337158,CAT
2012-01-05,94.84,96.16,93.9,95.52,5558453,CAT
2012-01-06,96.03,96.2,95.32,95.76,5474733,CAT
2012-01-09,96.09,97.41,96.0,97.1,6537566,CAT
2012-01-10,98.45,99.98,98.28,99.96,9550634,CAT
2012-01-11,99.83,100.45,99.4,99.64,7228547,CAT
2012-01-12,99.99,102.04,98.66,101.94,10471789,CAT
2012-01-13,100.72,102.7,100.55,102.48,9918916,CAT
2012-01-17,103.82,104.8,103.32,103.37,8869184,CAT
2012-01-18,102.66,104.5,102.5,104.26,6799341,CAT
2012-01-19,104.65,105.76,103.63,105.75,9465221,CAT
2012-01-20,105.35,105.92,104.84,105.64,6601062,CAT
2012-01-23,105.91,107.24,105.64,106.37,7003774,CAT
2012-01-24,105.43,106.8,105.15,106.29,5581201,CAT
2012-01-25,106.0,109.28,105.99,109.05,10657969,CAT
2012-01-26,112.21,114.0,110.53,111.31,18542780,CAT
2012-01-27,110.53,111.98,109.67,111.28,7838507,CAT
2012-01-30,110.02,110.75,104.45,110.41,5971563,CAT
2012-01-31,111.29,112.0,108.71,109.12,7610136,CAT
2012-02-01,110.75,111.39,109.94,110.52,6740664,CAT
2012-02-02,110.8,111.02,109.86,110.33,5127310,CAT
2012-02-03,112.17,114.65,111.9,113.94,10226746,CAT
2012-02-06,113.24,114.25,112.8,113.78,5030035,CAT
2012-02-07,113.05,114.1,112.49,113.81,5140198,CAT
2012-02-08,113.82,114.33,113.22,114.04,4123776,CAT
2012-02-09,114.39,114.64,112.59,112.83,7566925,CAT
2012-02-10,111.01,111.78,110.33,111.75,6352297,CAT
2012-02-13,112.7,113.86,111.68,113.7,5704328,CAT
2012-02-14,113.32,114.48,113.21,114.45,6427824,CAT
2012-02-15,114.49,114.7,111.94,112.53,8210879,CAT
2012-02-16,112.72,114.05,112.39,113.96,5459723,CAT
2012-02-17,114.38,114.5,113.03,113.95,4296279,CAT
2012-02-21,114.5,116.44,114.39,115.0,7521078,CAT
2012-02-22,114.76,116.45,114.5,115.81,5005965,CAT
2012-02-23,115.88,116.45,115.0,116.2,5066463,CAT
2012-02-24,116.29,116.95,115.67,116.0,4474089,CAT
2012-02-27,114.84,116.5,114.55,115.63,4910147,CAT
2012-02-28,115.81,116.22,115.2,115.76,4013789,CAT
2012-02-29,116.13,116.4,113.68,114.21,6781860,CAT
2012-03-01,114.67,115.38,113.01,113.39,7466163,CAT
2012-03-02,113.16,113.94,111.8,112.49,5404780,CAT
2012-03-05,111.55,111.9,109.52,110.09,8392115,CAT
2012-03-06,106.57,107.16,105.2,105.93,12639153,CAT
2012-03-07,106.66,108.62,106.32,108.28,7385751,CAT
2012-03-08,109.59,110.56,108.66,110.28,6171558,CAT
2012-03-09,110.88,111.09,109.8,110.22,6528674,CAT
2012-03-12,110.11,110.95,108.68,108.94,6500668,CAT
2012-03-13,109.73,113.38,109.31,113.3,8082044,CAT
2012-03-14,113.21,113.45,111.26,112.27,6181187,CAT
2012-03-15,112.88,113.48,111.39,113.45,5317553,CAT
2012-03-16,114.02,114.25,113.04,113.58,5777363,CAT
2012-03-19,113.5,114.09,112.78,113.73,4738410,CAT
2012-03-20,111.99,112.0,110.51,110.76,8091060,CAT
2012-03-21,110.85,111.35,109.0,109.0,7928460,CAT
2012-03-22,107.28,107.94,105.7,106.43,9451872,CAT
2012-03-23,106.59,108.61,103.13,107.83,6025545,CAT
2012-03-26,108.8,109.7,108.12,108.75,4571090,CAT
2012-03-27,108.68,109.57,107.88,108.06,4212114,CAT
2012-03-28,107.96,107.97,103.55,104.26,10247575,CAT
2012-03-29,103.62,106.27,103.48,106.02,8319240,CAT
2012-03-30,106.7,106.93,105.58,106.52,4782285,CAT
2012-04-02,105.99,107.94,105.04,107.25,5212253,CAT
2012-04-03,107.64,108.09,105.82,106.21,5830094,CAT
2012-04-04,104.77,106.84,104.34,106.26,5583587,CAT
2012-04-05,105.71,107.14,105.41,105.87,4578308,CAT
2012-04-09,103.57,104.29,102.8,103.57,6338437,CAT
2012-04-10,103.54,103.66,99.8,100.43,9164756,CAT
2012-04-11,101.77,102.5,100.5,101.75,6182801,CAT
2012-04-12,102.17,106.5,102.13,106.44,8980030,CAT
2012-04-13,106.16,106.92,105.24,105.89,6321757,CAT
2012-04-16,107.92,108.96,106.16,106.74,6814036,CAT
2012-04-17,107.9,109.2,106.72,108.41,5324689,CAT
2012-04-18,107.65,109.73,107.65,109.21,4872031,CAT
2012-04-19,109.21,109.77,106.37,107.36,5628466,CAT
2012-04-20,107.77,108.62,107.61,107.73,4019090,CAT
2012-04-23,106.33,107.04,105.12,106.9,5463922,CAT
2012-04-24,107.25,108.79,107.1,108.4,5703132,CAT
2012-04-25,106.85,107.11,102.3,103.44,15948390,CAT
2012-04-26,103.97,104.55,103.0,104.39,7319586,CAT
2012-04-27,104.99,105.05,104.11,104.56,4239051,CAT
2012-04-30,103.99,104.12,102.55,102.77,5325638,CAT
2012-05-01,102.81,103.5,101.74,102.11,5733202,CAT
2012-05-02,101.58,102.72,100.65,102.63,5620219,CAT
2012-05-03,102.9,103.38,100.5,100.67,6102138,CAT
2012-05-04,100.0,100.13,98.0,98.44,9056270,CAT
2012-05-07,97.67,98.2,97.03,97.19,7245648,CAT
2012-05-08,96.84,96.95,93.92,96.49,10416718,CAT
2012-05-09,94.84,97.3,94.08,95.99,7734986,CAT
2012-05-10,97.15,97.39,95.18,95.44,4981920,CAT
2012-05-11,94.5,96.69,94.3,95.5,4532046,CAT
2012-05-14,94.33,94.77,93.45,93.6,5215061,CAT
2012-05-15,93.85,94.66,92.29,92.68,5307090,CAT
2012-05-16,93.43,94.08,91.71,91.86,5810064,CAT
2012-05-17,91.02,91.64,87.6,87.8,12696066,CAT
2012-05-18,88.26,89.81,88.02,88.68,8656878,CAT
2012-05-21,89.53,92.3,89.32,91.98,6813318,CAT
2012-05-22,92.76,92.98,90.89,91.49,7210609,CAT
2012-05-23,90.51,92.79,89.86,92.47,6668574,CAT
2012-05-24,92.95,92.96,90.17,91.42,6424141,CAT
2012-05-25,91.39,91.67,89.63,89.94,4637740,CAT
2012-05-29,91.2,93.93,90.89,92.52,8240242,CAT
2012-05-30,90.99,91.0,89.5,90.18,6353163,CAT
2012-05-31,88.42,88.5,86.01,87.62,12373080,CAT
2012-06-01,85.08,86.8,84.72,85.52,9573630,CAT
2012-06-04,85.94,85.95,82.73,83.26,9815163,CAT
2012-06-05,83.02,84.8,83.02,83.65,9222466,CAT
2012-06-06,84.72,86.66,84.52,86.66,8463998,CAT
2012-06-07,88.82,89.87,86.92,87.14,7775151,CAT
2012-06-08,86.83,87.67,85.33,87.6,4399916,CAT
2012-06-11,89.2,89.46,85.09,85.19,6436925,CAT
2012-06-12,85.82,87.05,84.76,87.05,5270317,CAT
2012-06-13,86.25,87.0,84.68,85.29,8308214,CAT
2012-06-14,85.31,86.25,84.5,85.89,6125104,CAT
2012-06-15,86.4,86.95,85.69,86.93,6572173,CAT
2012-06-18,86.35,87.09,85.67,86.74,4722912,CAT
2012-06-19,87.57,89.79,87.2,88.84,6255070,CAT
2012-06-20,88.14,88.72,86.5,87.17,9415366,CAT
2012-06-21,87.09,87.45,84.84,84.98,8581136,CAT
2012-06-22,85.5,86.05,84.85,84.96,6414053,CAT
2012-06-25,83.95,83.98,82.12,82.89,7395713,CAT
2012-06-26,83.31,83.52,81.8,82.73,5591245,CAT
2012-06-27,82.63,82.87,81.71,82.25,7413765,CAT
2012-06-28,81.66,82.7,80.96,82.63,9716946,CAT
2012-06-29,84.32,84.94,83.81,84.91,7053778,CAT
2012-07-02,85.35,85.48,83.04,83.68,6421291,CAT
2012-07-03,83.9,86.7,83.88,86.46,4357792,CAT
2012-07-05,86.63,87.56,85.63,86.79,5547722,CAT
2012-07-06,85.25,85.25,83.83,84.61,6951916,CAT
2012-07-09,83.94,84.35,82.96,83.14,6292057,CAT
2012-07-10,83.56,84.3,79.12,80.27,15160014,CAT
2012-07-11,80.52,80.74,79.25,79.74,8184796,CAT
2012-07-12,78.98,80.33,78.25,79.64,8743588,CAT
2012-07-13,79.95,82.14,79.55,82.07,7619493,CAT
2012-07-16,81.85,81.85,80.2,81.15,4991914,CAT
2012-07-17,81.89,82.29,79.95,81.91,6470051,CAT
2012-07-18,80.53,83.35,80.09,82.52,7458316,CAT
2012-07-19,82.96,83.4,82.05,82.63,5617190,CAT
2012-07-20,81.93,82.57,80.66,80.95,5897813,CAT
2012-07-23,79.66,82.6,78.79,81.58,7568646,CAT
2012-07-24,82.75,83.3,80.27,81.43,8784396,CAT
2012-07-25,85.13,85.45,80.29,82.6,19885326,CAT
2012-07-26,83.84,84.65,82.1,83.3,10139011,CAT
2012-07-27,83.18,86.6,82.03,86.16,11229250,CAT
2012-07-30,86.62,86.97,85.0,85.69,6507743,CAT
2012-07-31,85.77,86.36,84.14,84.21,9198033,CAT
2012-08-01,85.0,85.07,82.5,82.65,9368087,CAT
2012-08-02,82.46,84.3,82.1,83.12,8097440,CAT
2012-08-03,84.53,86.0,84.07,85.02,6942724,CAT
2012-08-06,85.73,87.0,85.48,86.35,6387170,CAT
2012-08-07,87.0,88.32,86.75,87.22,6050005,CAT
2012-08-08,86.49,87.88,86.35,87.22,6139592,CAT
2012-08-09,87.41,88.79,87.25,88.4,6701463,CAT
2012-08-10,88.26,88.96,87.64,88.94,5510233,CAT
2012-08-13,88.84,89.27,87.6,88.61,5403701,CAT
2012-08-14,89.49,89.65,87.76,87.87,5486506,CAT
2012-08-15,87.25,87.73,86.16,87.61,6346120,CAT
2012-08-16,87.74,88.83,87.23,88.59,4979566,CAT
2012-08-17,89.86,90.1,89.1,90.01,7849959,CAT
2012-08-20,89.74,90.48,89.23,90.44,5298310,CAT
2012-08-21,91.0,92.08,89.95,90.29,7159663,CAT
2012-08-22,90.04,90.28,87.63,88.72,8843943,CAT
2012-08-23,88.64,88.72,87.14,87.63,5469964,CAT
2012-08-24,86.92,87.75,86.4,87.47,4980073,CAT
2012-08-27,87.65,88.0,86.54,86.63,4273674,CAT
2012-08-28,86.37,86.99,85.88,86.01,4697196,CAT
2012-08-29,85.58,86.33,84.45,86.09,8733002,CAT
2012-08-30,85.56,85.82,84.46,84.47,5170403,CAT
2012-08-31,85.18,85.94,84.25,85.33,5481994,CAT
2012-09-04,83.68,85.13,82.21,82.66,11288908,CAT
2012-09-05,82.6,83.08,81.78,82.75,6238812,CAT
2012-09-06,83.55,84.93,83.35,84.79,6983110,CAT
2012-09-07,87.26,88.44,86.75,88.1,10698392,CAT
2012-09-10,87.94,88.63,87.08,87.1,5592620,CAT
2012-09-11,87.7,89.12,87.41,88.6,5878824,CAT
2012-09-12,89.49,90.24,88.66,89.12,6016519,CAT
2012-09-13,88.63,90.97,88.3,90.68,7846103,CAT
2012-09-14,92.21,94.28,91.98,93.17,11377084,CAT
2012-09-17,92.94,93.5,91.73,91.99,7998664,CAT
2012-09-18,91.77,93.07,91.77,93.07,6604709,CAT
2012-09-19,93.3,94.23,92.81,93.94,6787699,CAT
2012-09-20,92.99,92.99,91.25,92.54,7096260,CAT
2012-09-21,93.42,93.42,91.37,91.72,10790189,CAT
2012-09-24,90.45,91.78,90.45,90.87,8604713,CAT
2012-09-25,88.66,89.55,87.0,87.01,13937907,CAT
2012-09-26,86.9,87.93,85.8,86.95,8866030,CAT
2012-09-27,87.84,87.95,86.75,86.92,7586147,CAT
2012-09-28,86.36,86.59,85.43,86.04,7519491,CAT
2012-10-01,86.72,87.15,85.24,85.47,7385730,CAT
2012-10-02,85.63,85.93,84.35,85.47,8819833,CAT
2012-10-03,85.51,85.64,84.55,85.28,5586938,CAT
2012-10-04,85.52,86.5,85.2,85.96,5077313,CAT
2012-10-05,86.85,87.34,85.01,85.43,6548334,CAT
2012-10-08,84.94,85.81,84.43,85.44,4538278,CAT
2012-10-09,85.72,86.15,84.5,84.75,5810594,CAT
2012-10-10,83.89,84.37,82.6,83.16,10635668,CAT
2012-10-11,83.39,83.7,82.25,82.85,7644528,CAT
2012-10-12,83.0,84.1,82.46,82.82,6012871,CAT
2012-10-15,82.91,83.2,82.1,82.81,6357782,CAT
2012-10-16,83.59,85.04,83.21,84.96,6945636,CAT
2012-10-17,85.62,86.77,85.21,86.63,7339006,CAT
2012-10-18,86.38,87.53,85.83,86.62,6813805,CAT
2012-10-19,85.33,85.48,83.49,83.86,9875249,CAT
2012-10-22,82.94,86.04,82.29,85.08,17161215,CAT
2012-10-23,83.9,84.14,82.98,83.58,7496353,CAT
2012-10-24,84.07,84.14,82.52,82.73,5509209,CAT
2012-10-25,83.39,83.54,82.36,83.53,5984041,CAT
2012-10-26,83.48,84.32,83.24,84.25,7166564,CAT
2012-10-31,85.53,85.92,84.45,84.81,5914967,CAT
2012-11-01,85.22,87.86,85.0,87.65,8557112,CAT
2012-11-02,88.49,88.5,85.7,85.79,6983144,CAT
2012-11-05,85.85,86.78,85.59,86.77,4044869,CAT
2012-11-06,87.35,88.6,87.3,88.08,7049360,CAT
2012-11-07,86.73,87.23,84.84,85.02,8209127,CAT
2012-11-08,85.16,85.24,83.52,83.66,6246172,CAT
2012-11-09,83.0,85.29,82.9,84.95,7286527,CAT
2012-11-12,84.44,85.57,84.23,85.18,5809442,CAT
2012-11-13,84.72,85.18,83.17,83.26,7697159,CAT
2012-11-14,83.9,83.9,80.88,81.1,8498038,CAT
2012-11-15,81.35,82.57,80.5,81.3,7797191,CAT
2012-11-16,81.37,82.21,80.16,81.93,8050900,CAT
2012-11-19,83.37,83.84,83.15,83.62,5674790,CAT
2012-11-20,83.7,83.77,82.59,83.33,5537360,CAT
2012-11-21,82.95,83.74,82.65,83.05,4517062,CAT
2012-11-23,83.62,84.19,83.25,84.16,2663700,CAT
2012-11-26,83.81,84.81,83.81,84.65,4242030,CAT
2012-11-27,84.5,85.12,83.9,84.01,4196182,CAT
2012-11-28,83.63,85.09,83.0,84.94,4886186,CAT
2012-11-29,85.55,86.48,85.48,86.25,7846411,CAT
2012-11-30,86.33,86.35,85.03,85.24,5665862,CAT
2012-12-03,85.92,85.92,84.43,84.49,4715054,CAT
2012-12-04,84.05,84.96,83.75,84.16,4469429,CAT
2012-12-05,84.62,86.57,84.56,86.05,8606586,CAT
2012-12-06,85.83,86.33,85.08,85.95,4132598,CAT
2012-12-07,86.7,87.55,86.52,86.99,7337221,CAT
2012-12-10,86.81,87.45,86.38,87.23,4336897,CAT
2012-12-11,87.6,88.16,87.04,87.33,5374285,CAT
2012-12-12,87.89,88.77,87.46,87.95,7093449,CAT
2012-12-13,87.85,89.31,87.82,88.36,6101438,CAT
2012-12-14,88.35,89.5,88.32,89.0,5869570,CAT
2012-12-17,89.25,89.69,88.9,89.64,6095709,CAT
2012-12-18,89.67,91.09,89.67,90.77,6653864,CAT
2012-12-19,90.91,91.83,90.74,90.79,7068237,CAT
2012-12-20,89.9,90.13,88.64,89.5,6893538,CAT
2012-12-21,87.5,88.18,86.48,87.9,10728630,CAT
2012-12-24,87.51,87.83,87.16,87.48,2327063,CAT
2012-12-26,87.67,88.68,87.57,87.67,3236007,CAT
2012-12-27,87.87,88.41,86.55,87.66,3953731,CAT
2012-12-28,87.09,87.6,86.69,86.81,3311691,CAT
2012-12-31,86.81,89.8,86.67,89.61,7215946,CAT
2013-01-02,92.95,94.44,92.95,93.5,11590524,CAT
2013-01-03,93.22,94.99,92.89,94.4,9333510,CAT
2013-01-04,94.57,94.92,94.04,94.92,5658831,CAT
2013-01-07,94.57,95.67,94.4,95.21,5368967,CAT
2013-01-08,94.67,95.19,93.57,94.0,5616304,CAT
2013-01-09,94.1,94.77,94.1,94.44,3546294,CAT
2013-01-10,95.11,95.19,94.23,95.08,4597210,CAT
2013-01-11,94.56,95.39,94.12,95.19,4291414,CAT
2013-01-14,95.32,95.48,94.15,94.63,3688429,CAT
2013-01-15,94.21,95.83,94.18,95.67,4794485,CAT
2013-01-16,95.1,95.66,94.83,95.19,3810588,CAT
2013-01-17,95.71,96.29,95.09,95.7,4825538,CAT
2013-01-18,96.43,97.62,96.09,97.62,8330896,CAT
2013-01-22,96.39,97.73,96.05,97.72,8331276,CAT
2013-01-23,97.48,97.72,96.6,96.85,4973560,CAT
2013-01-24,96.0,97.74,96.0,96.6,5816968,CAT
2013-01-25,95.92,96.28,94.66,95.58,8907230,CAT
2013-01-28,98.06,98.74,96.43,97.45,16000484,CAT
2013-01-29,97.92,99.2,97.72,98.6,6964553,CAT
2013-01-30,98.83,98.96,98.25,98.65,5683221,CAT
2013-01-31,97.99,98.71,97.9,98.39,7155989,CAT
2013-02-01,99.0,99.7,98.95,99.49,6140529,CAT
2013-02-04,98.76,98.87,97.91,98.26,5766103,CAT
2013-02-05,98.58,99.1,98.32,98.44,4179791,CAT
2013-02-06,97.87,98.75,97.36,97.7,4489901,CAT
2013-02-07,97.42,98.16,95.21,96.11,6211601,CAT
2013-02-08,96.1,97.5,96.1,96.85,3934113,CAT
2013-02-11,96.96,96.99,96.3,96.6,2739332,CAT
2013-02-12,96.67,97.41,96.67,97.22,4151249,CAT
2013-02-13,97.09,97.5,96.02,96.38,3719246,CAT
2013-02-14,96.06,96.68,95.68,96.07,3586223,CAT
2013-02-15,96.26,96.42,95.28,95.61,4377139,CAT
2013-02-19,95.74,96.37,95.13,95.6,4368744,CAT
2013-02-20,95.0,95.1,93.05,93.22,8571102,CAT
2013-02-21,92.76,92.79,90.57,91.53,7195005,CAT
2013-02-22,91.99,92.49,91.05,91.54,5852873,CAT
2013-02-25,91.81,92.22,89.08,89.16,7541911,CAT
2013-02-26,89.59,90.2,88.5,89.95,7114851,CAT
2013-02-27,90.06,92.36,90.06,92.25,6149536,CAT
2013-02-28,92.49,93.16,92.23,92.37,5448303,CAT
2013-03-01,91.54,91.96,90.13,91.36,4925799,CAT
2013-03-04,90.61,90.75,89.19,89.75,6350943,CAT
2013-03-05,90.49,91.28,89.99,90.21,5352649,CAT
2013-03-06,90.97,91.05,89.41,89.64,7136333,CAT
2013-03-07,89.9,90.4,89.27,89.65,4740003,CAT
2013-03-08,90.43,90.72,90.01,90.51,5085443,CAT
2013-03-11,90.49,91.52,90.1,91.18,4847366,CAT
2013-03-12,91.16,91.16,89.4,89.74,6593793,CAT
2013-03-13,89.8,89.91,89.13,89.28,5836031,CAT
2013-03-14,89.47,89.55,88.17,88.7,7329016,CAT
2013-03-15,88.61,89.25,88.11,88.83,7385212,CAT
2013-03-18,87.89,90.02,87.67,89.36,7159784,CAT
2013-03-19,89.4,89.4,87.44,88.27,7509215,CAT
2013-03-20,87.61,87.88,86.42,86.94,9390215,CAT
2013-03-21,86.43,87.32,86.43,86.83,5450567,CAT
2013-03-22,87.01,87.63,86.97,87.48,5125495,CAT
2013-03-25,87.93,87.96,86.05,86.64,6685377,CAT
2013-03-26,87.06,87.39,86.66,87.0,4172989,CAT
2013-03-27,86.43,87.16,85.8,86.9,4839611,CAT
2013-03-28,87.05,87.98,86.65,86.97,6215447,CAT
2013-04-01,86.86,86.94,85.41,85.64,5669842,CAT
2013-04-02,86.02,86.02,84.47,84.88,6515505,CAT
2013-04-03,83.91,84.62,83.6,84.12,9223478,CAT
2013-04-04,84.17,84.73,83.84,84.63,7646581,CAT
2013-04-05,83.41,85.36,83.05,84.6,8988752,CAT
2013-04-08,84.67,85.35,83.71,84.19,6724321,CAT
2013-04-09,84.38,86.65,84.05,85.9,10535966,CAT
2013-04-10,86.38,86.88,85.9,86.57,6258603,CAT
2013-04-11,86.89,87.0,85.3,85.7,6920191,CAT
2013-04-12,84.99,85.33,84.3,85.05,4935999,CAT
2013-04-15,84.24,84.33,81.91,82.27,10345694,CAT
2013-04-16,83.63,83.73,82.12,82.61,6568131,CAT
2013-04-17,81.54,81.62,80.62,81.47,9406276,CAT
2013-04-18,81.34,81.34,80.05,80.46,6886914,CAT
2013-04-19,80.95,81.16,80.01,80.43,7017435,CAT
2013-04-22,81.24,83.13,79.49,82.71,18449787,CAT
2013-04-23,83.91,84.72,82.74,84.1,12932441,CAT
2013-04-24,84.28,84.65,83.29,83.78,7022414,CAT
2013-04-25,84.7,85.02,84.02,84.51,6557101,CAT
2013-04-26,84.35,85.08,84.25,84.68,6161521,CAT
2013-04-29,85.11,85.5,84.07,84.8,6066883,CAT
2013-04-30,84.81,85.38,83.36,84.67,6954737,CAT
2013-05-01,84.07,84.35,82.66,83.08,11607850,CAT
2013-05-02,83.34,84.56,83.1,84.26,5799498,CAT
2013-05-03,85.59,87.48,85.48,86.98,11890526,CAT
2013-05-06,87.13,87.95,86.88,87.59,6381733,CAT
2013-05-07,88.11,89.81,87.91,89.79,10407148,CAT
2013-05-08,89.76,90.4,89.18,90.31,7431431,CAT
2013-05-09,89.98,90.69,89.55,89.95,5166167,CAT
2013-05-10,89.96,90.25,87.9,88.62,6967800,CAT
2013-05-13,88.19,88.49,87.75,88.07,5484418,CAT
2013-05-14,87.82,88.0,86.86,87.55,6858976,CAT
2013-05-15,86.97,87.18,86.44,87.0,6927251,CAT
2013-05-16,86.55,87.65,86.1,86.78,8192760,CAT
2013-05-17,87.39,87.86,87.1,87.67,6693167,CAT
2013-05-20,87.57,88.75,87.27,88.33,5603852,CAT
2013-05-21,88.65,88.98,87.73,88.1,4733767,CAT
2013-05-22,88.09,89.09,87.15,87.7,6480454,CAT
2013-05-23,86.03,87.38,85.78,86.95,6028520,CAT
2013-05-24,86.26,86.72,85.77,86.21,4638451,CAT
2013-05-28,87.04,87.39,85.9,86.19,5800796,CAT
2013-05-29,85.73,86.66,85.33,86.49,5110441,CAT
2013-05-30,86.47,87.0,85.99,86.41,3567956,CAT
2013-05-31,86.23,86.95,85.8,85.8,5523070,CAT
2013-06-03,85.91,86.3,85.74,86.13,6093936,CAT
2013-06-04,85.95,86.47,85.44,85.92,5106309,CAT
2013-06-05,85.47,85.73,84.23,84.42,7359415,CAT
2013-06-06,84.25,84.31,83.3,84.0,7009909,CAT
2013-06-07,84.65,85.37,83.64,84.65,5474875,CAT
2013-06-10,84.71,84.77,83.63,83.8,4966253,CAT
2013-06-11,83.03,83.97,82.63,83.52,5240938,CAT
2013-06-12,84.17,84.38,83.01,83.21,4748315,CAT
2013-06-13,83.32,85.28,83.19,85.14,6353695,CAT
2013-06-14,85.01,85.14,83.4,83.87,5126752,CAT
2013-06-17,83.55,84.43,83.42,83.92,4390147,CAT
2013-06-18,84.09,84.87,83.96,84.55,3723840,CAT
2013-06-19,84.5,85.29,84.25,84.25,4712991,CAT
2013-06-20,83.19,83.68,82.35,83.2,7629653,CAT
2013-06-21,84.02,84.02,81.93,83.12,9736764,CAT
2013-06-24,82.06,82.25,80.86,81.52,7526016,CAT
2013-06-25,82.34,82.68,81.97,82.33,6251091,CAT
2013-06-26,82.92,83.43,81.7,82.1,6952383,CAT
2013-06-27,82.55,83.17,82.55,82.96,4659772,CAT
2013-06-28,82.76,83.19,82.31,82.49,8451640,CAT
2013-07-01,83.04,83.25,82.27,82.72,4676582,CAT
2013-07-02,82.77,83.59,82.04,82.48,3660214,CAT
2013-07-03,82.15,82.5,81.56,81.85,2928807,CAT
2013-07-05,82.53,82.63,81.4,82.14,4824857,CAT
2013-07-08,82.4,83.2,82.25,83.2,4880555,CAT
2013-07-09,84.07,86.25,83.72,85.33,7884277,CAT
2013-07-10,85.42,85.77,84.79,84.96,4216998,CAT
2013-07-11,86.46,86.89,86.1,86.7,5435661,CAT
2013-07-12,86.63,87.27,86.54,87.17,4878067,CAT
2013-07-15,87.24,88.03,87.19,87.4,4163550,CAT
2013-07-16,87.72,88.53,87.42,88.17,5433774,CAT
2013-07-17,88.45,89.0,85.88,86.67,15079546,CAT
2013-07-18,85.88,86.6,85.42,85.72,7048221,CAT
2013-07-19,85.45,85.88,85.15,85.65,5086265,CAT
2013-07-22,85.38,86.55,85.38,86.0,4837034,CAT
2013-07-23,85.49,86.38,85.12,85.52,6894636,CAT
2013-07-24,84.58,85.28,82.64,83.44,16611872,CAT
2013-07-25,82.05,82.58,81.35,82.14,9941707,CAT
2013-07-26,81.88,82.08,81.44,82.06,5729323,CAT
2013-07-29,82.42,83.35,82.0,83.02,9075321,CAT
2013-07-30,83.47,83.75,82.66,83.19,5265987,CAT
2013-07-31,83.58,83.9,82.84,82.91,7012868,CAT
2013-08-01,83.62,84.81,83.12,84.44,6573129,CAT
2013-08-02,84.29,84.68,83.5,84.3,4864699,CAT
2013-08-05,84.11,84.29,83.5,83.56,3760026,CAT
2013-08-06,83.31,83.32,82.15,82.53,7224250,CAT
2013-08-07,82.38,82.77,81.8,82.43,4292401,CAT
2013-08-08,82.95,84.59,82.92,83.96,6400595,CAT
2013-08-09,83.8,84.79,83.5,84.51,5478617,CAT
2013-08-12,84.19,86.45,84.06,86.32,8609001,CAT
2013-08-13,86.62,87.43,86.45,86.57,6711925,CAT
2013-08-14,86.86,87.0,85.71,85.82,4463957,CAT
2013-08-15,84.96,86.53,84.88,85.86,5139375,CAT
2013-08-16,85.85,86.4,85.14,85.16,4706996,CAT
2013-08-19,85.15,85.5,83.95,84.2,3766335,CAT
2013-08-20,83.8,84.46,83.27,83.86,4690043,CAT
2013-08-21,83.52,83.85,82.83,82.94,5563360,CAT
2013-08-22,83.31,84.49,83.06,84.17,4740345,CAT
2013-08-23,84.38,84.4,83.4,83.89,4487260,CAT
2013-08-26,83.98,84.78,83.52,83.56,4123203,CAT
2013-08-27,82.88,83.54,82.48,82.7,5570737,CAT
2013-08-28,81.81,82.66,81.46,82.45,6763708,CAT
2013-08-29,82.5,83.06,82.02,82.53,3706364,CAT
2013-08-30,82.59,82.76,82.21,82.54,4425863,CAT
2013-09-03,83.15,83.54,81.72,82.51,7544170,CAT
2013-09-04,82.75,83.74,82.3,83.54,4484028,CAT
2013-09-05,83.37,83.52,82.71,82.95,3728404,CAT
2013-09-06,83.22,84.22,82.4,83.39,5566486,CAT
2013-09-09,84.04,86.03,84.02,85.59,6708880,CAT
2013-09-10,86.81,86.89,86.18,86.61,6298764,CAT
2013-09-11,86.5,87.13,86.26,87.13,4366482,CAT
2013-09-12,86.94,87.22,86.62,86.84,3980970,CAT
2013-09-13,87.1,87.2,86.38,87.01,3275980,CAT
2013-09-16,87.96,88.22,87.03,87.18,4877644,CAT
2013-09-17,87.36,87.45,86.67,87.07,3417755,CAT
2013-09-18,86.31,88.01,86.2,87.84,5567446,CAT
2013-09-19,88.04,88.25,87.31,87.75,4765532,CAT
2013-09-20,87.61,87.65,84.75,84.75,13446484,CAT
2013-09-23,85.0,85.39,84.38,85.03,6048380,CAT
2013-09-24,85.13,85.44,84.53,85.11,3720811,CAT
2013-09-25,85.14,85.55,84.43,84.5,3828841,CAT
2013-09-26,84.59,84.85,83.9,84.2,3478341,CAT
2013-09-27,83.62,83.92,83.38,83.8,3025294,CAT
2013-09-30,82.95,83.83,82.83,83.4,5405409,CAT
2013-10-01,83.56,84.3,83.08,83.76,3867214,CAT
2013-10-02,83.52,84.25,83.33,84.07,3324869,CAT
2013-10-03,83.89,84.27,83.42,83.97,4223482,CAT
2013-10-04,83.97,84.35,83.54,84.2,3215559,CAT
2013-10-07,83.46,84.16,83.3,83.53,3369095,CAT
2013-10-08,83.54,83.89,82.63,82.85,5678969,CAT
2013-10-09,83.05,83.89,82.45,83.52,4582449,CAT
2013-10-10,84.44,84.95,84.07,84.73,4317128,CAT
2013-10-11,84.64,85.85,84.35,85.61,4110281,CAT
2013-10-14,85.06,86.42,84.86,86.24,4689749,CAT
2013-10-15,86.24,86.75,85.69,85.75,4899788,CAT
2013-10-16,86.06,86.49,85.6,86.27,3557864,CAT
2013-10-17,85.33,85.99,84.95,85.85,3852788,CAT
2013-10-18,86.31,87.76,86.27,87.34,6752729,CAT
2013-10-21,87.72,87.8,87.19,87.7,3885613,CAT
2013-10-22,87.88,89.17,87.54,89.17,9160257,CAT
2013-10-23,84.15,84.65,83.05,83.76,20968846,CAT
2013-10-24,83.32,85.0,83.13,84.53,8368710,CAT
2013-10-25,84.32,84.78,83.61,84.77,4891429,CAT
2013-10-28,84.5,84.73,84.15,84.28,3983208,CAT
2013-10-29,83.91,84.1,83.29,84.07,5324600,CAT
2013-10-30,84.17,84.35,83.21,83.49,4665560,CAT
2013-10-31,83.44,84.27,83.36,83.36,4651299,CAT
2013-11-01,83.78,83.8,82.8,83.59,5880268,CAT
2013-11-04,83.81,83.99,83.45,83.89,3893605,CAT
2013-11-05,83.61,84.19,83.36,84.05,4018604,CAT
2013-11-06,84.3,84.36,83.85,84.22,3669299,CAT
2013-11-07,83.95,84.43,83.5,83.65,5431738,CAT
2013-11-08,83.52,84.32,83.5,84.24,4557401,CAT
2013-11-11,84.19,84.47,83.82,84.15,2522627,CAT
2013-11-12,83.98,84.28,83.54,83.85,3483459,CAT
2013-11-13,83.46,84.25,83.0,84.2,3953342,CAT
2013-11-14,84.0,84.2,83.56,83.76,4496319,CAT
2013-11-15,84.0,84.11,83.5,83.74,4744790,CAT
2013-11-18,84.05,84.97,83.74,84.04,4803056,CAT
2013-11-19,84.11,84.5,83.48,83.67,5010283,CAT
2013-11-20,83.18,83.71,82.46,82.68,7443010,CAT
2013-11-21,83.05,83.09,81.87,82.12,6208636,CAT
2013-11-22,82.22,82.95,82.0,82.88,4410551,CAT
2013-11-25,84.4,84.94,83.87,84.4,8111653,CAT
2013-11-26,84.8,84.83,84.01,84.36,3835604,CAT
2013-11-27,84.43,84.93,84.33,84.67,3053649,CAT
2013-11-29,84.64,85.18,84.53,84.6,2284442,CAT
2013-12-02,84.7,85.09,84.03,84.25,4838491,CAT
2013-12-03,83.8,83.95,83.27,83.87,3928957,CAT
2013-12-04,83.75,84.38,83.11,83.97,5246691,CAT
2013-12-05,83.92,84.58,83.7,84.41,5292843,CAT
2013-12-06,85.06,85.58,84.93,85.5,5761037,CAT
2013-12-09,85.78,86.53,85.56,86.09,6023831,CAT
2013-12-10,85.97,86.87,85.92,86.42,4995665,CAT
2013-12-11,86.03,86.22,85.12,85.28,5624107,CAT
2013-12-12,85.32,85.7,84.84,85.57,4551972,CAT
2013-12-13,85.67,86.23,85.57,86.05,4233143,CAT
2013-12-16,86.46,87.85,86.44,87.38,6977048,CAT
2013-12-17,87.17,87.65,86.38,86.92,4764390,CAT
2013-12-18,86.97,88.46,86.65,88.17,6964377,CAT
2013-12-19,87.5,87.84,87.26,87.54,4301063,CAT
2013-12-20,87.81,89.11,87.81,88.93,7389694,CAT
2013-12-23,89.31,90.07,89.27,89.96,5741793,CAT
2013-12-24,90.0,90.98,89.99,90.91,2675744,CAT
2013-12-26,90.99,91.67,90.7,91.15,4791031,CAT
2013-12-27,91.14,91.43,90.56,90.87,3374124,CAT
2013-12-30,90.85,91.03,90.28,90.87,2625439,CAT
2013-12-31,91.0,91.18,90.46,90.81,3099524,CAT
2014-01-02,90.41,90.45,89.33,89.87,4898714,CAT
2014-01-03,90.0,90.25,89.59,89.82,3722442,CAT
2014-01-06,90.19,90.3,88.38,88.64,5236394,CAT
2014-01-07,88.77,89.23,88.75,88.93,3516502,CAT
2014-01-08,88.78,89.82,88.67,89.14,4425098,CAT
2014-01-09,89.26,89.8,88.68,89.71,4469987,CAT
2014-01-10,89.41,90.6,89.29,90.51,5417506,CAT
2014-01-13,90.26,91.26,89.82,89.89,5213921,CAT
2014-01-14,89.86,90.71,89.86,90.56,3712534,CAT
2014-01-15,90.88,93.2,90.88,92.41,10125882,CAT
2014-01-16,91.89,92.86,91.7,92.01,4771192,CAT
2014-01-17,92.15,92.26,91.01,91.44,6833535,CAT
2014-01-21,91.6,91.85,89.64,90.6,5558499,CAT
2014-01-22,90.59,90.82,89.35,89.64,4788501,CAT
2014-01-23,88.7,89.08,88.05,88.48,5021646,CAT
2014-01-24,87.98,87.99,85.88,86.17,8118400,CAT
2014-01-27,91.77,92.31,89.07,91.29,22210282,CAT
2014-01-28,91.4,92.67,91.35,92.47,9413150,CAT
2014-01-29,91.31,91.96,90.29,90.62,8150580,CAT
2014-01-30,91.53,93.85,90.73,93.2,14770545,CAT
2014-01-31,92.16,94.69,92.01,93.91,9771234,CAT
2014-02-03,93.74,93.94,91.95,92.42,9085760,CAT
2014-02-04,92.48,92.65,91.49,92.5,6839994,CAT
2014-02-05,92.24,92.51,91.06,91.96,5134846,CAT
2014-02-06,91.94,94.23,91.79,93.83,6864749,CAT
2014-02-07,94.17,95.24,93.88,94.87,9665197,CAT
2014-02-10,94.97,94.98,93.63,94.5,5933664,CAT
2014-02-11,94.62,95.34,94.28,94.96,6011559,CAT
2014-02-12,95.31,96.64,95.17,96.17,8006395,CAT
2014-02-13,95.29,96.41,95.11,96.11,4392208,CAT
2014-02-14,95.86,96.68,95.84,96.55,4232955,CAT
2014-02-18,95.85,96.94,95.85,96.56,4872883,CAT
2014-02-19,96.19,97.67,96.1,96.21,5868813,CAT
2014-02-20,96.51,97.52,95.3,96.92,7719564,CAT
2014-02-21,97.11,97.95,96.92,97.5,5558694,CAT
2014-02-24,97.55,98.24,97.18,97.32,4888158,CAT
2014-02-25,96.84,96.98,95.82,96.41,5993094,CAT
2014-02-26,96.66,97.91,96.34,97.2,4753899,CAT
2014-02-27,97.21,97.64,96.52,96.7,4340142,CAT
2014-02-28,96.63,97.52,96.3,96.97,5411245,CAT
2014-03-03,96.32,96.67,95.6,96.31,4859173,CAT
2014-03-04,97.2,97.46,96.56,97.02,6264043,CAT
2014-03-05,96.54,96.9,95.88,96.37,5384826,CAT
2014-03-06,96.95,98.15,96.66,97.6,6792145,CAT
2014-03-07,97.78,97.87,96.5,97.05,5259754,CAT
2014-03-10,96.64,96.8,95.86,96.75,4693467,CAT
2014-03-11,97.09,97.91,96.62,96.84,5731313,CAT
2014-03-12,96.3,97.24,96.3,96.82,4449489,CAT
2014-03-13,97.2,97.73,95.06,95.61,8434596,CAT
2014-03-14,95.45,96.25,95.2,95.39,5002348,CAT
2014-03-17,95.99,96.45,95.55,95.67,4697171,CAT
2014-03-18,96.12,96.65,95.7,96.41,4921286,CAT
2014-03-19,96.09,96.72,95.25,96.04,5109239,CAT
2014-03-20,95.71,96.24,95.1,96.21,4396040,CAT
2014-03-21,97.07,97.63,96.67,97.39,8340005,CAT
2014-03-24,97.6,97.6,96.42,96.85,4811315,CAT
2014-03-25,97.36,99.34,97.15,98.59,9078108,CAT
2014-03-26,99.28,99.6,97.8,97.8,5610221,CAT
2014-03-27,97.82,98.89,97.29,98.45,4954162,CAT
2014-03-28,98.91,99.62,98.78,99.39,5821490,CAT
2014-03-31,100.0,100.63,99.05,99.37,5772635,CAT
2014-04-01,98.94,100.08,98.94,99.81,4814850,CAT
2014-04-02,100.04,102.76,99.88,102.63,9358342,CAT
2014-04-03,101.92,103.2,101.61,102.55,8230217,CAT
2014-04-04,102.89,103.38,101.91,102.17,4889367,CAT
2014-04-07,101.61,102.07,100.41,101.11,5224380,CAT
2014-04-08,100.98,103.25,100.96,102.39,6626924,CAT
2014-04-09,102.65,103.2,101.85,102.99,4062154,CAT
2014-04-10,102.91,103.72,101.99,102.26,4540078,CAT
2014-04-11,101.1,102.1,100.97,101.45,5364269,CAT
2014-04-14,102.18,102.83,100.95,102.78,4117984,CAT
2014-04-15,102.63,103.09,101.26,102.5,6317912,CAT
2014-04-16,102.62,103.15,102.21,102.93,3801443,CAT
2014-04-17,103.05,103.44,102.6,102.83,3556801,CAT
2014-04-21,102.9,102.98,101.55,102.64,3821433,CAT
2014-04-22,102.78,104.14,102.76,103.69,4533389,CAT
2014-04-23,103.56,104.62,103.18,103.38,6429276,CAT
2014-04-24,106.02,107.4,104.79,105.28,8854664,CAT
2014-04-25,105.03,105.28,103.29,104.69,5731929,CAT
2014-04-28,104.99,105.42,103.25,104.26,4036278,CAT
2014-04-29,104.79,105.5,103.83,105.3,4975836,CAT
2014-04-30,105.23,106.24,104.99,105.4,5199251,CAT
2014-05-01,105.2,105.79,104.63,105.07,2972156,CAT
2014-05-02,104.93,105.58,104.73,105.01,2681072,CAT
2014-05-05,104.66,104.8,103.81,104.52,3166362,CAT
2014-05-06,104.21,104.47,103.6,103.87,2836263,CAT
2014-05-07,104.1,104.66,103.43,104.62,3400839,CAT
2014-05-08,104.55,105.02,104.15,104.94,3120874,CAT
2014-05-09,104.96,105.3,104.3,105.06,2761803,CAT
2014-05-12,105.71,106.5,105.65,106.2,3664416,CAT
2014-05-13,106.5,108.21,105.82,107.15,3951489,CAT
2014-05-14,106.85,107.04,106.3,106.53,3082382,CAT
2014-05-15,106.49,106.74,104.04,104.99,5156642,CAT
2014-05-16,105.05,106.05,104.17,106.03,4403305,CAT
2014-05-19,105.42,105.53,104.72,105.39,3924366,CAT
2014-05-20,104.79,104.81,100.72,101.56,9277628,CAT
2014-05-21,101.48,103.0,101.48,102.88,5460511,CAT
2014-05-22,102.9,103.88,102.51,103.08,3112324,CAT
2014-05-23,103.15,104.15,103.14,104.03,2892130,CAT
2014-05-27,104.2,104.48,103.46,103.68,3443352,CAT
2014-05-28,103.53,103.86,102.85,102.91,3353846,CAT
2014-05-29,103.28,103.66,102.56,103.6,3071583,CAT
2014-05-30,102.9,102.98,101.55,102.23,5943740,CAT
2014-06-02,102.42,103.94,102.01,103.76,3753729,CAT
2014-06-03,103.42,104.56,103.05,104.49,3643708,CAT
2014-06-04,104.42,105.1,104.07,104.31,2880277,CAT
2014-06-05,104.8,107.12,104.77,106.96,5396721,CAT
2014-06-06,107.08,108.36,106.98,108.18,4299600,CAT
2014-06-09,107.74,109.3,107.66,108.75,3904588,CAT
2014-06-10,108.5,109.5,108.4,109.31,4760218,CAT
2014-06-11,108.93,108.98,108.33,108.69,2738753,CAT
2014-06-12,108.46,108.5,106.44,106.65,3413837,CAT
2014-06-13,106.55,107.23,106.07,106.77,2009110,CAT
2014-06-16,106.5,106.88,105.73,106.81,2137219,CAT
2014-06-17,106.51,107.0,106.0,106.67,2138433,CAT
2014-06-18,106.63,107.6,106.05,107.48,2218721,CAT
2014-06-19,106.99,107.42,106.69,107.25,2592653,CAT
2014-06-20,108.05,109.53,107.64,109.38,7771201,CAT
2014-06-23,109.25,109.85,108.29,108.78,2839500,CAT
2014-06-24,108.56,109.34,107.0,107.81,2867655,CAT
2014-06-25,107.48,108.88,107.35,108.44,2176188,CAT
2014-06-26,108.55,108.8,107.85,108.52,1522940,CAT
2014-06-27,108.34,108.88,107.73,108.78,3632056,CAT
2014-06-30,108.68,109.03,107.97,108.67,2249520,CAT
2014-07-01,109.08,109.75,109.01,109.17,2349546,CAT
2014-07-02,109.32,109.95,109.3,109.56,1850198,CAT
2014-07-03,109.9,111.16,109.69,111.08,2876160,CAT
2014-07-07,110.18,110.45,109.57,110.16,2697071,CAT
2014-07-08,110.21,110.38,109.4,109.46,2453493,CAT
2014-07-09,109.79,110.29,109.42,110.14,2270652,CAT
2014-07-10,108.14,109.57,107.8,109.36,2303670,CAT
2014-07-11,109.5,109.99,108.65,109.96,1992680,CAT
2014-07-14,110.43,111.04,110.09,110.09,2375244,CAT
2014-07-15,110.25,110.42,109.4,109.85,3212896,CAT
2014-07-16,110.18,111.46,109.92,111.4,3978544,CAT
2014-07-17,110.4,110.67,108.93,109.07,3166050,CAT
2014-07-18,109.43,110.17,109.05,110.17,2424953,CAT
2014-07-21,110.0,110.55,109.45,110.23,2076559,CAT
2014-07-22,110.84,111.28,109.8,110.06,2879870,CAT
2014-07-23,109.79,109.98,108.21,108.38,4479081,CAT
2014-07-24,105.6,106.23,104.09,105.04,8690333,CAT
2014-07-25,104.14,105.35,104.1,104.85,4126827,CAT
2014-07-28,104.78,104.9,103.17,104.15,4474333,CAT
2014-07-29,105.0,106.44,104.69,104.69,7947103,CAT
2014-07-30,105.08,105.32,103.03,103.38,5861710,CAT
2014-07-31,102.24,102.69,100.74,100.75,6712263,CAT
2014-08-01,100.52,100.85,99.11,100.52,6011947,CAT
2014-08-04,100.36,102.05,100.1,101.81,5183870,CAT
2014-08-05,101.11,102.47,100.94,101.5,5685357,CAT
2014-08-06,100.76,101.85,100.61,101.49,5526876,CAT
2014-08-07,102.66,103.47,101.88,101.94,5753105,CAT
2014-08-08,102.01,103.44,101.78,103.28,4693762,CAT
2014-08-11,104.61,104.85,103.93,104.5,5197873,CAT
2014-08-12,104.59,105.16,104.12,104.33,4200916,CAT
2014-08-13,104.33,105.5,104.33,105.16,4665222,CAT
2014-08-14,105.51,106.0,104.99,105.66,4178778,CAT
2014-08-15,106.01,106.42,105.13,105.74,4099265,CAT
2014-08-18,106.69,107.1,106.28,106.98,3479007,CAT
2014-08-19,107.26,107.7,106.87,107.3,3642656,CAT
2014-08-20,107.39,108.15,107.2,107.7,5342080,CAT
2014-08-21,108.17,108.57,107.54,107.97,4118278,CAT
2014-08-22,107.58,107.82,106.54,107.31,4608793,CAT
2014-08-25,107.96,108.33,107.73,107.97,3018673,CAT
2014-08-26,108.05,108.64,107.98,108.06,2865758,CAT
2014-08-27,108.13,108.92,108.08,108.55,3281859,CAT
2014-08-28,108.02,108.82,107.8,108.65,3231713,CAT
2014-08-29,108.9,109.1,108.25,109.07,4438234,CAT
2014-09-02,109.03,109.73,108.83,108.92,4040595,CAT
2014-09-03,109.45,109.66,108.05,108.46,4669044,CAT
2014-09-04,108.3,109.49,108.16,108.82,4604030,CAT
2014-09-05,109.0,109.18,108.19,108.54,4305038,CAT
2014-09-08,108.23,108.46,107.52,107.91,3504737,CAT
2014-09-09,107.82,108.2,107.19,107.4,3579649,CAT
2014-09-10,105.61,106.12,105.38,105.93,8161966,CAT
2014-09-11,105.66,105.66,104.59,105.59,5461033,CAT
2014-09-12,104.97,105.09,104.4,105.02,6908543,CAT
2014-09-15,104.32,104.9,103.22,104.86,7052180,CAT
2014-09-16,104.21,105.83,103.77,104.86,5289678,CAT
2014-09-17,105.18,105.41,103.88,103.99,5126226,CAT
2014-09-18,104.3,104.55,103.4,104.34,3916001,CAT
2014-09-19,104.85,105.0,102.08,102.51,8291118,CAT
2014-09-22,102.1,102.26,100.82,100.9,5098577,CAT
2014-09-23,100.86,101.09,99.88,99.99,5711592,CAT
2014-09-24,100.04,101.49,99.89,101.2,5796973,CAT
2014-09-25,101.0,101.2,99.19,99.51,4967045,CAT
2014-09-26,99.44,100.64,99.24,100.38,2935984,CAT
2014-09-29,99.35,100.1,98.26,99.83,3156364,CAT
2014-09-30,100.03,100.1,98.8,99.03,3755930,CAT
2014-10-01,98.64,99.0,97.27,97.61,4834717,CAT
2014-10-02,97.65,97.98,96.14,97.41,4461047,CAT
2014-10-03,98.04,98.34,97.03,97.39,3922147,CAT
2014-10-06,97.81,98.13,96.91,98.0,3983697,CAT
2014-10-07,97.09,97.51,94.69,94.7,6479495,CAT
2014-10-08,94.58,96.86,93.64,96.65,6214176,CAT
2014-10-09,96.21,96.52,93.24,93.5,6414868,CAT
2014-10-10,93.24,94.57,91.61,93.13,6179172,CAT
2014-10-13,93.29,94.06,91.62,91.68,5856964,CAT
2014-10-14,92.51,95.01,92.39,92.8,6791267,CAT
2014-10-15,91.43,92.75,90.05,92.59,9379130,CAT
2014-10-16,90.27,94.15,90.27,93.24,7439609,CAT
2014-10-17,94.2,95.6,93.98,95.05,7447827,CAT
2014-10-20,94.53,95.3,93.27,94.03,4274409,CAT
2014-10-21,95.04,96.32,95.04,95.89,3995387,CAT
2014-10-22,95.53,95.98,94.05,94.57,6215679,CAT
2014-10-23,97.6,99.94,97.34,99.27,11670137,CAT
2014-10-24,99.51,99.68,98.37,99.44,4133823,CAT
2014-10-27,98.68,98.77,97.14,98.54,4346054,CAT
2014-10-28,99.44,101.16,99.03,101.16,5069568,CAT
2014-10-29,101.53,101.84,99.84,100.19,4426350,CAT
2014-10-30,99.63,100.58,99.06,100.16,2650901,CAT
2014-10-31,101.35,102.37,100.84,101.41,5367845,CAT
2014-11-03,101.61,101.76,99.77,100.22,4435058,CAT
2014-11-04,99.75,100.0,98.04,98.61,4848950,CAT
2014-11-05,99.45,99.64,98.45,99.41,3515623,CAT
2014-11-06,99.51,100.99,99.24,100.91,3427724,CAT
2014-11-07,101.26,101.83,100.9,101.76,2708167,CAT
2014-11-10,101.86,102.55,101.86,102.21,3308115,CAT
2014-11-11,102.31,102.8,101.6,102.53,2465927,CAT
2014-11-12,102.17,103.22,101.52,102.99,2808733,CAT
2014-11-13,103.06,103.18,100.68,101.11,3924096,CAT
2014-11-14,101.0,101.7,100.65,101.34,2660490,CAT
2014-11-17,101.25,102.08,100.45,101.7,2476970,CAT
2014-11-18,101.7,102.45,101.31,102.04,2761245,CAT
2014-11-19,101.86,102.3,100.89,101.3,4679108,CAT
2014-11-20,100.33,102.14,100.07,102.09,3052561,CAT
2014-11-21,104.3,107.12,104.2,106.45,8738026,CAT
2014-11-24,106.4,106.47,105.1,105.96,4108630,CAT
2014-11-25,106.1,106.63,105.33,106.24,3321510,CAT
2014-11-26,106.29,106.44,105.45,105.79,2463793,CAT
2014-11-28,104.39,104.61,100.12,100.6,5780935,CAT
2014-12-01,100.24,100.47,97.79,99.0,7431817,CAT
2014-12-02,99.48,99.96,98.72,99.51,3900419,CAT
2014-12-03,100.04,101.46,99.96,100.18,6930661,CAT
2014-12-04,99.69,100.87,99.51,99.67,3406371,CAT
2014-12-05,99.81,99.96,98.7,98.78,3604993,CAT
2014-12-08,98.66,98.76,95.2,95.25,7192142,CAT
2014-12-09,94.17,96.17,93.8,95.45,6564187,CAT
2014-12-10,94.91,95.02,92.75,93.02,6759433,CAT
2014-12-11,93.68,94.29,92.53,92.69,4664926,CAT
2014-12-12,92.0,92.0,89.96,90.5,10327200,CAT
2014-12-15,91.25,91.29,89.39,89.75,6930800,CAT
2014-12-16,89.23,92.25,89.15,89.34,7649501,CAT
2014-12-17,89.4,90.14,88.03,89.75,8671558,CAT
2014-12-18,91.89,91.89,90.55,91.69,8344394,CAT
2014-12-19,91.58,91.98,90.88,91.71,9689211,CAT
2014-12-22,92.46,92.81,91.85,92.32,4577176,CAT
2014-12-23,92.99,93.94,92.65,93.5,3558648,CAT
2014-12-24,93.64,93.98,93.27,93.72,1660812,CAT
2014-12-26,93.95,94.66,93.72,94.23,3127800,CAT
2014-12-29,94.2,94.28,93.59,93.71,2391673,CAT
2014-12-30,93.6,93.63,92.51,92.59,3197392,CAT
2014-12-31,92.89,93.57,91.45,91.53,3251076,CAT
2015-01-02,91.77,92.37,90.66,91.88,3772352,CAT
2015-01-05,90.35,90.42,86.6,87.03,11301430,CAT
2015-01-06,87.28,87.68,85.17,86.47,8664426,CAT
2015-01-07,87.37,88.14,86.42,87.81,6511130,CAT
2015-01-08,89.18,89.28,87.84,88.71,7617761,CAT
2015-01-09,88.76,88.89,87.02,87.65,4857101,CAT
2015-01-12,87.73,87.77,86.07,86.89,4351587,CAT
2015-01-13,87.68,87.9,85.2,86.37,5078135,CAT
2015-01-14,84.89,86.22,84.27,86.07,10366731,CAT
2015-01-15,86.03,86.17,84.3,84.32,6683880,CAT
2015-01-16,84.24,84.32,83.04,83.86,10424799,CAT
2015-01-20,84.42,84.5,83.19,83.97,5937311,CAT
2015-01-21,83.59,85.4,83.59,85.37,6613080,CAT
2015-01-22,86.05,87.36,85.43,86.82,5567832,CAT
2015-01-23,86.79,87.0,85.2,85.61,5027502,CAT
2015-01-26,85.36,86.26,84.9,86.03,8140516,CAT
2015-01-27,79.74,81.35,79.1,79.85,27489451,CAT
2015-01-28,80.4,81.2,79.96,80.01,14269316,CAT
2015-01-29,79.91,80.18,78.81,80.0,9157025,CAT
2015-01-30,79.51,80.82,79.42,79.97,8150671,CAT
2015-02-02,80.08,80.88,79.49,80.84,7148979,CAT
2015-02-03,81.22,84.11,81.15,83.92,10895323,CAT
2015-02-04,82.78,83.32,81.66,81.95,8806514,CAT
2015-02-05,82.4,83.63,81.87,83.57,6640223,CAT
2015-02-06,83.6,84.14,82.8,83.21,5581494,CAT
2015-02-09,83.05,84.87,82.95,84.67,7693830,CAT
2015-02-10,85.0,85.0,83.46,83.9,6569097,CAT
2015-02-11,83.56,83.67,82.24,83.41,5722569,CAT
2015-02-12,84.08,84.25,83.31,83.53,4622996,CAT
2015-02-13,84.11,85.49,84.03,85.13,5645508,CAT
2015-02-17,84.86,85.58,84.2,85.38,3924393,CAT
2015-02-18,84.92,85.81,84.58,84.8,3568636,CAT
2015-02-19,83.81,84.0,82.2,83.3,5733483,CAT
2015-02-20,83.14,84.62,82.4,84.44,6029411,CAT
2015-02-23,83.9,83.98,83.14,83.49,5180033,CAT
2015-02-24,83.77,84.69,83.6,84.5,3679440,CAT
2015-02-25,84.52,85.36,84.17,85.15,3450035,CAT
2015-02-26,85.1,85.1,83.56,83.8,4457034,CAT
2015-02-27,84.18,84.18,82.89,82.9,4370537,CAT
2015-03-02,82.78,83.07,82.24,83.0,4155017,CAT
2015-03-03,82.71,83.79,82.65,82.84,4331727,CAT
2015-03-04,82.56,82.61,80.83,81.73,6863618,CAT
2015-03-05,80.41,81.56,80.06,81.51,7123533,CAT
2015-03-06,80.37,81.21,79.55,80.06,7913796,CAT
2015-03-09,80.17,81.34,80.1,80.81,4740527,CAT
2015-03-10,80.02,80.76,79.74,79.91,4850525,CAT
2015-03-11,80.15,80.15,79.26,79.7,4612178,CAT
2015-03-12,80.27,80.48,79.8,80.19,3613401,CAT
2015-03-13,79.9,79.91,78.19,79.23,7272688,CAT
2015-03-16,79.57,80.0,79.06,79.97,3598527,CAT
2015-03-17,79.35,79.35,78.25,78.45,6979868,CAT
2015-03-18,78.25,81.44,78.25,81.33,12154273,CAT
2015-03-19,80.5,80.5,79.56,80.09,5236161,CAT
2015-03-20,80.62,81.25,80.19,81.19,8216642,CAT
2015-03-23,81.19,81.92,81.02,81.09,4704036,CAT
2015-03-24,81.15,81.2,80.2,80.48,3978741,CAT
2015-03-25,81.03,81.04,79.83,79.86,4803045,CAT
2015-03-26,79.64,80.8,79.51,79.88,4238537,CAT
2015-03-27,79.46,79.88,78.76,79.67,6336976,CAT
2015-03-30,80.01,81.52,80.0,81.37,4621215,CAT
2015-03-31,80.51,80.65,79.81,80.03,4848638,CAT
2015-04-01,80.03,80.52,79.39,79.64,4446226,CAT
2015-04-02,79.6,80.5,79.4,80.24,3556034,CAT
2015-04-06,80.35,82.0,79.98,81.49,4496290,CAT
2015-04-07,81.22,81.43,80.5,80.54,3526299,CAT
2015-04-08,80.84,81.24,79.92,80.44,4196156,CAT
2015-04-09,80.5,81.21,80.28,80.68,4291850,CAT
2015-04-10,81.1,82.8,80.74,82.6,6831923,CAT
2015-04-13,82.6,82.61,81.6,82.14,5293899,CAT
2015-04-14,82.55,83.24,81.54,83.0,5898718,CAT
2015-04-15,83.29,85.73,83.0,85.16,9643762,CAT
2015-04-16,84.4,84.9,84.0,84.34,5692312,CAT
2015-04-17,83.5,83.59,82.66,83.28,5313991,CAT
2015-04-20,83.96,84.75,83.88,84.6,3914620,CAT
2015-04-21,84.66,84.97,83.61,83.92,5620905,CAT
2015-04-22,84.13,84.94,83.09,84.87,6520737,CAT
2015-04-23,86.85,87.5,83.85,84.79,18917562,CAT
2015-04-24,84.7,85.17,84.02,84.6,5848686,CAT
2015-04-27,84.77,85.94,84.4,85.33,5911992,CAT
2015-04-28,85.42,86.22,84.5,86.2,5736474,CAT
2015-04-29,85.69,87.92,85.46,87.5,7021763,CAT
2015-04-30,86.85,87.3,86.23,86.88,5460102,CAT
2015-05-01,87.69,88.28,86.76,87.37,4850105,CAT
2015-05-04,87.73,87.96,87.17,87.3,2754510,CAT
2015-05-05,87.57,88.22,86.7,87.0,4623680,CAT
2015-05-06,87.75,87.94,86.42,86.99,4465477,CAT
2015-05-07,86.65,86.88,85.89,86.43,3892784,CAT
2015-05-08,87.78,87.84,86.7,87.31,3577060,CAT
2015-05-11,88.4,89.44,88.09,88.77,6882568,CAT
2015-05-12,88.19,88.34,87.26,88.16,4066384,CAT
2015-05-13,88.59,89.07,88.21,88.44,3179214,CAT
2015-05-14,88.78,89.59,88.65,88.74,3228419,CAT
2015-05-15,88.5,88.56,87.6,88.43,3204989,CAT
2015-05-18,88.39,88.5,87.65,88.29,3074689,CAT
2015-05-19,87.89,87.91,86.5,87.24,5676841,CAT
2015-05-20,87.63,88.13,87.13,87.93,3841547,CAT
2015-05-21,88.23,89.62,87.94,89.33,8155485,CAT
2015-05-22,89.18,89.5,88.63,88.63,3483791,CAT
2015-05-26,88.13,88.15,87.29,87.84,3149610,CAT
2015-05-27,87.99,88.82,87.65,87.92,4517116,CAT
2015-05-28,87.33,87.45,85.73,86.01,5899123,CAT
2015-05-29,85.74,86.33,85.11,85.32,4685657,CAT
2015-06-01,86.06,86.37,84.7,85.53,3976918,CAT
2015-06-02,85.21,86.68,85.07,86.17,2817845,CAT
2015-06-03,86.6,87.06,85.81,86.23,2841823,CAT
2015-06-04,85.5,86.4,85.32,85.47,3775249,CAT
2015-06-05,85.01,86.5,84.91,86.05,3937629,CAT
2015-06-08,85.8,86.48,85.78,86.15,3355823,CAT
2015-06-09,86.46,87.62,86.42,86.73,3984912,CAT
2015-06-10,87.45,88.71,87.36,88.48,4717130,CAT
2015-06-11,88.62,88.76,87.92,88.17,2872879,CAT
2015-06-12,87.95,88.41,87.57,87.85,2212758,CAT
2015-06-15,87.14,87.39,86.35,87.13,2721010,CAT
2015-06-16,86.79,87.02,86.24,86.59,2895860,CAT
2015-06-17,86.89,87.55,86.32,87.25,3402771,CAT
2015-06-18,86.83,87.74,86.83,87.44,3373646,CAT
2015-06-19,87.27,87.96,87.15,87.52,3910897,CAT
2015-06-22,87.97,88.32,87.71,88.27,3648566,CAT
2015-06-23,88.42,88.62,88.01,88.45,2538952,CAT
2015-06-24,88.79,88.81,88.07,88.17,3413646,CAT
2015-06-25,88.22,88.33,86.66,86.72,3239051,CAT
2015-06-26,86.5,86.95,85.81,86.82,4387343,CAT
2015-06-29,86.22,86.74,85.1,85.3,4747317,CAT
2015-06-30,86.09,86.25,84.8,84.82,4077877,CAT
2015-07-01,85.39,85.45,83.54,83.95,5296181,CAT
2015-07-02,84.53,84.78,83.85,84.38,2582215,CAT
2015-07-06,83.65,84.15,82.73,83.15,4896587,CAT
2015-07-07,82.99,84.12,81.85,83.99,5192999,CAT
2015-07-08,83.05,83.23,81.76,82.27,4325075,CAT
2015-07-09,83.43,83.7,81.46,81.69,4570662,CAT
2015-07-10,82.64,82.91,81.87,82.15,3495037,CAT
2015-07-13,82.87,84.03,82.68,83.64,4228547,CAT
2015-07-14,83.53,84.68,83.52,84.46,3797675,CAT
2015-07-15,84.55,84.86,83.75,84.16,3661720,CAT
2015-07-16,84.75,84.89,83.41,83.76,3685980,CAT
2015-07-17,83.55,83.65,82.76,83.16,2931544,CAT
2015-07-20,83.06,83.29,82.14,82.25,4291418,CAT
2015-07-21,81.8,82.89,81.25,82.22,4691892,CAT
2015-07-22,81.0,81.12,79.15,79.76,10180685,CAT
2015-07-23,77.7,79.04,76.65,76.88,13909914,CAT
2015-07-24,76.91,77.09,75.85,76.1,9175903,CAT
2015-07-27,75.18,75.72,74.77,75.32,10269561,CAT
2015-07-28,75.92,78.15,75.79,77.78,15699009,CAT
2015-07-29,77.3,77.46,76.51,77.33,13794814,CAT
2015-07-30,76.98,78.37,76.68,78.35,7386182,CAT
2015-07-31,78.6,79.04,78.15,78.63,6203569,CAT
2015-08-03,78.42,78.43,76.75,77.26,6443308,CAT
2015-08-04,77.33,77.86,76.32,76.6,5822280,CAT
2015-08-05,77.5,77.92,76.72,76.88,4581872,CAT
2015-08-06,76.98,77.65,76.18,77.46,5609516,CAT
2015-08-07,77.52,78.15,76.94,77.29,7851288,CAT
2015-08-10,78.04,80.31,77.9,80.16,9041554,CAT
2015-08-11,78.73,78.93,77.23,78.04,8992532,CAT
2015-08-12,77.31,79.12,76.92,78.92,9362928,CAT
2015-08-13,78.55,78.58,77.7,77.76,5662495,CAT
2015-08-14,77.66,78.73,77.6,78.49,3811537,CAT
2015-08-17,78.13,78.64,77.21,78.54,5226840,CAT
2015-08-18,78.51,79.0,78.18,78.82,5146351,CAT
2015-08-19,78.25,78.54,77.05,77.41,5862685,CAT
2015-08-20,77.28,77.83,76.41,76.41,7267352,CAT
2015-08-21,75.94,76.3,74.96,75.0,11778502,CAT
2015-08-24,71.82,74.88,70.23,72.82,15168162,CAT
2015-08-25,75.22,75.49,72.03,72.06,9267119,CAT
2015-08-26,73.82,74.08,72.53,73.87,8283120,CAT
2015-08-27,75.04,76.22,74.23,75.66,8492077,CAT
2015-08-28,75.19,76.02,74.63,75.95,6632877,CAT
2015-08-31,75.32,76.77,74.9,76.44,7009006,CAT
2015-09-01,74.5,75.94,74.46,74.9,9046332,CAT
2015-09-02,75.9,76.16,74.95,76.1,5311062,CAT
2015-09-03,75.95,76.0,73.78,74.45,11061156,CAT
2015-09-04,73.0,73.66,72.35,73.1,12265047,CAT
2015-09-08,74.58,74.62,73.56,74.3,5633147,CAT
2015-09-09,75.0,75.2,72.78,72.96,5837844,CAT
2015-09-10,72.89,73.31,72.03,72.42,6106714,CAT
2015-09-11,72.23,72.92,71.88,72.63,4410166,CAT
2015-09-14,72.35,72.89,72.01,72.77,4231829,CAT
2015-09-15,73.02,74.74,72.64,74.58,5106570,CAT
2015-09-16,74.85,75.87,74.58,75.64,5223010,CAT
2015-09-17,75.4,75.68,73.91,74.06,7716912,CAT
2015-09-18,73.33,73.5,71.61,71.86,9230551,CAT
2015-09-21,72.3,72.84,71.91,72.16,7437371,CAT
2015-09-22,71.12,71.8,70.64,71.68,5689914,CAT
2015-09-23,71.67,71.81,70.16,70.2,4742566,CAT
2015-09-24,66.2,66.7,64.65,65.8,22536441,CAT
2015-09-25,65.0,65.77,64.74,64.98,12353631,CAT
2015-09-28,64.24,64.32,62.99,63.79,12560052,CAT
2015-09-29,63.65,65.38,63.6,64.31,8766710,CAT
2015-09-30,64.95,65.64,64.15,65.36,7835672,CAT
2015-10-01,65.63,66.1,63.61,64.39,7922067,CAT
2015-10-02,63.79,65.73,63.1,65.7,8760017,CAT
2015-10-05,66.69,69.48,66.52,69.18,10630372,CAT
2015-10-06,69.54,71.15,69.08,70.82,9641138,CAT
2015-10-07,71.36,72.71,69.15,70.38,8394083,CAT
2015-10-08,70.32,72.18,69.85,71.84,6071675,CAT
2015-10-09,72.34,72.49,70.86,71.3,5559669,CAT
2015-10-12,71.51,71.53,70.32,70.5,4636009,CAT
2015-10-13,69.96,71.03,69.26,70.17,4712876,CAT
2015-10-14,70.11,71.06,69.57,70.71,3727924,CAT
2015-10-15,70.47,70.92,69.76,70.83,4546640,CAT
2015-10-16,70.62,70.84,69.11,69.68,8027487,CAT
2015-10-19,69.25,69.47,68.8,69.27,5711976,CAT
2015-10-20,68.86,71.19,68.51,70.27,6353359,CAT
2015-10-21,70.59,71.9,69.58,69.67,8683168,CAT
2015-10-22,67.92,72.83,67.81,70.88,13878281,CAT
2015-10-23,71.71,72.43,70.66,71.75,7928768,CAT
2015-10-26,71.79,72.3,71.42,71.52,6253922,CAT
2015-10-27,70.18,71.08,68.34,70.39,8267208,CAT
2015-10-28,70.75,72.11,70.48,71.97,5416220,CAT
2015-10-29,71.49,72.57,71.28,71.97,4290770,CAT
2015-10-30,72.27,73.28,71.63,72.99,7369706,CAT
2015-11-02,73.0,74.64,72.83,74.34,5853794,CAT
2015-11-03,74.44,75.32,74.2,74.75,4996500,CAT
2015-11-04,75.34,75.93,74.33,74.55,5478390,CAT
2015-11-05,74.65,75.56,73.21,74.22,6228510,CAT
2015-11-06,73.42,73.85,72.33,73.84,5531823,CAT
2015-11-09,73.43,73.6,71.48,71.89,5906336,CAT
2015-11-10,71.79,72.58,71.63,72.43,4352616,CAT
2015-11-11,72.54,72.85,71.82,71.91,4186308,CAT
2015-11-12,70.82,70.99,68.41,68.66,8649505,CAT
2015-11-13,68.7,70.13,68.5,69.63,6407839,CAT
2015-11-16,69.48,70.62,69.23,70.39,5091743,CAT
2015-11-17,70.13,70.36,69.05,69.39,4803495,CAT
2015-11-18,69.9,70.45,69.38,70.32,3734780,CAT
2015-11-19,69.5,70.11,68.6,70.02,6267231,CAT
2015-11-20,70.48,71.21,70.16,71.14,6478393,CAT
2015-11-23,70.98,71.9,70.88,71.02,3845763,CAT
2015-11-24,70.78,71.71,70.44,71.4,3846263,CAT
2015-11-25,71.74,71.89,70.72,71.49,3492996,CAT
2015-11-27,71.18,71.53,70.7,71.22,1642061,CAT
2015-11-30,71.33,72.79,71.15,72.65,5332130,CAT
2015-12-01,72.33,72.64,70.85,71.56,6566872,CAT
2015-12-02,71.2,72.13,70.62,71.03,5062108,CAT
2015-12-03,71.15,71.22,69.37,69.64,8130772,CAT
2015-12-04,69.36,70.03,68.8,69.98,5252014,CAT
2015-12-07,68.68,68.73,67.72,68.36,6805880,CAT
2015-12-08,66.99,67.16,66.18,66.54,6866300,CAT
2015-12-09,66.3,67.02,65.16,65.91,8578009,CAT
2015-12-10,65.98,67.09,65.91,66.38,5768745,CAT
2015-12-11,65.38,66.1,64.48,65.43,7572606,CAT
2015-12-14,65.63,66.18,64.73,66.12,7356770,CAT
2015-12-15,65.46,66.96,65.24,66.75,6061216,CAT
2015-12-16,66.22,67.88,66.14,67.72,6747572,CAT
2015-12-17,67.18,67.5,64.88,64.9,6799955,CAT
2015-12-18,64.6,65.87,64.1,65.11,13490891,CAT
2015-12-21,65.59,65.82,64.38,65.24,5311466,CAT
2015-12-22,66.25,68.79,66.11,68.41,9697151,CAT
2015-12-23,69.59,70.49,68.98,69.89,7586275,CAT
2015-12-24,69.75,69.9,69.06,69.38,2322144,CAT
2015-12-28,69.12,69.18,68.03,68.58,3883953,CAT
2015-12-29,69.22,69.57,68.62,69.19,3539541,CAT
2015-12-30,68.66,69.63,68.57,68.69,3158522,CAT
2015-12-31,68.45,69.1,67.94,67.96,4356425,CAT
2016-01-04,66.88,68.08,65.72,67.99,8559381,CAT
2016-01-05,68.38,68.44,66.42,67.28,6139106,CAT
2016-01-06,65.98,66.85,65.62,66.22,6639331,CAT
2016-01-07,65.08,65.52,63.66,63.94,8601469,CAT
2016-01-08,64.33,64.53,62.93,63.29,8278452,CAT
2016-01-11,63.67,63.7,60.85,61.47,9669420,CAT
2016-01-12,62.44,62.5,60.39,61.6,8593098,CAT
2016-01-13,62.07,62.76,60.39,60.89,7210780,CAT
2016-01-14,61.24,62.97,60.38,62.27,9146503,CAT
2016-01-15,59.52,60.09,58.75,59.87,12616636,CAT
2016-01-19,60.26,60.54,58.48,59.03,8353199,CAT
2016-01-20,58.08,59.38,56.36,58.81,10856154,CAT
2016-01-21,59.0,60.42,58.25,59.69,8797812,CAT
2016-01-22,61.23,62.56,60.6,60.98,7803084,CAT
2016-01-25,58.96,59.35,57.76,57.91,10880593,CAT
2016-01-26,58.4,59.66,58.09,59.16,8137765,CAT
2016-01-27,58.43,59.89,57.46,58.32,10995381,CAT
2016-01-28,62.01,62.45,58.57,61.08,13216806,CAT
2016-01-29,61.69,62.29,60.76,62.24,8178491,CAT
2016-02-01,61.97,63.08,61.38,62.7,5951730,CAT
2016-02-02,61.28,61.55,60.48,60.67,6274697,CAT
2016-02-03,61.47,63.6,59.8,63.27,8331496,CAT
2016-02-04,63.6,66.99,63.6,65.96,12568901,CAT
2016-02-05,65.67,66.76,65.18,66.12,7447658,CAT
2016-02-08,65.42,65.64,63.66,64.58,6311216,CAT
2016-02-09,63.9,64.41,63.12,63.93,5598964,CAT
2016-02-10,64.27,64.38,62.0,62.14,5938668,CAT
2016-02-11,60.91,62.31,60.51,61.41,7010271,CAT
2016-02-12,61.99,63.47,61.82,63.15,4286319,CAT
2016-02-16,64.16,65.55,63.51,65.21,4664933,CAT
2016-02-17,66.0,67.79,65.72,67.26,7370471,CAT
2016-02-18,67.15,67.6,65.14,66.12,6175529,CAT
2016-02-19,64.92,65.52,64.08,65.42,4887498,CAT
2016-02-22,66.41,67.52,66.35,67.31,5771163,CAT
2016-02-23,67.11,67.24,65.7,65.78,5580009,CAT
2016-02-24,64.7,65.97,63.07,65.88,6438901,CAT
2016-02-25,65.89,66.47,64.84,66.47,4276630,CAT
2016-02-26,67.39,68.0,66.45,66.87,4148531,CAT
2016-02-29,67.14,68.58,66.49,67.7,5820793,CAT
2016-03-01,68.44,69.49,67.34,69.09,4446729,CAT
2016-03-02,68.75,69.93,68.21,69.38,4800535,CAT
2016-03-03,69.62,72.08,69.39,71.75,7171452,CAT
2016-03-04,72.09,73.96,71.54,72.84,9500130,CAT
2016-03-07,72.8,75.73,72.8,74.77,10739167,CAT
2016-03-08,73.78,74.11,71.52,71.73,8736685,CAT
2016-03-09,72.33,72.7,71.26,71.87,4907765,CAT
2016-03-10,72.03,72.03,70.49,71.36,6219375,CAT
2016-03-11,72.36,73.1,72.28,72.8,4783991,CAT
2016-03-14,72.73,73.44,72.13,72.73,5059925,CAT
2016-03-15,71.44,72.47,70.86,72.44,4674745,CAT
2016-03-16,72.59,74.51,72.2,74.34,6628922,CAT
2016-03-17,74.2,76.3,73.52,75.9,13311972,CAT
2016-03-18,76.08,76.94,74.64,75.47,13600222,CAT
2016-03-21,75.53,76.35,75.04,75.89,4312106,CAT
2016-03-22,75.59,76.08,75.24,75.55,3619073,CAT
2016-03-23,74.97,75.12,73.57,73.68,5342870,CAT
2016-03-24,72.93,75.35,72.73,75.29,7029855,CAT
2016-03-28,75.15,75.55,74.46,75.32,3424317,CAT
2016-03-29,74.97,76.05,74.19,76.01,4080208,CAT
2016-03-30,76.94,77.25,76.01,76.51,4863110,CAT
2016-03-31,76.3,77.13,76.24,76.54,4346719,CAT
2016-04-01,75.65,76.87,74.67,76.79,4878027,CAT
2016-04-04,76.56,77.04,75.42,75.72,4348143,CAT
2016-04-05,75.32,75.85,74.6,75.24,4385222,CAT
2016-04-06,75.52,75.57,73.7,75.22,4929423,CAT
2016-04-07,74.49,74.68,73.76,74.17,4794211,CAT
2016-04-08,75.03,75.25,74.0,74.35,4911047,CAT
2016-04-11,74.61,75.78,74.61,74.63,3898469,CAT
2016-04-12,75.06,76.74,74.47,76.1,5126105,CAT
2016-04-13,76.87,79.16,76.56,79.13,9359860,CAT
2016-04-14,79.44,79.72,78.37,79.05,5307541,CAT
2016-04-15,79.38,79.78,78.73,79.17,5309033,CAT
2016-04-18,78.47,79.87,78.14,79.25,4821366,CAT
2016-04-19,79.99,80.89,79.46,80.39,6280226,CAT
2016-04-20,80.25,80.6,79.3,79.74,5181327,CAT
2016-04-21,78.75,79.58,78.19,78.66,6497945,CAT
2016-04-22,78.93,79.18,77.2,78.32,10096630,CAT
2016-04-25,78.5,78.86,76.2,76.79,8073440,CAT
2016-04-26,77.15,77.74,76.47,77.65,6082488,CAT
2016-04-27,77.98,78.89,77.6,78.68,4441174,CAT
2016-04-28,78.03,79.17,77.6,77.75,4843911,CAT
2016-04-29,78.02,79.0,77.32,77.72,7689274,CAT
2016-05-02,77.35,78.07,76.62,77.84,3326217,CAT
2016-05-03,76.85,77.1,75.58,76.36,4781941,CAT
2016-05-04,76.18,76.31,73.9,74.24,6872732,CAT
2016-05-05,74.15,74.6,72.7,72.79,8064213,CAT
2016-05-06,72.16,73.42,71.62,73.36,6941201,CAT
2016-05-09,72.33,72.62,70.57,70.78,9391533,CAT
2016-05-10,70.78,72.71,70.59,72.51,6505278,CAT
2016-05-11,72.85,73.61,72.36,72.43,4679823,CAT
2016-05-12,72.92,73.24,71.18,71.7,4432875,CAT
2016-05-13,71.63,71.78,70.06,70.07,6395005,CAT
2016-05-16,70.39,71.7,70.1,70.7,4515008,CAT
2016-05-17,70.7,72.18,70.45,71.05,4833885,CAT
2016-05-18,70.62,71.87,70.08,70.59,5161386,CAT
2016-05-19,69.93,70.12,69.04,69.43,6131623,CAT
2016-05-20,70.0,70.78,69.75,69.87,5517385,CAT
2016-05-23,69.8,70.95,69.59,70.4,3998543,CAT
2016-05-24,70.78,71.25,70.25,71.09,3841122,CAT
2016-05-25,71.63,72.7,71.26,72.57,5035155,CAT
2016-05-26,73.24,73.59,72.06,72.08,4146414,CAT
2016-05-27,72.15,72.2,71.5,71.96,3002127,CAT
2016-05-31,72.03,73.17,71.95,72.51,4072620,CAT
2016-06-01,71.98,72.49,71.27,72.27,2699924,CAT
2016-06-02,72.6,73.64,72.28,73.62,4615267,CAT
2016-06-03,73.65,75.14,73.1,75.04,6619331,CAT
2016-06-06,75.36,76.53,75.11,76.42,4775107,CAT
2016-06-07,76.53,77.28,76.44,76.81,4235164,CAT
2016-06-08,77.5,78.7,77.26,78.11,5987837,CAT
2016-06-09,77.39,77.5,76.64,77.16,3784630,CAT
2016-06-10,76.32,76.56,75.38,76.03,4879492,CAT
2016-06-13,75.7,76.34,75.23,75.23,4086711,CAT
2016-06-14,75.06,75.55,73.95,74.86,4058441,CAT
2016-06-15,75.19,75.95,74.34,75.07,3802022,CAT
2016-06-16,74.41,75.14,73.35,74.99,4064770,CAT
2016-06-17,75.35,76.66,75.24,75.93,5442037,CAT
2016-06-20,76.91,77.35,76.39,76.43,4090835,CAT
2016-06-21,76.45,76.9,76.01,76.49,3292083,CAT
2016-06-22,76.89,77.09,76.18,76.43,3056831,CAT
2016-06-23,77.66,78.25,77.22,78.22,3600824,CAT
2016-06-24,75.2,75.61,72.99,73.03,12179523,CAT
2016-06-27,72.5,72.71,70.53,71.38,7361643,CAT
2016-06-28,72.24,72.9,71.51,72.52,4743725,CAT
2016-06-29,73.25,74.4,72.79,74.23,4015420,CAT
2016-06-30,74.17,75.85,73.97,75.81,4695512,CAT
2016-07-01,75.38,76.99,75.32,76.45,4630059,CAT
2016-07-05,75.66,75.95,73.7,74.38,4776310,CAT
2016-07-06,74.59,74.87,73.46,74.83,3740499,CAT
2016-07-07,75.07,75.73,74.38,75.05,3080886,CAT
2016-07-08,75.92,77.43,75.78,77.37,5491482,CAT
2016-07-11,78.0,78.54,77.32,77.8,4511317,CAT
2016-07-12,78.72,79.94,78.3,79.8,5545755,CAT
2016-07-13,79.98,80.33,79.07,79.69,5162537,CAT
2016-07-14,80.5,81.0,79.97,80.06,5441707,CAT
2016-07-15,80.49,80.8,80.16,80.7,4642078,CAT
2016-07-18,79.88,79.89,78.87,79.82,4136743,CAT
2016-07-19,79.34,79.77,79.15,79.74,3308355,CAT
2016-07-20,79.45,79.86,78.93,79.69,4185481,CAT
2016-07-21,80.45,81.38,79.74,80.01,6492232,CAT
2016-07-22,79.78,79.79,78.86,79.38,4133834,CAT
2016-07-25,79.15,79.18,78.34,78.69,5798090,CAT
2016-07-26,79.04,83.0,78.74,82.75,11007577,CAT
2016-07-27,82.72,84.29,82.72,84.1,8460932,CAT
2016-07-28,83.7,83.71,82.45,82.92,5065610,CAT
2016-07-29,82.8,83.14,82.13,82.76,4274241,CAT
2016-08-01,82.76,82.88,81.53,81.95,3377149,CAT
2016-08-02,82.0,82.19,80.92,81.24,3909479,CAT
2016-08-03,81.15,82.3,80.93,82.03,3101710,CAT
2016-08-04,81.82,82.54,81.4,81.77,2407526,CAT
2016-08-05,82.22,82.96,82.0,82.56,3286094,CAT
2016-08-08,83.0,83.79,82.8,83.44,3544827,CAT
2016-08-09,83.52,83.75,82.7,82.83,2314884,CAT
2016-08-10,83.31,83.31,82.48,82.65,2290307,CAT
2016-08-11,83.0,83.65,82.99,83.24,2229261,CAT
2016-08-12,83.26,83.78,82.58,83.0,4342839,CAT
2016-08-15,83.0,84.28,82.96,84.15,4056023,CAT
2016-08-16,84.21,84.36,83.64,84.29,3161753,CAT
2016-08-17,84.41,84.73,83.84,84.41,2983391,CAT
2016-08-18,83.41,83.61,82.51,83.38,5003053,CAT
2016-08-19,83.06,84.38,82.76,83.84,3823918,CAT
2016-08-22,83.62,83.78,83.0,83.59,2885000,CAT
2016-08-23,83.98,84.68,83.94,84.01,3178360,CAT
2016-08-24,83.41,84.1,82.97,83.15,2200583,CAT
2016-08-25,83.07,83.17,82.59,82.84,3082906,CAT
2016-08-26,83.21,83.9,82.28,82.66,3596799,CAT
2016-08-29,82.51,83.35,82.41,83.1,2253599,CAT
2016-08-30,82.86,83.15,82.31,82.48,3469384,CAT
2016-08-31,82.06,82.34,81.61,81.95,4041706,CAT
2016-09-01,81.59,82.0,80.57,81.45,4102195,CAT
2016-09-02,82.19,82.36,81.47,81.69,2442547,CAT
2016-09-06,82.01,82.23,81.48,82.08,3071022,CAT
2016-09-07,82.5,83.73,82.41,83.72,3996655,CAT
2016-09-08,83.5,83.96,83.08,83.54,3400487,CAT
2016-09-09,82.89,83.0,80.76,80.79,5311576,CAT
2016-09-12,80.27,82.12,80.1,81.92,4110772,CAT
2016-09-13,81.1,81.26,79.93,80.23,4740645,CAT
2016-09-14,80.38,81.62,80.23,81.02,5324824,CAT
2016-09-15,80.83,82.35,80.74,82.03,3517811,CAT
2016-09-16,81.62,82.08,81.21,82.05,6715374,CAT
2016-09-19,82.18,82.35,81.35,81.88,4351240,CAT
2016-09-20,82.46,82.67,81.66,81.7,2775339,CAT
2016-09-21,82.3,83.49,82.01,83.47,4264276,CAT
2016-09-22,83.97,84.45,83.31,83.5,3925245,CAT
2016-09-23,83.51,83.58,82.39,82.44,3031533,CAT
2016-09-26,82.2,82.68,82.01,82.37,3340788,CAT
2016-09-27,82.19,82.88,81.67,82.88,4295596,CAT
2016-09-28,83.25,86.66,83.14,86.59,9497066,CAT
2016-09-29,86.28,88.85,86.28,87.47,10616376,CAT
2016-09-30,87.99,88.98,87.81,88.77,6379056,CAT
2016-10-03,88.23,89.19,88.17,88.28,4294645,CAT
2016-10-04,88.5,88.95,87.18,87.51,4743263,CAT
2016-10-05,88.12,89.87,88.04,89.42,5189453,CAT
2016-10-06,88.96,89.66,88.71,89.29,3786939,CAT
2016-10-07,89.52,89.74,87.94,88.47,3774152,CAT
2016-10-10,89.1,89.5,88.14,88.22,3785658,CAT
2016-10-11,89.1,89.32,87.26,87.47,6471919,CAT
2016-10-12,87.5,87.75,87.02,87.58,3949984,CAT
2016-10-13,86.9,87.07,86.26,86.97,5676991,CAT
2016-10-14,87.83,88.42,87.56,87.67,3601023,CAT
2016-10-17,87.38,87.72,86.9,87.29,4479743,CAT
2016-10-18,88.11,88.2,86.77,87.22,3715717,CAT
2016-10-19,87.31,88.28,86.86,88.0,5943908,CAT
2016-10-20,87.06,87.27,86.23,86.63,4576568,CAT
2016-10-21,85.73,86.62,85.36,86.33,3592524,CAT
2016-10-24,86.12,87.13,85.54,85.99,5096454,CAT
2016-10-25,85.86,87.65,83.88,84.48,11639239,CAT
2016-10-26,83.81,84.39,82.88,84.13,6582085,CAT
2016-10-27,84.28,84.34,82.71,83.01,5003224,CAT
2016-10-28,83.32,84.17,83.0,83.88,4974567,CAT
2016-10-31,84.19,84.38,83.41,83.46,4679376,CAT
2016-11-01,83.47,83.65,81.65,82.24,5139628,CAT
2016-11-02,82.15,82.15,80.33,81.11,5228562,CAT
2016-11-03,81.64,81.67,80.68,81.27,3859001,CAT
2016-11-04,81.34,82.9,80.59,82.31,5745833,CAT
2016-11-07,83.74,84.16,82.97,83.75,3786427,CAT
2016-11-08,83.77,85.0,83.06,84.68,3407727,CAT
2016-11-09,89.78,93.2,89.36,91.2,19281888,CAT
2016-11-10,92.04,94.95,91.84,93.45,14174371,CAT
2016-11-11,93.39,94.34,91.82,93.01,7369906,CAT
2016-11-14,93.25,95.5,93.02,94.17,7552789,CAT
2016-11-15,93.46,94.46,92.64,94.44,4645386,CAT
2016-11-16,93.77,94.4,92.84,93.35,3297156,CAT
2016-11-17,93.5,93.5,92.4,92.78,3939078,CAT
2016-11-18,93.01,93.4,91.9,92.34,4715937,CAT
2016-11-21,93.13,93.85,92.78,92.9,3783223,CAT
2016-11-22,93.4,93.71,92.8,93.62,3172772,CAT
2016-11-23,94.81,96.42,94.22,96.18,6571098,CAT
2016-11-25,95.96,96.44,95.21,95.81,2006880,CAT
2016-11-28,95.51,95.86,94.47,94.9,4916004,CAT
2016-11-29,94.0,94.57,93.63,94.04,3806021,CAT
2016-11-30,95.75,95.9,94.35,95.56,4641863,CAT
2016-12-01,96.0,97.39,94.05,96.24,9361618,CAT
2016-12-02,95.36,96.15,94.93,95.14,5038257,CAT
2016-12-05,95.87,95.99,94.15,94.45,4980335,CAT
2016-12-06,94.1,95.31,94.07,95.22,3663143,CAT
2016-12-07,95.25,97.33,94.93,97.33,4901054,CAT
2016-12-08,97.26,97.4,96.13,96.27,3861626,CAT
2016-12-09,96.23,96.3,95.19,95.53,6550220,CAT
2016-12-12,96.01,96.65,94.91,95.08,3597051,CAT
2016-12-13,95.74,96.5,95.18,96.02,3803344,CAT
2016-12-14,95.77,96.0,93.61,93.74,5647437,CAT
2016-12-15,93.8,94.73,93.05,94.53,4200139,CAT
2016-12-16,94.35,94.48,92.53,92.58,7872713,CAT
2016-12-19,91.93,92.78,91.0,92.71,3856324,CAT
2016-12-20,93.64,94.83,93.3,94.34,4302415,CAT
2016-12-21,94.26,94.3,93.68,93.82,2829309,CAT
2016-12-22,93.78,94.45,93.72,94.12,2534883,CAT
2016-12-23,93.79,94.4,93.64,94.32,1545895,CAT
2016-12-27,94.34,94.8,94.1,94.55,1735397,CAT
2016-12-28,94.6,94.9,92.82,93.15,2700257,CAT
2016-12-29,93.28,93.85,93.0,93.29,2387183,CAT
2016-12-30,93.04,93.25,92.33,92.74,3471158,CAT
2017-01-03,94.0,95.19,93.25,93.99,5054885,CAT
2017-01-04,94.46,94.5,93.43,93.57,3772050,CAT
2017-01-05,93.18,94.46,92.42,93.0,4698750,CAT
2017-01-06,93.45,93.6,92.41,93.04,4023073,CAT
2017-01-09,92.93,93.49,92.2,92.37,3095018,CAT
2017-01-10,92.98,94.44,92.77,93.83,3980193,CAT
2017-01-11,94.47,94.75,93.39,94.65,3720504,CAT
2017-01-12,94.37,94.37,92.78,93.99,3102819,CAT
2017-01-13,94.07,94.62,93.68,94.48,2609480,CAT
2017-01-17,94.24,94.29,93.22,93.57,5040301,CAT
2017-01-18,92.79,93.42,92.53,93.33,3425712,CAT
2017-01-19,93.58,93.98,92.96,93.38,3540068,CAT
2017-01-20,94.01,95.0,93.62,94.58,5045228,CAT
2017-01-23,94.6,94.74,93.56,94.46,3254899,CAT
2017-01-24,95.02,96.73,94.8,96.24,5768201,CAT
2017-01-25,97.82,98.59,97.32,98.15,7557915,CAT
2017-01-26,98.45,98.98,96.02,97.22,9097281,CAT
2017-01-27,97.69,99.46,97.5,98.99,6371428,CAT
2017-01-30,98.4,98.59,96.57,96.79,5221787,CAT
2017-01-31,96.59,96.63,94.59,95.66,5724663,CAT
2017-02-01,95.81,96.52,94.4,95.11,3582499,CAT
2017-02-02,94.77,95.13,93.5,93.77,3807479,CAT
2017-02-03,94.32,94.45,92.81,93.28,4677910,CAT
2017-02-06,92.81,93.12,92.43,92.87,4621278,CAT
2017-02-07,94.32,94.92,93.02,93.31,4995605,CAT
2017-02-08,93.0,93.0,92.11,92.91,4083514,CAT
2017-02-09,93.06,94.18,92.69,93.96,3994308,CAT
2017-02-10,94.87,96.62,94.5,96.31,5600224,CAT
2017-02-13,97.69,99.04,97.16,98.5,6995085,CAT
2017-02-14,98.29,98.74,97.26,98.09,4342641,CAT
2017-02-15,98.11,99.02,98.0,99.02,4325979,CAT
2017-02-16,99.05,99.07,97.8,98.26,3062422,CAT
2017-02-17,98.07,98.95,97.54,98.85,3631547,CAT
2017-02-21,98.87,99.2,97.92,98.1,3916568,CAT
2017-02-22,98.04,98.73,97.62,98.2,3031129,CAT
2017-02-23,98.44,98.5,95.12,95.55,6024786,CAT
2017-02-24,94.86,95.5,93.5,95.48,5018244,CAT
2017-02-27,95.48,97.52,95.12,97.44,5444968,CAT
2017-02-28,97.24,97.6,96.44,96.66,3951691,CAT
2017-03-01,98.2,98.97,97.43,98.58,5564894,CAT
2017-03-02,98.49,98.73,92.84,94.36,23059151,CAT
2017-03-03,94.36,95.9,94.21,95.12,8178213,CAT
2017-03-06,94.32,95.94,94.1,95.66,4706107,CAT
2017-03-07,95.65,96.23,94.76,95.93,4683089,CAT
2017-03-08,94.1,95.48,92.86,93.23,9370375,CAT
2017-03-09,92.45,93.22,90.41,91.39,9260934,CAT
2017-03-10,91.89,93.1,90.81,92.31,7168974,CAT
2017-03-13,93.33,93.53,92.26,92.64,4376144,CAT
2017-03-14,91.22,92.0,90.62,91.86,5781058,CAT
2017-03-15,92.37,93.79,92.06,93.36,6434599,CAT
2017-03-16,93.97,94.09,92.64,92.85,3717911,CAT
2017-03-17,92.99,93.32,92.65,92.91,7141421,CAT
2017-03-20,93.13,95.48,92.89,95.4,6516200,CAT
2017-03-21,95.38,95.39,92.09,92.43,7720164,CAT
2017-03-22,92.0,93.13,91.72,92.43,5035553,CAT
2017-03-23,92.45,93.0,91.96,92.23,2586255,CAT
2017-03-24,92.24,93.24,91.56,92.15,3634569,CAT
2017-03-27,90.9,91.97,90.34,91.51,3425749,CAT
2017-03-28,91.56,93.16,91.51,92.95,3866074,CAT
2017-03-29,92.76,93.25,92.4,92.86,2513702,CAT
2017-03-30,92.98,93.37,92.4,93.22,3672610,CAT
2017-03-31,92.63,93.24,92.02,92.76,4020648,CAT
2017-04-03,92.43,92.84,91.0,92.27,3685857,CAT
2017-04-04,93.89,94.78,93.06,94.13,5797548,CAT
2017-04-05,94.92,96.73,93.96,94.24,6061256,CAT
2017-04-06,94.42,96.42,94.26,95.82,5421615,CAT
2017-04-07,95.87,96.62,95.42,95.52,4463804,CAT
2017-04-10,96.31,97.89,96.1,97.14,5168332,CAT
2017-04-11,97.3,97.31,95.67,97.1,4250436,CAT
2017-04-12,96.69,96.77,94.66,94.86,4773941,CAT
2017-04-13,94.6,94.86,93.09,93.1,4705994,CAT
2017-04-17,93.69,94.35,93.49,94.14,3719144,CAT
2017-04-18,93.5,94.54,93.12,94.39,3311018,CAT
2017-04-19,94.86,95.97,93.29,93.47,5550388,CAT
2017-04-20,93.28,94.96,92.98,94.66,4852517,CAT
2017-04-21,95.19,95.25,93.81,94.32,4128655,CAT
2017-04-24,95.84,97.06,95.8,96.81,6739398,CAT
2017-04-25,102.88,104.89,102.0,104.42,18383507,CAT
2017-04-26,103.8,105.98,103.64,104.66,9856082,CAT
2017-04-27,104.05,104.24,102.56,102.68,6727449,CAT
2017-04-28,102.83,103.53,102.23,102.26,4015957,CAT
2017-05-01,102.65,102.99,101.41,102.0,4512654,CAT
2017-05-02,102.27,102.71,101.25,101.51,4516369,CAT
2017-05-03,101.04,102.17,100.78,101.54,4278374,CAT
2017-05-04,101.44,101.5,98.64,99.39,7271600,CAT
2017-05-05,99.5,99.99,99.02,99.64,4086754,CAT
2017-05-08,99.48,100.1,98.94,99.37,5094647,CAT
2017-05-09,99.72,100.21,99.25,99.29,9742039,CAT
2017-05-10,99.72,100.71,99.3,100.36,4697268,CAT
2017-05-11,101.9,101.92,100.15,100.99,5220286,CAT
2017-05-12,100.59,100.95,100.17,100.71,4111987,CAT
2017-05-15,101.59,102.56,101.41,102.42,3756092,CAT
2017-05-16,102.75,102.8,101.27,102.34,3115859,CAT
2017-05-17,101.0,101.65,99.89,100.14,4618515,CAT
2017-05-18,99.14,100.67,97.74,100.22,5931547,CAT
2017-05-19,101.57,102.86,101.27,102.43,4636549,CAT
2017-05-22,102.67,103.05,101.81,102.29,4377007,CAT
2017-05-23,102.3,103.75,102.06,103.63,3327626,CAT
2017-05-24,103.33,104.91,103.15,103.95,5174710,CAT
2017-05-25,104.45,105.94,104.24,105.02,5220575,CAT
2017-05-26,105.0,105.71,104.62,105.66,2894109,CAT
2017-05-30,105.26,105.86,105.01,105.47,3211672,CAT
2017-05-31,105.25,105.76,103.6,105.43,4131439,CAT
2017-06-01,105.77,106.43,105.16,105.65,4211339,CAT
2017-06-02,105.67,106.76,105.18,105.95,3702809,CAT
2017-06-05,105.58,107.17,105.14,105.2,4319496,CAT
2017-06-06,104.79,105.52,104.06,104.55,3800243,CAT
2017-06-07,104.3,104.69,102.45,103.51,5121650,CAT
2017-06-08,103.8,105.39,103.61,105.01,4649344,CAT
2017-06-09,105.09,107.02,105.03,105.92,3881020,CAT
2017-06-12,105.65,106.35,104.9,106.07,4167423,CAT
2017-06-13,106.18,106.66,105.5,105.75,3522709,CAT
2017-06-14,105.8,105.99,103.99,104.71,4100230,CAT
2017-06-15,103.8,106.64,103.8,106.4,5974059,CAT
2017-06-16,106.76,107.91,106.4,107.6,7350440,CAT
2017-06-19,107.95,108.04,106.67,107.49,4347630,CAT
2017-06-20,108.06,108.18,106.92,107.04,5314140,CAT
2017-06-21,106.63,106.76,103.15,103.47,6274065,CAT
2017-06-22,103.57,104.66,103.49,103.84,3652480,CAT
2017-06-23,102.5,104.27,102.3,104.11,12089818,CAT
2017-06-26,104.66,105.63,103.44,104.25,2857661,CAT
2017-06-27,104.5,105.23,103.69,103.93,3380676,CAT
2017-06-28,104.85,106.63,104.76,106.45,4118284,CAT
2017-06-29,106.45,106.97,104.81,105.64,3550032,CAT
2017-06-30,106.1,108.04,105.83,107.46,4702148,CAT
2017-07-03,106.51,107.84,106.48,106.97,2404896,CAT
2017-07-05,107.0,107.88,106.65,107.49,3483617,CAT
2017-07-06,107.23,107.89,106.3,106.51,2921670,CAT
2017-07-07,106.61,107.58,105.85,106.92,2767868,CAT
2017-07-10,106.73,108.49,106.24,107.84,2951468,CAT
2017-07-11,107.91,108.47,107.05,108.24,2559920,CAT
2017-07-12,108.92,110.0,108.84,108.96,3611614,CAT
2017-07-13,108.89,109.25,107.97,108.47,3051071,CAT
2017-07-14,108.55,109.36,108.05,108.77,4480218,CAT
2017-07-17,108.0,109.38,107.98,108.84,2969519,CAT
2017-07-18,108.22,108.22,106.57,107.07,3984361,CAT
2017-07-19,107.3,108.0,107.14,107.85,2857917,CAT
2017-07-20,107.88,108.15,107.06,107.32,3759740,CAT
2017-07-21,106.71,106.95,105.11,106.59,4258115,CAT
2017-07-24,107.86,108.5,107.29,108.18,5980369,CAT
2017-07-25,113.24,114.89,111.8,114.54,14264596,CAT
2017-07-26,114.25,114.54,113.08,113.52,5741249,CAT
2017-07-27,113.72,114.39,113.25,114.37,5583481,CAT
2017-07-28,114.45,114.9,113.48,114.1,4704478,CAT
2017-07-31,,,,113.95,4486013,CAT
2017-08-01,114.27,114.43,112.52,113.1,3683681,CAT
2017-08-02,113.15,113.58,112.09,113.09,2830626,CAT
2017-08-03,112.85,113.72,112.85,113.56,2438868,CAT
2017-08-04,113.88,114.64,113.45,114.35,2631896,CAT
2017-08-07,114.48,114.99,114.3,114.71,2269385,CAT
2017-08-08,114.59,115.25,114.19,114.41,2601217,CAT
2017-08-09,114.39,115.46,114.11,114.34,3170051,CAT
2017-08-10,113.89,114.13,112.86,113.15,3186723,CAT
2017-08-11,113.07,113.67,112.75,112.85,2130558,CAT
2017-08-14,113.46,114.37,113.27,113.71,1968916,CAT
2017-08-15,114.0,114.23,113.32,113.65,2826822,CAT
2017-08-16,113.81,114.5,113.63,114.12,2268555,CAT
2017-08-17,114.0,114.37,113.14,113.14,2905050,CAT
2017-08-18,112.99,114.64,112.69,113.92,3875693,CAT
2017-08-21,113.75,114.09,113.27,113.6,3137367,CAT
2017-08-22,114.21,115.86,114.0,115.82,3881054,CAT
2017-08-23,115.0,115.38,114.75,114.75,2447632,CAT
2017-08-24,115.0,115.05,114.39,114.78,1861155,CAT
2017-08-25,115.47,116.64,115.15,115.35,3282217,CAT
2017-08-28,115.76,116.06,114.66,115.07,2011033,CAT
2017-08-29,114.38,116.6,114.3,116.01,4355661,CAT
2017-08-30,116.12,117.69,115.88,117.55,3401022,CAT
2017-08-31,117.95,118.83,117.35,117.49,3357695,CAT
2017-09-01,117.49,118.82,117.4,118.28,2992226,CAT
2017-09-05,118.14,119.13,117.82,118.3,3830667,CAT
2017-09-06,118.75,119.18,116.98,116.98,4292595,CAT
2017-09-07,117.38,117.93,116.5,117.77,3270114,CAT
2017-09-08,117.23,118.85,117.0,117.82,2786971,CAT
2017-09-11,118.82,118.92,117.47,118.87,3527473,CAT
2017-09-12,119.19,121.39,119.06,120.94,5554631,CAT
2017-09-13,120.5,121.0,119.41,119.63,2532234,CAT
2017-09-14,119.79,120.79,119.21,120.48,2904856,CAT
2017-09-15,121.01,121.57,120.31,121.37,4610125,CAT
2017-09-18,123.62,124.43,122.85,123.83,4349014,CAT
2017-09-19,123.96,124.93,123.76,124.74,3050029,CAT
2017-09-20,124.97,125.28,124.18,124.85,3151576,CAT
2017-09-21,124.52,125.04,123.82,124.79,2615367,CAT
2017-09-22,124.58,125.42,124.35,124.43,2616709,CAT
2017-09-25,124.37,124.78,123.65,124.32,3268466,CAT
2017-09-26,124.7,125.07,124.32,124.51,2302141,CAT
2017-09-27,125.21,125.42,124.34,124.52,2116077,CAT
2017-09-28,123.91,125.28,123.62,125.23,2067779,CAT
2017-09-29,125.35,125.55,124.51,124.71,2273463,CAT
2017-10-02,124.4,124.83,123.95,124.72,2502628,CAT
2017-10-03,124.98,125.53,124.35,125.51,2166124,CAT
2017-10-04,125.69,127.09,125.6,126.74,2792495,CAT
2017-10-05,126.8,126.91,126.01,126.4,2496551,CAT
2017-10-06,126.12,126.99,125.98,126.93,2697410,CAT
2017-10-09,126.92,126.93,125.94,126.88,1979639,CAT
2017-10-10,127.52,128.29,127.27,128.19,4414772,CAT
2017-10-11,128.17,128.41,127.67,127.88,177592,CAT
2017-10-12,128.4,130.16,128.38,129.99,3372320,CAT
2017-10-13,131.0,131.41,129.2,130.71,3478191,CAT
2017-10-16,131.25,132.12,130.94,131.47,2914192,CAT
2017-10-17,131.14,131.47,130.32,130.54,2380342,CAT
2017-10-18,130.5,131.65,130.5,131.29,2511437,CAT
2017-10-19,131.0,131.63,129.4,131.55,4837581,CAT
2017-10-20,131.34,131.91,130.48,131.36,3086775,CAT
2017-10-23,131.95,132.34,131.16,131.68,5549532,CAT
2017-10-24,140.06,140.44,136.63,138.24,18886700,CAT
2017-10-25,137.21,137.83,134.79,136.84,7438581,CAT
2017-10-26,136.88,138.24,136.85,136.94,5745354,CAT
2017-10-27,136.92,138.4,136.9,137.81,4064593,CAT
2017-10-30,137.3,137.81,136.48,136.49,3044543,CAT
2017-10-31,136.5,136.62,135.08,135.8,3988311,CAT
2017-11-01,135.67,137.3,135.43,136.29,3629020,CAT
2017-11-02,136.42,136.99,135.69,136.47,2722613,CAT
2017-11-03,136.48,136.95,136.36,136.63,2105357,CAT
2017-11-06,136.8,138.45,136.79,137.71,2780869,CAT
2017-11-07,137.8,138.9,136.66,138.81,3222106,CAT
2017-11-08,138.4,138.75,137.18,137.29,1933255,CAT
2017-11-09,136.44,136.75,134.65,135.34,2940871,CAT
2017-11-10,135.09,136.89,135.07,136.48,2017641,CAT
2017-11-13,135.53,136.55,134.87,136.53,1894148,CAT
2017-11-14,138.0,138.12,136.47,137.54,3041283,CAT
2017-11-15,136.48,136.76,133.81,134.1,3746182,CAT
2017-11-16,135.47,137.41,135.1,136.36,2813638,CAT
2017-11-17,135.8,136.36,135.02,136.13,2312700,CAT
2017-11-20,136.44,137.81,136.25,136.91,2124623,CAT
2017-11-21,137.77,138.0,137.17,137.6,2221427,CAT
2017-11-22,138.22,138.42,137.2,138.01,4887659,CAT
2017-11-24,138.1,138.42,137.34,137.39,944517,CAT
2017-11-27,137.47,138.27,136.89,137.19,2585375,CAT
2017-11-28,137.51,139.0,137.27,138.99,2592701,CAT
2017-11-29,138.17,139.21,137.2,138.06,3098231,CAT
2017-11-30,138.9,141.33,137.11,141.15,7507820,CAT
2017-12-01,141.6,142.4,138.38,141.52,5481644,CAT
2017-12-04,144.25,145.19,141.44,141.5,4922287,CAT
2017-12-05,141.75,142.19,139.73,140.14,3884080,CAT
2017-12-06,140.15,141.14,139.5,140.34,2881368,CAT
2017-12-07,139.78,143.0,139.19,142.89,2977117,CAT
2017-12-08,143.87,144.32,142.93,143.86,2490056,CAT
2017-12-11,144.63,144.71,143.48,143.77,1913470,CAT
2017-12-12,143.42,144.8,143.21,143.42,3397071,CAT
2017-12-13,144.18,149.05,144.07,148.57,6486536,CAT
2017-12-14,148.85,149.0,145.88,146.28,4616889,CAT
2017-12-15,147.35,147.84,145.49,146.69,7931739,CAT
2017-12-18,147.75,149.81,146.8,149.77,3534846,CAT
2017-12-19,149.9,151.09,148.53,150.91,3554140,CAT
2017-12-20,151.93,152.6,150.7,152.52,3076024,CAT
2017-12-21,152.69,155.1,151.81,154.64,4017431,CAT
2017-12-22,154.77,155.8,153.95,155.75,2486378,CAT
2017-12-26,156.04,156.98,155.66,156.44,1870565,CAT
2017-12-27,156.94,157.69,156.31,157.52,2520486,CAT
2017-12-28,157.94,158.65,157.23,158.42,4064049,CAT
2017-12-29,158.05,158.5,157.51,157.58,2616142,CAT
2006-01-03,39.83,40.36,39.3,40.19,12839400,JPM
2006-01-04,39.78,40.14,39.42,39.62,13491800,JPM
2006-01-05,39.61,39.81,39.5,39.74,8109400,JPM
2006-01-06,39.92,40.24,39.55,40.02,7966900,JPM
2006-01-09,39.88,40.72,39.88,40.67,16575200,JPM
2006-01-10,40.5,40.75,40.07,40.73,16614900,JPM
2006-01-11,40.73,40.87,40.61,40.7,12333100,JPM
2006-01-12,40.25,40.42,39.9,39.95,12230400,JPM
2006-01-13,39.78,40.03,39.65,39.92,10961200,JPM
2006-01-17,39.48,39.82,39.41,39.71,9941400,JPM
2006-01-18,39.11,39.71,38.95,39.35,17908500,JPM
2006-01-19,39.34,39.47,38.8,39.06,12092300,JPM
2006-01-20,38.81,38.82,37.88,38.05,20907200,JPM
2006-01-23,38.14,38.7,37.97,38.27,13172400,JPM
2006-01-24,38.27,38.53,38.09,38.11,9781500,JPM
2006-01-25,38.16,38.68,38.06,38.48,14248700,JPM
2006-01-26,38.71,39.81,38.71,39.59,16187900,JPM
2006-01-27,39.25,40.04,39.17,39.75,12929400,JPM
2006-01-30,39.52,39.97,39.42,39.85,8701700,JPM
2006-01-31,40.03,40.19,39.74,39.75,15582500,JPM
2006-02-01,39.88,40.22,39.67,39.88,11429800,JPM
2006-02-02,39.88,40.16,39.59,39.99,10309100,JPM
2006-02-03,39.45,40.1,39.4,39.53,10440700,JPM
2006-02-06,39.4,39.6,39.31,39.44,6591900,JPM
2006-02-07,39.2,39.6,39.05,39.26,8592600,JPM
2006-02-08,39.28,39.62,39.25,39.6,10065400,JPM
2006-02-09,39.53,40.03,39.44,39.77,8496300,JPM
2006-02-10,39.62,39.98,39.29,39.92,8790500,JPM
2006-02-13,39.77,40.31,39.61,39.77,7791600,JPM
2006-02-14,39.66,40.33,39.65,40.1,12904100,JPM
2006-02-15,39.97,40.5,39.97,40.32,12686700,JPM
2006-02-16,40.45,40.82,40.24,40.82,11572000,JPM
2006-02-17,40.66,40.82,40.4,40.78,11518600,JPM
2006-02-21,40.63,40.95,40.55,40.7,7324600,JPM
2006-02-22,40.89,41.55,40.74,41.41,13168400,JPM
2006-02-23,41.26,41.57,41.0,41.11,8739500,JPM
2006-02-24,40.94,41.83,40.87,41.66,9294300,JPM
2006-02-27,41.55,41.95,41.55,41.58,8542000,JPM
2006-02-28,41.59,41.6,40.97,41.14,11716200,JPM
2006-03-01,41.16,41.94,41.13,41.63,10547700,JPM
2006-03-02,41.63,41.84,41.37,41.66,10939800,JPM
2006-03-03,41.5,42.09,41.43,41.59,12290600,JPM
2006-03-06,41.48,41.81,41.14,41.43,9877500,JPM
2006-03-07,41.02,41.66,41.02,41.48,9441300,JPM
2006-03-08,41.49,41.74,41.2,41.6,9147100,JPM
2006-03-09,41.5,41.74,40.96,41.05,9767500,JPM
2006-03-10,41.06,41.4,40.87,41.13,11175700,JPM
2006-03-13,41.45,41.48,40.98,41.06,10626100,JPM
2006-03-14,41.26,41.5,41.25,41.38,16237100,JPM
2006-03-15,41.16,41.34,40.99,41.22,14017900,JPM
2006-03-16,41.42,41.53,41.26,41.32,10045600,JPM
2006-03-17,41.35,41.5,41.25,41.4,13042400,JPM
2006-03-20,41.31,41.55,41.15,41.45,9418000,JPM
2006-03-21,41.27,41.71,41.04,41.2,13473600,JPM
2006-03-22,41.19,42.2,41.0,42.05,13516100,JPM
2006-03-23,42.05,42.2,41.82,42.04,12986800,JPM
2006-03-24,41.99,42.43,41.91,42.1,7213400,JPM
2006-03-27,41.86,42.2,41.78,42.11,7836200,JPM
2006-03-28,41.93,42.21,41.5,41.56,15562700,JPM
2006-03-29,41.73,42.08,41.31,41.68,7822900,JPM
2006-03-30,41.54,42.04,41.12,41.53,9324800,JPM
2006-03-31,41.78,41.94,41.5,41.64,10371400,JPM
2006-04-03,41.95,42.46,41.88,41.93,10872900,JPM
2006-04-04,41.6,42.46,41.5,42.27,14010100,JPM
2006-04-05,42.17,42.66,42.04,42.54,9554600,JPM
2006-04-06,42.39,42.47,42.02,42.29,6226600,JPM
2006-04-07,42.25,42.44,41.63,41.7,10754100,JPM
2006-04-10,41.93,42.26,41.69,41.88,7409300,JPM
2006-04-11,42.0,42.35,41.48,41.61,8828400,JPM
2006-04-12,41.83,41.98,41.7,41.9,5873900,JPM
2006-04-13,41.96,42.42,41.91,42.19,6554700,JPM
2006-04-17,42.28,42.38,41.83,42.0,7986200,JPM
2006-04-18,42.22,42.75,42.07,42.6,11079700,JPM
2006-04-19,42.4,42.99,42.3,42.62,9448100,JPM
2006-04-20,42.5,42.95,42.38,42.6,8435900,JPM
2006-04-21,42.88,42.88,42.4,42.5,13733100,JPM
2006-04-24,42.51,42.78,42.16,42.68,9475900,JPM
2006-04-25,42.53,42.82,42.11,42.22,11649000,JPM
2006-04-26,42.39,42.74,42.16,42.66,10647800,JPM
2006-04-27,42.66,44.06,42.53,43.95,17465000,JPM
2006-04-28,44.1,45.9,44.1,45.38,28262300,JPM
2006-05-01,45.38,45.59,44.73,44.78,16235400,JPM
2006-05-02,45.0,45.51,44.91,45.5,12964600,JPM
2006-05-03,45.59,45.7,45.22,45.46,15589700,JPM
2006-05-04,45.51,45.81,45.5,45.69,10550700,JPM
2006-05-05,45.91,46.8,45.69,46.65,17342800,JPM
2006-05-08,46.6,46.65,46.04,46.1,10284000,JPM
2006-05-09,45.94,46.35,45.85,46.02,7931000,JPM
2006-05-10,45.74,46.12,45.51,45.92,7215600,JPM
2006-05-11,45.92,45.96,44.96,45.15,10533100,JPM
2006-05-12,44.95,44.96,44.26,44.32,18205000,JPM
2006-05-15,44.33,44.75,44.25,44.54,11232300,JPM
2006-05-16,44.6,44.8,44.13,44.32,8265300,JPM
2006-05-17,43.8,44.05,43.09,43.25,13005300,JPM
2006-05-18,43.29,43.41,42.69,42.74,10905200,JPM
2006-05-19,42.9,43.05,42.5,42.75,13343200,JPM
2006-05-22,42.75,42.95,42.34,42.64,14817200,JPM
2006-05-23,42.74,42.89,42.12,42.17,13258500,JPM
2006-05-24,42.1,42.48,41.59,42.15,14155700,JPM
2006-05-25,42.65,42.9,42.32,42.85,9902400,JPM
2006-05-26,43.1,43.38,42.95,43.23,7918100,JPM
2006-05-30,42.9,42.99,42.44,42.44,8680900,JPM
2006-05-31,42.66,42.97,42.17,42.64,11348000,JPM
2006-06-01,42.75,43.68,42.74,43.58,9034900,JPM
2006-06-02,43.8,44.2,43.53,43.81,9637700,JPM
2006-06-05,43.66,43.93,42.91,42.97,7868800,JPM
2006-06-06,42.97,43.18,42.01,42.38,12679200,JPM
2006-06-07,42.37,42.77,42.13,42.25,9958000,JPM
2006-06-08,42.0,42.5,41.25,42.35,14402700,JPM
2006-06-09,42.35,42.59,42.02,42.1,8106100,JPM
2006-06-12,42.1,42.23,41.59,41.6,9059600,JPM
2006-06-13,41.35,41.88,40.34,40.53,16537400,JPM
2006-06-14,40.64,40.85,39.33,39.97,16880100,JPM
2006-06-15,40.1,40.82,40.0,40.6,18481500,JPM
2006-06-16,40.6,40.7,40.01,40.16,15754500,JPM
2006-06-19,40.17,40.46,39.75,39.95,9090100,JPM
2006-06-20,40.14,40.78,40.04,40.49,11206400,JPM
2006-06-21,40.13,41.46,40.1,41.21,15242300,JPM
2006-06-22,41.12,41.67,41.0,41.07,10497000,JPM
2006-06-23,40.83,41.3,39.85,40.87,9954700,JPM
2006-06-26,40.67,41.5,40.61,41.5,11183300,JPM
2006-06-27,40.69,41.57,40.69,40.84,14116000,JPM
2006-06-28,41.17,41.31,40.94,41.27,8540400,JPM
2006-06-29,41.68,42.86,41.61,42.68,17320800,JPM
2006-06-30,42.93,42.99,42.0,42.0,16256700,JPM
2006-07-03,42.05,42.87,42.0,42.87,6828300,JPM
2006-07-05,42.87,42.87,42.04,42.41,10452000,JPM
2006-07-06,42.4,42.67,42.27,42.45,10906500,JPM
2006-07-07,42.45,42.75,42.29,42.41,6736400,JPM
2006-07-10,42.54,42.69,42.43,42.58,5332200,JPM
2006-07-11,42.36,42.99,42.15,42.87,8814500,JPM
2006-07-12,42.88,43.23,42.22,42.25,7025400,JPM
2006-07-13,41.95,41.96,41.21,41.39,11099000,JPM
2006-07-14,41.25,41.51,40.61,40.89,10439300,JPM
2006-07-17,40.81,40.94,40.4,40.73,10806600,JPM
2006-07-18,40.95,41.11,40.52,40.71,10760900,JPM
2006-07-19,41.9,43.06,41.74,43.05,27046900,JPM
2006-07-20,43.05,43.37,42.75,42.98,16368000,JPM
2006-07-21,43.17,43.47,42.79,43.15,15203300,JPM
2006-07-24,43.4,44.35,43.35,44.2,12629200,JPM
2006-07-25,44.15,44.86,44.01,44.63,12536000,JPM
2006-07-26,44.5,44.84,44.37,44.65,14170000,JPM
2006-07-27,44.68,44.97,44.2,44.7,13841100,JPM
2006-07-28,44.88,45.54,44.8,45.48,14011100,JPM
2006-07-31,45.1,45.71,45.04,45.62,14647100,JPM
2006-08-01,45.79,45.79,45.25,45.51,13403400,JPM
2006-08-02,45.9,45.91,45.2,45.49,11051900,JPM
2006-08-03,45.15,45.8,45.1,45.66,9045600,JPM
2006-08-04,45.96,46.1,44.12,45.12,14113100,JPM
2006-08-07,45.0,45.33,44.84,45.27,5934000,JPM
2006-08-08,45.48,45.72,44.94,44.99,11026100,JPM
2006-08-09,45.12,45.38,44.33,44.35,10454500,JPM
2006-08-10,44.25,44.35,43.67,44.05,10392300,JPM
2006-08-11,44.05,44.15,43.5,43.93,6868600,JPM
2006-08-14,44.3,44.5,43.71,43.89,6985600,JPM
2006-08-15,44.15,45.11,44.15,45.04,11078300,JPM
2006-08-16,45.44,45.65,45.12,45.47,8814800,JPM
2006-08-17,45.28,45.68,45.25,45.46,6163700,JPM
2006-08-18,45.68,45.71,45.27,45.71,9213600,JPM
2006-08-21,45.41,45.6,45.33,45.46,5649000,JPM
2006-08-22,45.27,45.59,45.11,45.35,6252400,JPM
2006-08-23,45.2,45.64,45.16,45.52,9684600,JPM
2006-08-24,45.7,45.97,45.63,45.68,8682800,JPM
2006-08-25,45.68,45.69,45.3,45.52,4450900,JPM
2006-08-28,45.4,46.04,45.31,46.02,7324900,JPM
2006-08-29,45.88,46.02,45.42,45.97,8050800,JPM
2006-08-30,45.89,46.07,45.7,45.73,8596400,JPM
2006-08-31,45.7,45.87,45.58,45.66,6245400,JPM
2006-09-01,45.85,45.9,45.32,45.73,6703300,JPM
2006-09-05,45.64,45.94,45.44,45.8,6134400,JPM
2006-09-06,45.65,46.05,45.48,45.88,7126800,JPM
2006-09-07,45.89,45.91,45.13,45.2,7278500,JPM
2006-09-08,45.0,45.44,44.68,45.26,7728200,JPM
2006-09-11,45.59,45.59,45.12,45.39,7174900,JPM
2006-09-12,45.39,46.02,45.29,46.01,11557700,JPM
2006-09-13,46.01,46.73,45.73,46.4,11745800,JPM
2006-09-14,46.41,46.56,46.1,46.5,7642400,JPM
2006-09-15,46.86,47.35,46.76,46.95,15421000,JPM
2006-09-18,46.7,46.95,46.47,46.58,11125300,JPM
2006-09-19,46.73,46.85,46.22,46.8,6768700,JPM
2006-09-20,46.95,47.49,46.95,47.22,9084200,JPM
2006-09-21,47.08,47.35,46.67,46.81,7782700,JPM
2006-09-22,46.7,46.94,46.51,46.82,6046700,JPM
2006-09-25,47.11,47.3,46.75,46.91,15331300,JPM
2006-09-26,46.91,46.95,46.39,46.9,12381400,JPM
2006-09-27,46.79,47.21,46.62,46.84,8886700,JPM
2006-09-28,47.0,47.32,46.9,47.15,6167400,JPM
2006-09-29,47.15,47.46,46.84,46.96,10115300,JPM
2006-10-02,46.96,47.33,46.74,46.87,7383000,JPM
2006-10-03,46.95,47.92,46.94,47.75,11801200,JPM
2006-10-04,47.05,47.54,46.95,47.49,20650900,JPM
2006-10-05,47.29,47.46,47.0,47.41,12915500,JPM
2006-10-06,47.1,47.2,46.78,46.86,10748900,JPM
2006-10-09,46.86,47.21,46.69,47.11,7252800,JPM
2006-10-10,47.29,47.66,47.09,47.53,14165100,JPM
2006-10-11,47.3,47.7,47.17,47.64,10288100,JPM
2006-10-12,47.7,48.57,47.55,48.26,14995200,JPM
2006-10-13,48.02,48.46,47.74,48.16,7298100,JPM
2006-10-16,47.98,48.1,47.5,47.73,7330800,JPM
2006-10-17,47.05,48.21,47.0,47.99,8882000,JPM
2006-10-18,47.84,48.0,46.61,47.21,21532700,JPM
2006-10-19,47.21,47.21,46.37,46.87,11988900,JPM
2006-10-20,46.88,47.13,46.54,47.12,10979200,JPM
2006-10-23,46.83,47.47,46.82,47.39,9344500,JPM
2006-10-24,47.07,47.21,46.75,47.14,13432000,JPM
2006-10-25,47.3,47.5,46.92,47.27,9021900,JPM
2006-10-26,47.35,47.95,47.31,47.77,7644300,JPM
2006-10-27,47.57,47.71,47.16,47.29,7112500,JPM
2006-10-30,47.34,47.67,47.08,47.45,10223000,JPM
2006-10-31,47.78,48.08,47.43,47.44,12564200,JPM
2006-11-01,47.75,47.82,46.71,46.93,11492200,JPM
2006-11-02,46.93,47.08,46.69,46.9,7059000,JPM
2006-11-03,47.15,47.25,46.5,46.89,7989000,JPM
2006-11-06,47.18,47.72,47.05,47.65,8633700,JPM
2006-11-07,47.5,48.0,47.47,47.49,8535500,JPM
2006-11-08,47.49,47.9,47.2,47.64,7511200,JPM
2006-11-09,47.65,47.75,47.18,47.24,6836700,JPM
2006-11-10,47.45,47.61,47.31,47.61,5849900,JPM
2006-11-13,47.4,47.89,47.36,47.66,7664600,JPM
2006-11-14,47.49,47.81,47.06,47.75,8276800,JPM
2006-11-15,47.57,47.67,46.99,47.45,11340800,JPM
2006-11-16,47.5,47.98,47.37,47.85,8192500,JPM
2006-11-17,47.99,47.99,47.59,47.66,12991600,JPM
2006-11-20,47.66,48.05,47.55,47.9,8614500,JPM
2006-11-21,47.78,47.94,47.4,47.75,7423800,JPM
2006-11-22,47.6,47.89,47.38,47.59,7003800,JPM
2006-11-24,47.22,47.53,47.18,47.27,2927000,JPM
2006-11-27,47.14,47.26,46.45,46.63,11109800,JPM
2006-11-28,46.46,46.59,45.78,46.2,13417200,JPM
2006-11-29,46.21,46.87,46.21,46.67,9414600,JPM
2006-11-30,46.72,46.74,46.05,46.28,13058500,JPM
2006-12-01,46.5,46.51,45.51,46.01,14731400,JPM
2006-12-04,46.28,47.13,46.16,46.84,13152400,JPM
2006-12-05,46.9,47.5,46.77,47.2,10747700,JPM
2006-12-06,47.07,47.25,46.76,46.83,14164500,JPM
2006-12-07,47.08,47.08,46.56,46.63,7397100,JPM
2006-12-08,46.66,47.14,46.35,46.76,9120200,JPM
2006-12-11,46.7,47.84,46.7,47.55,11240800,JPM
2006-12-12,47.56,47.97,47.35,47.63,16021000,JPM
2006-12-13,47.78,47.9,47.5,47.6,11353700,JPM
2006-12-14,47.61,48.04,47.3,47.95,10053100,JPM
2006-12-15,48.2,48.65,48.0,48.3,16172300,JPM
2006-12-18,48.3,48.6,48.03,48.23,8538200,JPM
2006-12-19,48.03,48.48,47.95,48.27,9291400,JPM
2006-12-20,48.33,48.37,48.14,48.22,6046000,JPM
2006-12-21,48.42,48.97,48.33,48.65,10946200,JPM
2006-12-22,48.64,48.8,47.62,47.89,8342000,JPM
2006-12-26,47.98,48.37,47.95,48.31,4101200,JPM
2006-12-27,48.54,49.0,47.82,48.95,7716600,JPM
2006-12-28,48.8,49.0,48.64,48.92,6526200,JPM
2006-12-29,48.75,48.91,48.27,48.3,9601700,JPM
2007-01-03,48.0,48.37,47.59,48.07,14245200,JPM
2007-01-04,48.05,48.55,47.75,48.19,9507000,JPM
2007-01-05,48.17,48.25,47.63,47.79,10761000,JPM
2007-01-08,47.57,48.06,47.32,47.95,8239200,JPM
2007-01-09,47.9,48.11,47.36,47.75,9279600,JPM
2007-01-10,47.47,48.12,47.44,48.1,15597000,JPM
2007-01-11,48.0,48.42,47.94,48.31,8049400,JPM
2007-01-12,48.1,48.26,47.9,47.99,10646900,JPM
2007-01-16,48.16,48.46,48.1,48.39,8696900,JPM
2007-01-17,48.65,48.89,48.12,48.43,16292200,JPM
2007-01-18,48.05,48.58,47.92,48.15,12654500,JPM
2007-01-19,48.3,48.83,48.14,48.76,14650600,JPM
2007-01-22,48.87,49.86,48.7,49.66,18325900,JPM
2007-01-23,49.57,49.86,49.28,49.83,12845900,JPM
2007-01-24,49.68,50.4,49.51,50.36,13869200,JPM
2007-01-25,50.24,50.68,49.93,50.21,14899400,JPM
2007-01-26,50.0,50.25,49.5,49.7,13990300,JPM
2007-01-29,49.57,49.65,49.11,49.47,12085000,JPM
2007-01-30,49.7,50.25,49.37,50.18,12325700,JPM
2007-01-31,50.07,51.16,49.85,50.93,18462300,JPM
2007-02-01,50.96,51.24,50.86,51.21,13420400,JPM
2007-02-02,51.22,51.33,50.73,50.93,15443400,JPM
2007-02-05,50.81,51.15,50.54,50.96,8079900,JPM
2007-02-06,50.85,51.32,50.76,51.0,9849200,JPM
2007-02-07,50.84,51.22,50.8,51.21,7537400,JPM
2007-02-08,51.06,51.06,50.52,50.93,10312300,JPM
2007-02-09,51.02,51.19,50.08,50.42,9489000,JPM
2007-02-12,50.59,50.65,50.25,50.44,7889200,JPM
2007-02-13,50.35,51.02,50.33,50.95,8374510,JPM
2007-02-14,51.09,51.55,51.0,51.42,10745969,JPM
2007-02-15,51.05,51.47,50.89,51.21,13339600,JPM
2007-02-16,51.16,51.35,51.01,51.25,11292700,JPM
2007-02-20,51.15,51.75,51.12,51.63,9171500,JPM
2007-02-21,51.45,51.85,51.27,51.65,9337100,JPM
2007-02-22,51.8,51.95,51.38,51.64,9112100,JPM
2007-02-23,51.55,51.75,50.72,51.03,10044900,JPM
2007-02-26,51.17,51.42,50.43,50.81,13342781,JPM
2007-02-27,50.61,50.61,47.6,49.22,21444900,JPM
2007-02-28,49.07,49.89,48.89,49.39,19189200,JPM
2007-03-01,48.98,49.44,48.3,49.2,22632849,JPM
2007-03-02,48.95,49.0,48.11,48.19,16924500,JPM
2007-03-05,47.6,48.16,47.2,47.54,20231800,JPM
2007-03-06,47.54,48.68,47.43,48.52,17752140,JPM
2007-03-07,48.69,48.87,48.26,48.36,13664700,JPM
2007-03-08,48.79,49.35,48.62,48.74,11979700,JPM
2007-03-09,49.12,49.35,48.53,48.82,9452900,JPM
2007-03-12,48.67,48.98,48.6,48.84,10445700,JPM
2007-03-13,48.45,48.5,46.56,46.7,25294400,JPM
2007-03-14,48.84,47.55,45.91,47.3,25044000,JPM
2007-03-15,47.3,48.19,47.14,47.7,15828700,JPM
2007-03-16,47.62,47.83,46.98,47.03,24762832,JPM
2007-03-19,47.2,47.8,47.16,47.58,14448195,JPM
2007-03-20,47.51,47.88,47.33,47.75,14507366,JPM
2007-03-21,47.81,49.65,47.81,49.05,20747687,JPM
2007-03-22,49.05,49.1,48.36,48.47,19609809,JPM
2007-03-23,48.59,48.89,48.43,48.52,11748300,JPM
2007-03-26,48.55,48.78,47.94,48.7,11851000,JPM
2007-03-27,48.59,48.82,48.35,48.57,11183670,JPM
2007-03-28,48.57,48.48,47.79,47.99,13176750,JPM
2007-03-29,47.99,48.64,48.02,48.5,10837095,JPM
2007-03-30,48.61,49.02,47.95,48.38,12674716,JPM
2007-04-02,48.38,48.49,47.7,48.24,13834475,JPM
2007-04-03,48.25,48.59,48.09,48.56,13572155,JPM
2007-04-04,48.56,48.71,48.27,48.56,9165227,JPM
2007-04-05,48.35,48.89,48.34,48.77,7991639,JPM
2007-04-09,48.78,49.13,48.66,49.0,7509461,JPM
2007-04-10,49.01,49.34,48.98,49.24,8200099,JPM
2007-04-11,49.1,49.34,48.98,49.15,12046120,JPM
2007-04-12,49.52,49.52,48.73,49.2,9472504,JPM
2007-04-13,49.45,49.45,48.66,49.09,11266319,JPM
2007-04-16,49.47,50.25,49.32,49.97,15764982,JPM
2007-04-17,49.97,50.42,49.71,50.18,12238991,JPM
2007-04-18,51.6,52.67,51.43,52.07,39200025,JPM
2007-04-19,52.03,52.23,51.35,52.09,20708638,JPM
2007-04-20,52.65,52.71,52.1,52.54,21168919,JPM
2007-04-23,52.35,52.7,52.05,52.28,12675506,JPM
2007-04-24,52.06,52.28,51.65,52.16,10860748,JPM
2007-04-25,52.24,52.94,52.18,52.82,18088439,JPM
2007-04-26,52.82,53.0,52.56,52.94,14440456,JPM
2007-04-27,52.77,52.8,52.14,52.55,14428558,JPM
2007-04-30,52.46,53.06,51.99,52.1,29900156,JPM
2007-05-01,52.4,52.5,51.6,52.26,13857416,JPM
2007-05-02,52.26,52.77,52.0,52.55,13194737,JPM
2007-05-03,52.83,52.92,52.37,52.7,9755189,JPM
2007-05-04,52.8,53.05,52.59,52.63,11976896,JPM
2007-05-07,52.81,52.95,52.55,52.73,7375343,JPM
2007-05-08,52.48,52.65,52.23,52.45,9028148,JPM
2007-05-09,52.55,53.25,52.43,53.2,12563653,JPM
2007-05-10,52.79,53.03,51.95,52.0,13478659,JPM
2007-05-11,52.12,52.38,51.72,52.15,12419349,JPM
2007-05-14,52.0,52.16,51.55,51.83,9342827,JPM
2007-05-15,52.09,52.71,52.0,52.03,11105002,JPM
2007-05-16,52.37,53.07,52.2,52.98,12925711,JPM
2007-05-17,52.78,53.0,52.5,52.56,9049968,JPM
2007-05-18,52.62,52.93,52.45,52.54,11115016,JPM
2007-05-21,52.38,52.81,52.31,52.56,10408224,JPM
2007-05-22,52.56,52.68,52.09,52.29,9665750,JPM
2007-05-23,52.33,52.64,51.93,51.99,11454241,JPM
2007-05-24,52.0,52.24,51.45,51.59,13105950,JPM
2007-05-25,51.53,51.85,51.26,51.64,10761416,JPM
2007-05-29,51.65,51.92,51.45,51.82,9552263,JPM
2007-05-30,51.43,52.06,51.35,52.06,10243379,JPM
2007-05-31,52.25,52.31,51.67,51.83,11024061,JPM
2007-06-01,51.83,52.08,51.66,51.9,12104746,JPM
2007-06-04,51.56,51.8,51.54,51.57,11122478,JPM
2007-06-05,51.24,51.49,51.19,51.22,13617278,JPM
2007-06-06,51.22,51.23,50.26,50.56,13885374,JPM
2007-06-07,50.3,50.65,49.74,49.82,17412969,JPM
2007-06-08,49.83,50.48,49.54,50.41,13564675,JPM
2007-06-11,50.41,50.84,50.03,50.43,11251980,JPM
2007-06-12,50.22,50.4,49.34,49.35,15389880,JPM
2007-06-13,49.63,50.39,49.52,50.29,14508000,JPM
2007-06-14,50.29,50.83,49.93,50.32,12440636,JPM
2007-06-15,50.64,50.99,50.42,50.56,18354200,JPM
2007-06-18,50.83,50.85,50.33,50.43,9293861,JPM
2007-06-19,50.44,50.88,50.29,50.85,12251872,JPM
2007-06-20,50.85,50.99,49.42,49.46,14921249,JPM
2007-06-21,49.69,49.88,48.68,49.84,20101918,JPM
2007-06-22,49.56,49.75,48.58,48.72,25110463,JPM
2007-06-25,48.72,49.21,48.06,48.36,17240147,JPM
2007-06-26,48.45,49.05,48.3,48.6,18965379,JPM
2007-06-27,48.6,49.3,48.08,49.24,16354111,JPM
2007-06-28,49.25,49.48,48.56,48.96,14430872,JPM
2007-06-29,49.23,49.3,48.1,48.45,21768160,JPM
2007-07-02,48.9,49.25,48.57,49.15,15735507,JPM
2007-07-03,49.19,49.58,49.04,49.34,7443990,JPM
2007-07-05,49.1,49.35,48.65,48.79,11612922,JPM
2007-07-06,48.62,49.16,48.45,48.97,10792303,JPM
2007-07-09,49.21,49.28,48.53,48.79,10577992,JPM
2007-07-10,48.3,48.57,47.46,47.51,21881922,JPM
2007-07-11,47.52,48.44,47.12,48.13,27237437,JPM
2007-07-12,48.69,49.63,48.13,49.53,19172919,JPM
2007-07-13,49.68,50.22,49.27,50.05,16393761,JPM
2007-07-16,49.91,50.46,49.73,49.83,12264636,JPM
2007-07-17,49.95,50.48,49.83,49.92,18302139,JPM
2007-07-18,48.81,49.29,47.83,48.88,35536900,JPM
2007-07-19,49.5,49.69,47.84,48.62,26199900,JPM
2007-07-20,48.81,48.81,47.38,47.56,30678200,JPM
2007-07-23,47.75,47.87,47.06,47.15,20521300,JPM
2007-07-24,46.63,46.95,45.12,45.34,35706800,JPM
2007-07-25,45.67,46.21,44.29,45.27,40176500,JPM
2007-07-26,44.3,44.55,43.5,44.08,51335731,JPM
2007-07-27,44.08,45.24,43.7,44.23,40020600,JPM
2007-07-30,44.75,45.14,43.61,44.75,32318300,JPM
2007-07-31,45.07,45.97,43.94,44.01,34080842,JPM
2007-08-01,43.7,44.44,43.2,44.38,44504483,JPM
2007-08-02,44.41,44.76,44.0,44.59,28322100,JPM
2007-08-03,44.6,44.95,43.39,43.65,36628800,JPM
2007-08-06,43.76,45.11,43.28,45.11,34200000,JPM
2007-08-07,44.99,46.05,44.15,45.34,30567500,JPM
2007-08-08,45.75,47.23,45.27,46.51,27477200,JPM
2007-08-09,45.04,45.94,44.17,44.17,39309000,JPM
2007-08-10,43.36,44.8,42.51,44.25,32549000,JPM
2007-08-13,45.23,45.43,43.68,43.83,21359500,JPM
2007-08-14,43.94,44.02,43.13,43.3,25217200,JPM
2007-08-15,43.13,44.42,42.81,43.0,27726695,JPM
2007-08-16,42.75,45.9,42.16,45.47,51421000,JPM
2007-08-17,48.08,48.29,46.15,47.01,57869823,JPM
2007-08-20,47.17,47.51,45.07,46.49,32691700,JPM
2007-08-21,46.12,47.08,45.75,46.2,23582204,JPM
2007-08-22,46.67,46.83,45.03,46.0,30846800,JPM
2007-08-23,46.45,46.58,45.15,45.67,21476600,JPM
2007-08-24,45.5,46.0,45.03,45.95,13248500,JPM
2007-08-27,45.75,45.9,44.89,44.91,13527102,JPM
2007-08-28,44.48,44.48,43.46,43.6,23517300,JPM
2007-08-29,43.88,44.23,43.15,44.13,21605600,JPM
2007-08-30,43.64,44.36,43.34,43.97,15581500,JPM
2007-08-31,45.0,45.13,44.27,44.52,16937800,JPM
2007-09-04,44.4,45.62,44.26,45.3,15416718,JPM
2007-09-05,44.83,44.97,44.07,44.17,15557000,JPM
2007-09-06,44.24,44.55,43.83,44.21,18994400,JPM
2007-09-07,43.27,43.99,43.2,43.52,21526200,JPM
2007-09-10,43.75,44.45,43.35,43.93,17187500,JPM
2007-09-11,43.96,44.84,43.67,44.54,15148000,JPM
2007-09-12,44.5,44.74,44.15,44.47,13903005,JPM
2007-09-13,44.42,45.78,44.38,45.6,20263027,JPM
2007-09-14,45.6,45.64,45.01,45.54,12482470,JPM
2007-09-17,45.39,45.63,44.89,45.29,17958300,JPM
2007-09-18,45.68,47.86,45.12,47.82,27267718,JPM
2007-09-19,47.97,48.06,47.17,47.57,31807739,JPM
2007-09-20,47.62,47.75,46.73,46.96,19553500,JPM
2007-09-21,47.5,47.54,46.63,47.13,20535000,JPM
2007-09-24,47.2,47.2,46.17,46.34,17346900,JPM
2007-09-25,46.25,46.25,45.65,46.1,16405154,JPM
2007-09-26,46.26,46.69,45.74,46.13,17485400,JPM
2007-09-27,46.2,46.28,45.68,46.21,12846300,JPM
2007-09-28,46.05,46.21,45.58,45.82,15587900,JPM
2007-10-01,45.47,47.04,45.42,46.81,17276202,JPM
2007-10-02,46.99,47.35,46.82,47.16,16003197,JPM
2007-10-03,46.71,47.46,46.65,47.0,12675700,JPM
2007-10-04,47.2,47.43,46.98,47.25,11141000,JPM
2007-10-05,47.45,47.88,47.28,47.58,13443200,JPM
2007-10-08,47.31,47.58,47.05,47.44,8310200,JPM
2007-10-09,47.59,47.7,46.99,47.57,12967407,JPM
2007-10-10,47.47,47.47,46.55,46.91,18858500,JPM
2007-10-11,47.01,47.62,46.53,46.66,27920700,JPM
2007-10-12,46.67,47.1,46.54,46.82,12506902,JPM
2007-10-15,46.77,46.82,45.79,46.27,16575300,JPM
2007-10-16,46.0,46.4,44.6,45.11,22510200,JPM
2007-10-17,47.04,47.12,45.75,46.37,34659600,JPM
2007-10-18,46.1,46.13,45.45,45.9,19400264,JPM
2007-10-19,45.79,46.6,44.96,45.02,29500900,JPM
2007-10-22,44.9,45.93,44.66,45.37,18094024,JPM
2007-10-23,45.92,45.99,45.13,45.94,13519045,JPM
2007-10-24,45.73,46.44,44.74,46.27,27352826,JPM
2007-10-25,46.1,46.55,45.15,46.05,20076379,JPM
2007-10-26,46.96,47.45,45.93,47.32,18852454,JPM
2007-10-29,47.39,47.5,46.51,46.67,18863100,JPM
2007-10-30,46.4,46.89,46.05,46.56,13131400,JPM
2007-10-31,46.95,47.55,46.04,47.0,23899100,JPM
2007-11-01,45.65,46.32,44.2,44.32,31730700,JPM
2007-11-02,44.45,44.48,42.06,43.15,39570300,JPM
2007-11-05,42.69,43.2,41.67,42.77,28852720,JPM
2007-11-06,42.69,44.34,42.69,44.11,28757366,JPM
2007-11-07,42.93,43.81,42.15,42.24,28982634,JPM
2007-11-08,42.51,42.92,40.68,42.61,37343357,JPM
2007-11-09,41.4,43.29,41.17,42.31,43587231,JPM
2007-11-12,42.11,43.68,41.86,42.39,27693578,JPM
2007-11-13,43.3,45.5,42.63,45.05,35966729,JPM
2007-11-14,45.9,46.02,44.44,45.15,25367380,JPM
2007-11-15,44.6,45.19,43.08,43.53,23434162,JPM
2007-11-16,43.74,44.11,42.48,43.09,29023947,JPM
2007-11-19,42.7,42.84,41.19,41.37,29656654,JPM
2007-11-20,41.37,42.35,40.28,41.63,33277745,JPM
2007-11-21,40.81,42.0,40.15,40.68,26759276,JPM
2007-11-23,41.5,42.2,40.96,41.95,10808359,JPM
2007-11-26,41.87,42.49,40.33,40.46,27132253,JPM
2007-11-27,40.92,42.48,40.57,42.35,28501541,JPM
2007-11-28,42.73,44.13,42.56,43.96,32246483,JPM
2007-11-29,43.38,44.09,43.01,43.65,23553931,JPM
2007-11-30,45.38,46.09,45.01,45.62,40113440,JPM
2007-12-03,45.9,45.92,44.95,45.21,21417200,JPM
2007-12-04,44.32,45.09,44.0,44.15,19315164,JPM
2007-12-05,44.54,45.19,43.93,44.9,20629364,JPM
2007-12-06,44.88,46.25,44.53,46.21,19131980,JPM
2007-12-07,46.21,46.81,45.85,46.08,15286546,JPM
2007-12-10,46.8,47.87,46.55,47.42,23391493,JPM
2007-12-11,47.11,48.02,45.5,45.94,38456367,JPM
2007-12-12,47.03,47.79,45.18,46.15,44364992,JPM
2007-12-13,45.83,46.26,44.73,45.76,41273001,JPM
2007-12-14,45.24,45.79,44.68,45.2,27651846,JPM
2007-12-17,44.82,45.5,44.36,44.53,19965649,JPM
2007-12-18,44.77,44.95,43.13,43.9,25224981,JPM
2007-12-19,43.9,45.1,43.66,43.98,21298489,JPM
2007-12-20,44.33,44.54,43.05,43.33,27147434,JPM
2007-12-21,43.92,44.18,43.33,44.11,26418091,JPM
2007-12-24,44.14,45.11,44.14,44.83,7679621,JPM
2007-12-26,44.72,44.99,44.24,44.94,14578604,JPM
2007-12-27,44.6,44.7,43.51,43.64,16533263,JPM
2007-12-28,44.19,44.27,42.82,43.26,16852162,JPM
2007-12-31,43.07,44.14,42.79,43.65,16361231,JPM
2008-01-02,43.55,43.79,42.0,42.17,22125565,JPM
2008-01-03,42.34,42.65,41.76,41.88,17151723,JPM
2008-01-04,41.41,41.8,40.63,40.93,25873807,JPM
2008-01-07,41.1,41.58,40.16,41.34,25650562,JPM
2008-01-08,41.46,41.58,39.42,39.7,33647847,JPM
2008-01-09,39.59,40.34,38.54,40.26,33546825,JPM
2008-01-10,39.77,42.14,39.3,41.33,41864265,JPM
2008-01-11,40.88,42.1,40.39,40.86,37520426,JPM
2008-01-14,41.27,41.75,40.6,41.36,22816918,JPM
2008-01-15,40.73,40.73,38.85,39.17,45254794,JPM
2008-01-16,40.46,42.65,40.21,41.43,63183651,JPM
2008-01-17,41.57,41.68,39.8,40.04,39653309,JPM
2008-01-18,40.24,40.67,38.52,39.59,51919063,JPM
2008-01-22,37.66,42.0,37.66,40.86,57178514,JPM
2008-01-23,40.4,46.15,40.0,45.72,77138502,JPM
2008-01-24,45.83,46.01,44.26,44.96,52062970,JPM
2008-01-25,45.67,45.84,43.21,43.64,38410888,JPM
2008-01-28,43.79,45.61,43.4,45.57,29739012,JPM
2008-01-29,45.94,47.8,44.75,47.45,56116750,JPM
2008-01-30,47.1,49.29,46.32,47.35,68346890,JPM
2008-01-31,46.41,48.19,45.85,47.4,55504631,JPM
2008-02-01,47.26,48.7,46.9,48.25,48839012,JPM
2008-02-04,47.83,48.14,46.03,46.22,28310182,JPM
2008-02-05,45.05,45.48,43.85,43.89,39046676,JPM
2008-02-06,44.27,44.74,43.27,43.72,27274782,JPM
2008-02-07,43.39,45.58,43.25,45.11,36819422,JPM
2008-02-08,44.96,44.96,43.26,43.82,26058426,JPM
2008-02-11,43.89,44.0,42.82,43.35,25873943,JPM
2008-02-12,43.66,44.45,42.75,43.31,27193377,JPM
2008-02-13,43.55,44.17,43.01,44.1,26533355,JPM
2008-02-14,44.05,44.1,42.47,42.61,31179952,JPM
2008-02-15,42.41,43.25,42.01,43.25,29037010,JPM
2008-02-19,43.54,44.05,42.17,42.83,25812146,JPM
2008-02-20,42.37,43.34,41.85,43.15,30150921,JPM
2008-02-21,43.14,43.69,42.22,43.07,32883925,JPM
2008-02-22,43.06,44.02,41.91,43.93,30453056,JPM
2008-02-25,43.43,44.46,42.76,44.03,27917259,JPM
2008-02-26,43.73,44.54,43.41,43.72,24989230,JPM
2008-02-27,43.07,44.49,42.62,44.41,38566939,JPM
2008-02-28,44.0,44.02,42.39,42.44,36608387,JPM
2008-02-29,41.88,41.97,40.38,40.65,36856972,JPM
2008-03-03,40.55,40.63,39.43,39.82,31482144,JPM
2008-03-04,39.37,39.58,38.22,39.19,56449288,JPM
2008-03-05,39.36,39.58,38.11,38.74,36325514,JPM
2008-03-06,38.18,38.23,37.15,37.37,44358883,JPM
2008-03-07,36.89,39.08,36.61,37.56,43263954,JPM
2008-03-10,37.73,38.26,36.31,36.48,41282906,JPM
2008-03-11,38.48,39.26,37.16,38.84,58410916,JPM
2008-03-12,38.85,40.23,38.4,38.61,44573337,JPM
2008-03-13,37.84,38.95,36.63,38.11,45538291,JPM
2008-03-14,38.8,38.8,36.01,36.54,77779621,JPM
2008-03-17,37.0,41.09,37.0,40.31,125322123,JPM
2008-03-18,42.19,42.88,41.25,42.71,76994238,JPM
2008-03-19,43.26,44.89,42.44,42.47,70596937,JPM
2008-03-20,42.91,46.45,42.47,45.97,72777140,JPM
2008-03-24,45.42,48.16,45.02,46.55,66013717,JPM
2008-03-25,46.02,46.65,44.91,46.06,54490422,JPM
2008-03-26,45.27,45.37,43.97,44.11,41132183,JPM
2008-03-27,44.22,44.49,42.86,42.86,32155487,JPM
2008-03-28,43.2,43.84,42.65,42.71,29012695,JPM
2008-03-31,42.71,44.25,42.61,42.95,28926478,JPM
2008-04-01,45.13,47.0,44.66,47.0,54562519,JPM
2008-04-02,47.08,47.56,45.94,46.24,36599963,JPM
2008-04-03,45.37,47.03,45.32,46.28,30315612,JPM
2008-04-04,45.85,46.44,45.12,45.57,29876733,JPM
2008-04-07,46.43,46.74,45.06,45.54,24069396,JPM
2008-04-08,45.24,45.61,44.43,44.86,29197621,JPM
2008-04-09,45.18,45.18,44.08,44.3,28477121,JPM
2008-04-10,44.2,44.81,43.58,43.86,32270157,JPM
2008-04-11,43.32,43.9,42.43,42.53,41961843,JPM
2008-04-14,42.4,42.8,41.17,41.5,33774804,JPM
2008-04-15,42.18,42.7,41.28,42.12,37273599,JPM
2008-04-16,43.53,44.96,43.1,44.96,52572556,JPM
2008-04-17,44.34,45.32,44.17,45.12,30305258,JPM
2008-04-18,46.33,46.86,45.42,45.76,31398108,JPM
2008-04-21,45.29,45.48,44.6,45.23,23514890,JPM
2008-04-22,44.96,45.8,44.75,45.65,23704171,JPM
2008-04-23,45.41,46.04,44.69,45.15,23260941,JPM
2008-04-24,45.37,47.34,45.34,46.97,37771535,JPM
2008-04-25,47.29,47.87,46.54,47.79,24266582,JPM
2008-04-28,47.56,48.09,46.81,47.34,27177926,JPM
2008-04-29,47.34,47.74,46.62,47.08,20738790,JPM
2008-04-30,47.25,48.64,46.73,47.65,36286660,JPM
2008-05-01,47.68,49.48,47.68,49.25,31724188,JPM
2008-05-02,49.9,49.95,48.03,48.66,27945332,JPM
2008-05-05,48.32,48.64,47.85,48.0,19276936,JPM
2008-05-06,47.34,48.7,47.25,48.2,25447829,JPM
2008-05-07,48.22,48.43,46.39,46.57,27638963,JPM
2008-05-08,46.98,47.0,45.31,46.05,26109747,JPM
2008-05-09,45.75,46.93,45.52,46.57,21722541,JPM
2008-05-12,46.82,47.29,46.51,47.24,20300926,JPM
2008-05-13,47.04,47.24,45.22,45.48,27487245,JPM
2008-05-14,46.0,46.37,45.3,45.91,24139414,JPM
2008-05-15,46.05,47.04,45.58,47.02,27289909,JPM
2008-05-16,47.32,47.32,46.05,46.53,20881101,JPM
2008-05-19,46.55,47.22,45.87,45.99,19402352,JPM
2008-05-20,45.66,45.66,43.5,43.7,48998310,JPM
2008-05-21,43.8,44.05,42.33,42.42,40615912,JPM
2008-05-22,42.4,43.73,42.1,43.05,28883557,JPM
2008-05-23,42.72,42.9,42.12,42.32,21441760,JPM
2008-05-27,42.4,43.4,42.3,43.01,28457910,JPM
2008-05-28,43.39,43.43,41.9,42.86,31689864,JPM
2008-05-29,42.69,44.06,42.29,43.57,22791079,JPM
2008-05-30,43.96,43.99,42.87,43.0,21394978,JPM
2008-06-02,42.63,42.77,41.66,42.15,30621114,JPM
2008-06-03,42.53,42.69,41.19,41.89,28906215,JPM
2008-06-04,41.74,42.35,41.16,41.63,30800252,JPM
2008-06-05,41.9,42.32,41.4,42.1,27756501,JPM
2008-06-06,41.79,41.79,39.95,40.09,39895257,JPM
2008-06-09,40.32,40.33,36.42,37.51,74860396,JPM
2008-06-10,37.23,39.23,37.16,38.29,54419385,JPM
2008-06-11,38.5,38.75,37.07,37.13,50971029,JPM
2008-06-12,37.71,38.75,37.63,38.01,53248442,JPM
2008-06-13,38.39,39.59,37.8,39.58,40469788,JPM
2008-06-16,39.48,40.65,39.1,39.94,34860163,JPM
2008-06-17,40.36,40.75,38.95,39.04,32510863,JPM
2008-06-18,38.53,39.25,37.93,38.74,35514472,JPM
2008-06-19,38.79,39.03,36.82,38.65,59945379,JPM
2008-06-20,37.69,39.19,36.95,37.86,55377221,JPM
2008-06-23,37.99,37.99,36.51,36.87,37742040,JPM
2008-06-24,36.81,38.26,36.25,37.72,43526293,JPM
2008-06-25,37.94,39.32,37.5,37.91,42317925,JPM
2008-06-26,37.16,37.58,36.2,36.32,45714251,JPM
2008-06-27,36.45,36.89,34.2,35.05,69316697,JPM
2008-06-30,34.86,35.5,33.96,34.31,50821599,JPM
2008-07-01,33.69,34.34,32.33,34.02,74621599,JPM
2008-07-02,34.36,35.75,34.23,34.6,51752983,JPM
2008-07-03,35.12,36.09,34.49,35.31,33060198,JPM
2008-07-07,35.5,35.95,33.56,34.04,48884383,JPM
2008-07-08,34.3,36.05,33.42,35.77,62289507,JPM
2008-07-09,35.74,36.74,34.09,34.28,50976763,JPM
2008-07-10,34.0,35.8,33.55,34.51,47812190,JPM
2008-07-11,33.38,34.45,32.09,33.16,71316650,JPM
2008-07-14,34.19,34.35,31.68,31.69,50370202,JPM
2008-07-15,30.73,32.82,29.24,31.02,88717736,JPM
2008-07-16,32.3,35.94,31.5,35.94,79957732,JPM
2008-07-17,38.05,40.99,37.8,40.8,132121391,JPM
2008-07-18,41.2,41.32,39.2,40.02,65411200,JPM
2008-07-21,40.34,40.95,38.35,38.65,41358838,JPM
2008-07-22,38.16,41.04,37.61,40.86,50104141,JPM
2008-07-23,40.91,43.0,39.37,41.96,59345347,JPM
2008-07-24,42.06,42.28,39.04,39.14,47454517,JPM
2008-07-25,39.17,40.44,38.48,39.52,35187986,JPM
2008-07-28,39.41,40.65,37.41,37.66,41676766,JPM
2008-07-29,37.94,40.75,37.18,40.75,50528418,JPM
2008-07-30,41.41,42.07,39.97,41.57,47957333,JPM
2008-07-31,40.63,41.96,40.3,40.63,37395434,JPM
2008-08-01,41.11,41.75,39.77,40.76,30776580,JPM
2008-08-04,40.14,40.89,38.91,40.14,27747977,JPM
2008-08-05,41.27,42.0,40.21,41.89,35763838,JPM
2008-08-06,41.35,42.27,40.34,41.39,33010549,JPM
2008-08-07,40.68,41.55,39.48,39.81,42712984,JPM
2008-08-08,39.51,41.65,39.4,41.07,37175212,JPM
2008-08-11,40.79,42.85,40.37,41.89,34644101,JPM
2008-08-12,40.99,41.01,37.02,37.92,65248229,JPM
2008-08-13,37.64,37.65,36.15,36.91,48577059,JPM
2008-08-14,36.59,38.43,36.42,37.81,41145372,JPM
2008-08-15,38.05,38.71,37.37,38.07,36657889,JPM
2008-08-18,37.92,38.03,36.65,36.74,32193039,JPM
2008-08-19,36.01,36.4,35.0,35.58,41426394,JPM
2008-08-20,35.52,37.07,35.02,37.0,39064903,JPM
2008-08-21,36.18,36.6,35.79,36.26,30564443,JPM
2008-08-22,37.22,38.25,36.86,37.67,36029104,JPM
2008-08-25,37.4,37.45,36.08,36.13,27089443,JPM
2008-08-26,36.17,37.12,35.9,36.61,28810766,JPM
2008-08-27,36.55,37.22,35.87,37.14,23812712,JPM
2008-08-28,37.66,38.88,37.23,38.88,34726122,JPM
2008-08-29,38.51,38.94,38.09,38.49,23329136,JPM
2008-09-02,39.56,40.02,38.5,38.99,33268058,JPM
2008-09-03,38.91,39.75,38.44,39.71,28788627,JPM
2008-09-04,39.3,39.78,37.83,37.91,41525372,JPM
2008-09-05,37.5,39.75,37.35,39.6,42101323,JPM
2008-09-08,42.39,43.66,40.0,41.55,85630403,JPM
2008-09-09,40.81,41.94,39.45,39.47,56440001,JPM
2008-09-10,39.99,40.44,38.79,39.4,46100363,JPM
2008-09-11,38.25,41.69,37.92,41.65,57019203,JPM
2008-09-12,40.84,41.96,40.19,41.17,51419142,JPM
2008-09-15,38.39,41.85,37.0,37.0,92491685,JPM
2008-09-16,35.58,40.95,35.02,40.74,90296226,JPM
2008-09-17,39.08,40.68,35.5,35.77,104396209,JPM
2008-09-18,36.53,41.05,34.04,40.3,132981963,JPM
2008-09-19,47.0,48.0,42.55,47.05,88526533,JPM
2008-09-22,45.69,45.9,40.75,40.8,44934162,JPM
2008-09-23,40.55,42.18,40.06,40.56,32443356,JPM
2008-09-24,41.5,42.5,40.22,40.5,27195353,JPM
2008-09-25,42.25,45.0,41.3,43.46,36831253,JPM
2008-09-26,40.55,49.0,40.48,48.24,148081388,JPM
2008-09-29,46.58,47.5,41.0,41.0,79527968,JPM
2008-09-30,44.63,47.39,43.77,46.7,67003178,JPM
2008-10-01,46.91,50.0,46.3,49.63,59471551,JPM
2008-10-02,49.25,49.85,46.72,49.85,53953237,JPM
2008-10-03,50.31,50.63,45.23,45.9,68646721,JPM
2008-10-06,43.49,45.15,41.7,44.0,63084020,JPM
2008-10-07,45.43,45.74,39.31,39.32,62406647,JPM
2008-10-08,38.93,43.55,38.5,39.3,75707795,JPM
2008-10-09,41.03,42.69,36.63,36.68,88839626,JPM
2008-10-10,35.03,42.0,35.02,41.64,112986930,JPM
2008-10-13,43.91,44.08,39.66,41.99,81687754,JPM
2008-10-14,43.33,43.55,39.66,40.71,95310299,JPM
2008-10-15,39.33,41.79,38.0,38.49,84755611,JPM
2008-10-16,39.02,41.0,36.31,40.49,75112397,JPM
2008-10-17,39.63,41.39,39.06,39.33,60995874,JPM
2008-10-20,40.01,40.7,38.8,40.66,44734564,JPM
2008-10-21,39.92,41.27,39.6,39.74,41780682,JPM
2008-10-22,39.15,40.05,36.01,37.17,60825194,JPM
2008-10-23,37.36,38.75,35.82,37.85,63921957,JPM
2008-10-24,35.12,37.73,34.51,35.43,61978019,JPM
2008-10-27,35.1,35.9,33.33,34.0,62725763,JPM
2008-10-28,34.95,37.72,32.52,37.6,73063021,JPM
2008-10-29,37.11,38.38,35.51,35.71,61839377,JPM
2008-10-30,36.89,38.0,36.03,37.62,47371930,JPM
2008-10-31,37.29,41.25,37.28,41.25,86951791,JPM
2008-11-03,41.25,41.25,40.2,40.73,45064073,JPM
2008-11-04,41.25,42.42,40.88,42.17,48943298,JPM
2008-11-05,41.73,42.5,38.62,39.22,53534431,JPM
2008-11-06,38.96,39.76,37.86,38.26,56490009,JPM
2008-11-07,38.23,38.52,36.47,37.75,50214337,JPM
2008-11-10,38.28,38.48,35.65,36.41,41561476,JPM
2008-11-11,35.98,37.45,35.27,36.35,61582855,JPM
2008-11-12,35.42,36.3,34.31,34.57,56734163,JPM
2008-11-13,34.65,37.5,33.5,37.19,74525841,JPM
2008-11-14,36.33,36.91,34.16,34.47,55940940,JPM
2008-11-17,33.82,34.87,32.5,32.77,57572845,JPM
2008-11-18,32.76,33.1,30.36,32.14,67814927,JPM
2008-11-19,31.69,32.02,28.28,28.47,90241837,JPM
2008-11-20,27.74,28.71,22.32,23.38,160729901,JPM
2008-11-21,23.74,24.42,19.69,22.72,194090479,JPM
2008-11-24,23.92,28.34,22.5,27.58,137388907,JPM
2008-11-25,29.63,30.71,28.5,29.77,105442865,JPM
2008-11-26,28.76,30.75,28.17,30.62,55646925,JPM
2008-11-28,30.36,31.93,30.13,31.66,23159136,JPM
2008-12-01,30.67,30.7,26.02,26.12,71001502,JPM
2008-12-02,26.54,28.9,24.61,28.53,81331920,JPM
2008-12-03,27.44,30.74,27.04,30.25,64929930,JPM
2008-12-04,29.84,32.9,29.75,31.08,80726595,JPM
2008-12-05,30.41,34.0,29.73,33.35,73640026,JPM
2008-12-08,33.97,37.7,33.6,36.49,84593426,JPM
2008-12-09,35.67,35.7,33.66,33.96,65861143,JPM
2008-12-10,34.4,34.96,33.08,33.52,47941532,JPM
2008-12-11,32.6,32.76,29.74,29.94,70929016,JPM
2008-12-12,28.44,31.22,28.01,30.94,59970270,JPM
2008-12-15,29.34,29.78,28.17,28.63,51635798,JPM
2008-12-16,29.01,32.75,28.84,32.35,75848261,JPM
2008-12-17,31.5,32.89,31.05,31.86,47420387,JPM
2008-12-18,32.16,32.59,30.12,30.21,57504018,JPM
2008-12-19,30.11,31.25,29.78,30.32,55697986,JPM
2008-12-22,30.64,31.19,29.51,29.82,36397404,JPM
2008-12-23,30.23,30.4,29.11,29.11,27001097,JPM
2008-12-24,28.65,29.88,28.65,29.85,12350122,JPM
2008-12-26,30.05,30.26,29.25,29.8,12641336,JPM
2008-12-29,29.99,30.02,28.8,29.78,22343234,JPM
2008-12-30,29.89,31.05,29.88,31.01,29847418,JPM
2008-12-31,30.7,31.94,30.44,31.53,25897370,JPM
2009-01-02,31.19,31.64,30.47,31.35,32506746,JPM
2009-01-05,30.73,30.77,29.08,29.25,44163158,JPM
2009-01-06,29.79,30.42,29.51,29.88,44252516,JPM
2009-01-07,29.15,29.4,28.0,28.09,42227658,JPM
2009-01-08,27.9,27.95,26.86,27.22,52075769,JPM
2009-01-09,27.55,27.55,25.81,25.97,42626443,JPM
2009-01-12,25.92,26.15,24.5,24.91,59372032,JPM
2009-01-13,25.21,26.59,24.27,26.35,73433094,JPM
2009-01-14,25.59,26.28,24.76,25.91,73975844,JPM
2009-01-15,26.54,27.05,23.76,24.34,136884131,JPM
2009-01-16,24.83,25.0,20.53,22.82,156865231,JPM
2009-01-20,21.0,21.27,17.7,18.09,142148970,JPM
2009-01-21,19.29,22.84,18.88,22.63,136495297,JPM
2009-01-22,22.36,23.83,21.21,23.1,110240773,JPM
2009-01-23,21.92,24.58,21.81,24.28,74369285,JPM
2009-01-26,25.0,25.75,23.74,24.5,74303271,JPM
2009-01-27,25.12,25.17,24.06,25.06,50830776,JPM
2009-01-28,27.19,27.77,26.34,27.66,91437908,JPM
2009-01-29,26.74,27.18,25.25,25.43,58668040,JPM
2009-01-30,25.81,26.98,24.6,25.51,74967561,JPM
2009-02-02,25.0,25.68,24.35,25.2,51543045,JPM
2009-02-03,25.03,25.45,23.7,24.05,66189128,JPM
2009-02-04,24.25,25.5,23.74,24.04,55330745,JPM
2009-02-05,23.74,25.32,22.49,24.54,79815430,JPM
2009-02-06,25.51,27.8,25.3,27.63,76845117,JPM
2009-02-09,26.65,27.97,26.3,27.28,54402994,JPM
2009-02-10,26.86,27.61,24.3,24.62,91948693,JPM
2009-02-11,25.25,26.62,25.14,26.09,64719064,JPM
2009-02-12,25.35,26.22,24.17,26.19,80536354,JPM
2009-02-13,25.25,25.89,24.66,24.69,58581624,JPM
2009-02-17,22.8,23.2,21.65,21.65,91426193,JPM
2009-02-18,22.18,22.3,21.0,21.51,82868416,JPM
2009-02-19,22.07,22.3,20.54,20.6,66504587,JPM
2009-02-20,19.71,21.0,18.75,19.9,135941533,JPM
2009-02-23,20.9,21.56,19.48,19.51,101617093,JPM
2009-02-24,20.13,21.1,18.96,21.02,186379922,JPM
2009-02-25,20.83,23.22,20.12,21.73,135795222,JPM
2009-02-26,23.32,24.18,22.8,23.05,125044404,JPM
2009-02-27,21.63,23.6,21.55,22.85,109879899,JPM
2009-03-02,21.7,22.43,21.07,21.16,94985408,JPM
2009-03-03,21.68,21.9,20.6,21.01,85590036,JPM
2009-03-04,21.74,21.74,18.8,19.3,145009784,JPM
2009-03-05,18.5,19.0,16.04,16.6,153822917,JPM
2009-03-06,17.19,17.67,14.96,15.93,155156925,JPM
2009-03-09,15.37,17.29,15.02,15.9,132882830,JPM
2009-03-10,17.35,19.5,17.13,19.5,149121782,JPM
2009-03-11,20.35,20.91,19.12,20.4,155494611,JPM
2009-03-12,20.15,23.33,20.0,23.2,152008868,JPM
2009-03-13,23.59,24.33,22.91,23.75,120476051,JPM
2009-03-16,24.31,25.27,22.96,23.09,125074778,JPM
2009-03-17,23.3,25.22,22.27,25.14,99937475,JPM
2009-03-18,24.82,27.33,24.18,27.11,142135197,JPM
2009-03-19,27.25,27.41,24.59,24.95,124939674,JPM
2009-03-20,24.66,24.78,23.15,23.15,108959520,JPM
2009-03-23,25.3,29.17,25.13,28.86,146880388,JPM
2009-03-24,28.05,29.3,26.2,26.4,133260341,JPM
2009-03-25,27.19,28.71,25.93,28.56,149502069,JPM
2009-03-26,29.05,29.6,27.65,29.1,133724931,JPM
2009-03-27,28.27,29.2,27.28,27.4,108619766,JPM
2009-03-30,25.67,26.37,24.78,24.85,104860471,JPM
2009-03-31,25.73,27.1,24.85,26.58,84307321,JPM
2009-04-01,25.29,28.28,25.29,28.14,106016822,JPM
2009-04-02,29.58,29.67,27.41,28.16,131840770,JPM
2009-04-03,27.98,29.28,27.5,29.28,80949489,JPM
2009-04-06,28.27,28.9,27.68,28.2,72187952,JPM
2009-04-07,27.28,28.05,27.01,27.25,73652589,JPM
2009-04-08,27.45,27.83,26.51,27.43,66538258,JPM
2009-04-09,30.44,33.09,30.2,32.75,147913000,JPM
2009-04-13,32.01,34.15,31.81,33.7,110196125,JPM
2009-04-14,33.04,33.25,30.65,30.7,109541379,JPM
2009-04-15,30.62,32.97,30.27,32.56,108069349,JPM
2009-04-16,34.01,34.01,32.36,33.24,132955926,JPM
2009-04-17,33.35,33.98,32.53,33.26,104962031,JPM
2009-04-20,31.78,32.42,29.64,29.69,109372119,JPM
2009-04-21,29.07,32.91,28.87,32.53,115629287,JPM
2009-04-22,31.64,34.14,31.32,31.9,124080216,JPM
2009-04-23,32.23,33.75,31.66,33.21,89366443,JPM
2009-04-24,33.66,34.5,32.25,33.38,117098029,JPM
2009-04-27,32.53,33.77,32.4,32.78,67841866,JPM
2009-04-28,32.35,33.72,32.28,32.79,65809864,JPM
2009-04-29,33.44,34.56,33.25,34.48,84731203,JPM
2009-04-30,35.01,35.21,32.75,33.0,94556895,JPM
2009-05-01,32.85,33.77,32.06,32.49,68254057,JPM
2009-05-04,33.06,35.98,32.9,35.79,100918366,JPM
2009-05-05,35.45,35.95,34.46,34.82,63510239,JPM
2009-05-06,35.82,37.35,35.56,37.22,102644801,JPM
2009-05-07,38.5,38.72,34.73,35.24,113228334,JPM
2009-05-08,36.8,38.94,36.2,38.94,110026329,JPM
2009-05-11,37.35,38.18,35.83,35.83,86807941,JPM
2009-05-12,36.24,36.26,34.06,35.36,94148853,JPM
2009-05-13,34.7,35.27,33.68,34.05,82160688,JPM
2009-05-14,34.12,35.62,33.82,35.54,68771499,JPM
2009-05-15,35.45,35.68,34.4,34.91,68300920,JPM
2009-05-18,35.71,37.35,35.2,37.26,71730806,JPM
2009-05-19,37.3,37.68,35.77,35.81,59860540,JPM
2009-05-20,36.61,36.76,34.26,34.55,77089360,JPM
2009-05-21,34.19,35.36,33.67,34.9,65068016,JPM
2009-05-22,35.26,35.3,34.41,34.41,39229944,JPM
2009-05-26,34.12,36.56,34.12,36.54,65487762,JPM
2009-05-27,36.5,36.72,34.66,34.66,76399448,JPM
2009-05-28,35.14,36.67,34.6,36.65,66107232,JPM
2009-05-29,36.35,37.07,35.68,36.9,61941772,JPM
2009-06-01,37.4,37.73,35.77,36.11,90184473,JPM
2009-06-02,35.07,35.52,34.45,34.5,159381609,JPM
2009-06-03,34.4,34.97,33.65,33.98,72136255,JPM
2009-06-04,34.4,35.44,34.23,35.35,70954116,JPM
2009-06-05,35.72,35.76,34.5,34.55,61583733,JPM
2009-06-08,34.55,35.73,34.55,35.39,61615056,JPM
2009-06-09,35.72,35.78,35.09,35.26,58992208,JPM
2009-06-10,35.57,35.67,34.37,34.84,60184453,JPM
2009-06-11,35.07,35.87,34.54,34.94,66560832,JPM
2009-06-12,34.86,35.44,34.8,35.13,41164088,JPM
2009-06-15,34.88,35.04,33.93,34.0,55388457,JPM
2009-06-16,34.27,34.39,33.38,33.5,56343992,JPM
2009-06-17,33.43,33.52,32.18,32.73,65456581,JPM
2009-06-18,32.85,34.31,32.84,34.17,63861440,JPM
2009-06-19,34.65,35.12,33.79,35.0,77009068,JPM
2009-06-22,34.69,35.0,32.86,32.87,70393196,JPM
2009-06-23,33.11,34.09,32.92,33.57,59046541,JPM
2009-06-24,33.78,33.93,33.07,33.46,50434379,JPM
2009-06-25,33.48,34.18,32.81,34.14,57205700,JPM
2009-06-26,33.88,34.74,33.48,34.45,46722495,JPM
2009-06-29,34.55,34.7,34.04,34.6,34914745,JPM
2009-06-30,34.6,34.79,33.87,34.11,39470545,JPM
2009-07-01,34.27,34.57,33.65,33.77,36469546,JPM
2009-07-02,33.36,33.77,32.27,32.27,38352125,JPM
2009-07-06,32.03,32.6,31.59,32.6,60663968,JPM
2009-07-07,32.63,33.4,32.13,32.81,56704856,JPM
2009-07-08,32.93,33.49,31.79,32.71,71793375,JPM
2009-07-09,32.89,33.75,32.87,33.62,41655510,JPM
2009-07-10,33.31,33.67,32.21,32.34,51037374,JPM
2009-07-13,32.87,34.71,32.43,34.71,70454179,JPM
2009-07-14,34.53,35.09,34.06,34.7,52923968,JPM
2009-07-15,35.11,36.76,35.01,36.26,84050086,JPM
2009-07-16,35.5,36.41,35.22,36.13,71465077,JPM
2009-07-17,36.42,37.2,36.18,36.89,61742241,JPM
2009-07-20,37.02,37.44,36.59,36.98,43554314,JPM
2009-07-21,37.2,37.31,36.6,36.94,43518273,JPM
2009-07-22,36.4,37.33,36.21,36.83,40142736,JPM
2009-07-23,36.95,38.47,36.57,38.15,56536814,JPM
2009-07-24,38.05,38.25,37.4,37.92,35332169,JPM
2009-07-27,37.97,39.47,37.57,38.13,30491184,JPM
2009-07-28,37.74,38.2,37.65,38.08,29035833,JPM
2009-07-29,37.79,38.24,37.44,37.77,29934538,JPM
2009-07-30,38.13,39.28,37.9,38.47,38530922,JPM
2009-07-31,38.38,38.65,37.93,38.65,39089490,JPM
2009-08-03,39.12,39.75,38.99,39.6,42957720,JPM
2009-08-04,39.27,40.5,39.17,40.21,43363702,JPM
2009-08-05,40.34,42.2,40.26,41.78,63334044,JPM
2009-08-06,42.28,42.46,40.22,40.75,54179565,JPM
2009-08-07,41.28,43.13,41.18,42.36,65708212,JPM
2009-08-10,42.03,43.22,42.01,42.69,43700563,JPM
2009-08-11,42.28,42.51,40.94,41.24,50699345,JPM
2009-08-12,41.19,42.45,41.03,42.21,43077025,JPM
2009-08-13,42.73,43.0,41.81,42.9,40385253,JPM
2009-08-14,42.63,42.85,41.8,42.45,38421084,JPM
2009-08-17,41.21,41.58,40.71,40.73,39162727,JPM
2009-08-18,41.1,41.88,41.06,41.7,29053576,JPM
2009-08-19,41.15,41.9,41.0,41.41,29394042,JPM
2009-08-20,41.53,42.63,41.48,42.42,29639540,JPM
2009-08-21,42.86,43.81,42.53,43.66,42863592,JPM
2009-08-24,43.86,44.24,42.95,43.01,40385157,JPM
2009-08-25,43.39,44.14,43.3,43.58,34835645,JPM
2009-08-26,43.39,43.78,42.92,43.3,31908382,JPM
2009-08-27,43.05,43.63,42.54,43.45,28975656,JPM
2009-08-28,43.81,43.86,42.51,42.92,27269166,JPM
2009-08-31,42.44,43.6,42.06,43.46,32251026,JPM
2009-09-01,43.08,43.82,41.56,41.67,51475326,JPM
2009-09-02,41.51,42.11,40.75,40.86,35898406,JPM
2009-09-03,41.23,42.25,41.11,42.11,35027838,JPM
2009-09-04,42.33,42.49,41.79,42.34,21880108,JPM
2009-09-08,42.79,43.04,41.85,42.54,28095097,JPM
2009-09-09,42.6,43.07,42.39,42.86,29039213,JPM
2009-09-10,42.73,43.15,42.2,43.02,25116549,JPM
2009-09-11,43.13,43.39,42.48,42.5,27296355,JPM
2009-09-14,42.08,43.85,42.01,43.75,28950261,JPM
2009-09-15,43.61,44.2,42.55,43.19,49988798,JPM
2009-09-16,43.35,44.68,43.21,44.65,38721892,JPM
2009-09-17,44.29,45.11,44.2,44.96,35705665,JPM
2009-09-18,45.24,45.34,44.7,44.95,39498505,JPM
2009-09-21,44.54,44.8,44.22,44.55,24069997,JPM
2009-09-22,44.81,46.49,44.48,46.47,41157763,JPM
2009-09-23,46.4,46.5,44.98,45.06,34452363,JPM
2009-09-24,45.21,45.8,44.26,44.37,42231338,JPM
2009-09-25,44.15,44.28,43.34,43.65,31061279,JPM
2009-09-28,43.97,44.83,43.69,44.81,25826098,JPM
2009-09-29,44.89,45.2,44.43,44.88,23930572,JPM
2009-09-30,44.8,44.89,43.43,43.82,40903919,JPM
2009-10-01,43.4,43.56,41.36,41.37,50562654,JPM
2009-10-02,40.82,42.4,40.53,41.86,43062265,JPM
2009-10-05,42.48,43.93,42.35,43.8,34435384,JPM
2009-10-06,44.36,45.0,44.07,44.91,41705369,JPM
2009-10-07,44.6,45.82,44.46,45.7,36148666,JPM
2009-10-08,46.04,46.44,45.05,45.3,36627638,JPM
2009-10-09,45.46,45.94,45.08,45.85,26034139,JPM
2009-10-12,46.37,46.42,45.35,46.08,24220586,JPM
2009-10-13,45.65,46.03,44.53,45.66,45701829,JPM
2009-10-14,47.19,47.47,46.63,47.16,70368648,JPM
2009-10-15,46.36,47.32,46.36,47.16,36105927,JPM
2009-10-16,46.7,46.88,46.0,46.06,37458936,JPM
2009-10-19,46.42,46.43,45.45,45.98,30415394,JPM
2009-10-20,45.81,46.59,45.77,46.03,30618891,JPM
2009-10-21,46.02,46.42,44.65,44.65,32991511,JPM
2009-10-22,44.92,45.87,44.83,45.71,32398751,JPM
2009-10-23,45.7,46.2,44.96,45.23,27639458,JPM
2009-10-26,45.12,45.21,43.55,43.82,42085476,JPM
2009-10-27,43.99,44.66,43.67,43.9,38086396,JPM
2009-10-28,43.73,43.81,42.5,42.68,45679483,JPM
2009-10-29,43.22,44.4,42.76,44.35,35898513,JPM
2009-10-30,43.95,43.97,41.73,41.77,58854000,JPM
2009-11-02,42.18,42.85,41.52,42.58,44605534,JPM
2009-11-03,42.09,42.96,41.98,42.7,29387727,JPM
2009-11-04,43.21,43.69,42.12,42.21,42548722,JPM
2009-11-05,42.6,43.93,42.4,43.87,32893228,JPM
2009-11-06,43.14,43.69,42.91,43.48,27144928,JPM
2009-11-09,43.93,44.39,43.3,44.35,38845466,JPM
2009-11-10,44.14,44.32,43.55,44.17,30980178,JPM
2009-11-11,44.34,44.99,43.78,44.32,32674799,JPM
2009-11-12,44.08,44.65,43.0,43.3,34655349,JPM
2009-11-13,43.16,43.29,42.36,42.9,36655692,JPM
2009-11-16,43.25,43.61,42.76,43.04,43535612,JPM
2009-11-17,42.92,43.19,42.54,43.16,25859629,JPM
2009-11-18,43.14,43.5,42.94,43.38,20424210,JPM
2009-11-19,43.1,43.18,42.26,42.55,26883918,JPM
2009-11-20,42.47,42.74,42.15,42.46,25332416,JPM
2009-11-23,42.95,43.64,42.7,43.28,29810622,JPM
2009-11-24,43.26,43.28,42.24,42.48,31881742,JPM
2009-11-25,42.67,42.67,41.94,42.16,26131141,JPM
2009-11-27,40.98,41.9,40.75,41.33,26230027,JPM
2009-11-30,41.56,42.65,41.49,42.49,38240518,JPM
2009-12-01,42.61,42.71,41.62,42.22,39220175,JPM
2009-12-02,42.15,42.15,41.47,41.93,32519645,JPM
2009-12-03,42.3,43.09,41.31,41.4,53314360,JPM
2009-12-04,42.25,42.51,41.22,41.74,61490232,JPM
2009-12-07,41.63,41.96,41.06,41.25,32949544,JPM
2009-12-08,41.01,41.4,40.62,41.21,41878869,JPM
2009-12-09,41.25,41.51,40.6,41.19,42499728,JPM
2009-12-10,41.36,41.56,40.66,41.27,36382982,JPM
2009-12-11,40.99,41.25,40.75,40.96,46616055,JPM
2009-12-14,41.01,41.93,40.7,41.77,35340705,JPM
2009-12-15,41.5,41.7,40.62,40.86,40244302,JPM
2009-12-16,41.17,41.7,40.88,41.36,43565371,JPM
2009-12-17,41.06,41.12,40.19,40.27,44272761,JPM
2009-12-18,40.53,41.19,40.04,40.95,48127607,JPM
2009-12-21,41.55,42.24,41.5,41.9,35993643,JPM
2009-12-22,42.0,42.1,41.69,41.94,24762010,JPM
2009-12-23,41.84,41.94,41.45,41.56,24503542,JPM
2009-12-24,41.68,41.89,41.51,41.89,7956428,JPM
2009-12-28,41.85,42.13,41.56,41.72,13042291,JPM
2009-12-29,41.73,41.8,41.46,41.49,15595238,JPM
2009-12-30,41.27,41.62,41.23,41.53,15504194,JPM
2009-12-31,41.62,42.13,41.45,41.67,20143085,JPM
2010-01-04,41.79,42.99,41.67,42.85,35463337,JPM
2010-01-05,42.79,43.84,42.78,43.68,41214102,JPM
2010-01-06,43.45,44.09,43.31,43.92,27731250,JPM
2010-01-07,43.79,45.12,43.61,44.79,44864655,JPM
2010-01-08,44.37,44.7,44.08,44.68,33110028,JPM
2010-01-11,45.12,45.19,44.31,44.53,31878678,JPM
2010-01-12,43.99,44.15,42.94,43.49,47115058,JPM
2010-01-13,43.55,44.53,42.87,44.25,39621999,JPM
2010-01-14,44.2,44.79,44.1,44.69,38002376,JPM
2010-01-15,44.3,44.43,43.34,43.68,69741561,JPM
2010-01-19,43.4,43.75,42.9,43.28,41740210,JPM
2010-01-20,43.01,43.68,42.71,43.4,39938496,JPM
2010-01-21,43.04,43.15,40.32,40.54,137547671,JPM
2010-01-22,40.65,41.2,38.82,39.16,106634855,JPM
2010-01-25,39.76,39.89,38.84,39.21,56576846,JPM
2010-01-26,39.0,39.84,38.28,38.44,52975239,JPM
2010-01-27,38.35,39.49,38.07,39.33,66324094,JPM
2010-01-28,39.68,40.04,38.72,39.48,65073527,JPM
2010-01-29,39.65,39.85,38.8,38.94,53655197,JPM
2010-02-01,39.1,39.93,38.95,39.63,37408104,JPM
2010-02-02,39.8,40.68,39.7,40.55,46019130,JPM
2010-02-03,40.58,41.1,40.17,40.29,37377626,JPM
2010-02-04,39.79,39.92,38.35,38.35,57211784,JPM
2010-02-05,38.64,38.88,37.02,38.3,75224101,JPM
2010-02-08,38.29,38.29,37.32,37.7,58320908,JPM
2010-02-09,38.19,38.7,37.84,38.39,45179625,JPM
2010-02-10,38.64,39.5,38.52,38.87,39331732,JPM
2010-02-11,38.84,39.37,38.36,39.02,33839394,JPM
2010-02-12,38.67,39.18,38.36,38.95,38055699,JPM
2010-02-16,39.33,40.14,38.75,40.07,46425240,JPM
2010-02-17,40.26,40.45,39.76,40.04,34650608,JPM
2010-02-18,39.94,40.51,39.77,40.41,31809500,JPM
2010-02-19,40.11,40.7,39.9,40.03,40295882,JPM
2010-02-22,40.4,41.3,40.25,40.85,43898838,JPM
2010-02-23,40.9,41.25,39.76,39.88,52233021,JPM
2010-02-24,40.05,40.97,40.0,40.85,44653539,JPM
2010-02-25,40.16,40.69,39.7,40.64,46723714,JPM
2010-02-26,40.69,42.3,40.6,41.97,67703269,JPM
2010-03-01,42.03,42.18,41.41,41.83,34615966,JPM
2010-03-02,41.98,42.4,41.36,41.62,33898020,JPM
2010-03-03,41.65,42.06,41.34,41.53,27564966,JPM
2010-03-04,41.91,42.08,41.66,41.92,25459141,JPM
2010-03-05,42.32,42.87,42.19,42.81,34794216,JPM
2010-03-08,42.85,43.03,42.47,42.59,28530182,JPM
2010-03-09,42.39,42.82,42.05,42.42,37107038,JPM
2010-03-10,42.87,43.49,42.81,42.93,40903641,JPM
2010-03-11,42.91,43.2,42.8,43.18,30128568,JPM
2010-03-12,43.34,43.54,42.85,43.15,31371963,JPM
2010-03-15,42.92,43.21,42.6,43.07,29148177,JPM
2010-03-16,43.35,43.38,42.69,43.24,28553791,JPM
2010-03-17,43.31,44.11,43.26,43.79,32920479,JPM
2010-03-18,43.75,43.79,43.15,43.64,26012001,JPM
2010-03-19,43.72,43.89,43.13,43.45,37014305,JPM
2010-03-22,43.07,43.79,43.04,43.74,23257201,JPM
2010-03-23,43.85,44.74,43.78,44.58,33740085,JPM
2010-03-24,44.44,44.97,44.2,44.94,36058923,JPM
2010-03-25,44.98,46.05,44.89,44.94,45023892,JPM
2010-03-26,45.04,45.89,44.8,45.02,39731914,JPM
2010-03-29,45.25,45.38,44.46,44.86,30634312,JPM
2010-03-30,44.9,45.05,44.36,44.58,30297920,JPM
2010-03-31,44.31,45.0,44.25,44.75,39047962,JPM
2010-04-01,45.03,45.31,44.99,45.18,23901929,JPM
2010-04-05,45.28,45.4,44.79,45.34,21347908,JPM
2010-04-06,45.23,45.94,45.15,45.84,28197602,JPM
2010-04-07,45.83,46.05,45.02,45.32,28895465,JPM
2010-04-08,45.16,45.97,44.81,45.76,28875019,JPM
2010-04-09,45.88,46.22,45.45,45.98,22889920,JPM
2010-04-12,46.03,46.47,45.9,46.14,24645845,JPM
2010-04-13,46.04,46.38,45.85,45.87,27988833,JPM
2010-04-14,47.4,47.93,46.78,47.73,72533037,JPM
2010-04-15,47.65,48.2,47.49,47.81,45420967,JPM
2010-04-16,47.67,47.75,45.14,45.55,121206568,JPM
2010-04-19,45.23,45.7,44.59,45.39,72141899,JPM
2010-04-20,45.77,46.15,45.56,45.88,39314079,JPM
2010-04-21,46.04,46.39,45.0,45.35,46327728,JPM
2010-04-22,44.91,45.12,44.03,44.74,63176893,JPM
2010-04-23,44.73,45.07,44.25,44.94,32489174,JPM
2010-04-26,44.78,44.81,43.73,43.89,42889274,JPM
2010-04-27,43.48,44.37,42.3,42.41,66296077,JPM
2010-04-28,42.84,43.71,42.78,43.46,48583712,JPM
2010-04-29,43.89,44.33,43.6,44.0,36520241,JPM
2010-04-30,44.02,44.05,42.23,42.58,54121062,JPM
2010-05-03,42.97,43.73,42.89,43.53,31230804,JPM
2010-05-04,42.97,43.36,42.25,42.47,48990389,JPM
2010-05-05,42.11,43.37,41.62,42.63,43062032,JPM
2010-05-06,42.63,42.78,39.29,40.81,78223575,JPM
2010-05-07,41.03,41.84,39.78,40.76,72976271,JPM
2010-05-10,42.32,43.3,41.42,41.95,66578277,JPM
2010-05-11,41.46,42.55,41.15,41.55,50771328,JPM
2010-05-12,41.74,41.79,40.81,41.69,47704069,JPM
2010-05-13,41.44,41.6,40.78,40.81,35332112,JPM
2010-05-14,40.1,40.1,39.21,39.89,60719888,JPM
2010-05-17,39.93,40.04,38.77,39.84,56506878,JPM
2010-05-18,40.62,40.62,38.55,39.02,61746022,JPM
2010-05-19,38.54,39.66,38.52,39.38,64602620,JPM
2010-05-20,38.55,39.25,37.31,37.83,76565502,JPM
2010-05-21,37.02,40.16,37.02,40.05,89588793,JPM
2010-05-24,40.16,40.25,38.5,38.62,49242316,JPM
2010-05-25,37.67,39.01,37.35,38.94,66813670,JPM
2010-05-26,39.19,39.5,38.47,38.78,50722221,JPM
2010-05-27,39.58,40.49,39.4,40.42,44851607,JPM
2010-05-28,40.33,40.35,39.36,39.58,41252340,JPM
2010-06-01,39.32,39.96,38.5,38.54,37848559,JPM
2010-06-02,39.17,39.62,38.67,39.55,39618408,JPM
2010-06-03,39.86,39.94,38.62,39.1,30956959,JPM
2010-06-04,38.49,38.7,37.5,37.62,52868851,JPM
2010-06-07,37.79,38.13,36.66,36.72,44528215,JPM
2010-06-08,36.86,37.8,36.55,37.78,51017832,JPM
2010-06-09,38.15,38.16,37.01,37.12,42585909,JPM
2010-06-10,37.68,38.37,37.41,38.29,44302588,JPM
2010-06-11,37.79,38.17,37.52,38.09,31147584,JPM
2010-06-14,37.97,38.27,37.23,37.33,48662150,JPM
2010-06-15,37.55,38.28,37.26,38.25,45364115,JPM
2010-06-16,38.02,38.88,37.99,38.52,37220666,JPM
2010-06-17,38.6,38.9,37.92,38.44,34755040,JPM
2010-06-18,38.6,39.27,38.38,39.18,37270782,JPM
2010-06-21,39.55,39.78,38.66,38.87,33665045,JPM
2010-06-22,38.93,39.58,38.22,38.33,42253316,JPM
2010-06-23,38.29,39.11,38.02,38.89,45046088,JPM
2010-06-24,38.55,38.7,37.42,38.03,73853657,JPM
2010-06-25,38.78,39.6,38.28,39.44,70742457,JPM
2010-06-28,39.55,39.64,38.47,38.54,39968436,JPM
2010-06-29,37.91,37.91,36.88,37.06,56696705,JPM
2010-06-30,37.02,37.49,36.51,36.61,35336326,JPM
2010-07-01,36.54,36.69,35.16,36.08,56647119,JPM
2010-07-02,36.31,36.69,35.34,35.83,36802729,JPM
2010-07-06,36.69,36.88,35.86,36.33,35955358,JPM
2010-07-07,36.64,38.24,36.41,38.15,44604148,JPM
2010-07-08,38.78,38.82,37.15,38.16,41500800,JPM
2010-07-09,37.75,38.89,37.68,38.85,30427958,JPM
2010-07-12,38.86,39.34,38.6,39.19,25000377,JPM
2010-07-13,39.81,40.69,39.74,40.48,48564751,JPM
2010-07-14,40.15,40.38,39.84,40.35,37320546,JPM
2010-07-15,40.72,40.84,39.31,40.46,81876125,JPM
2010-07-16,40.28,40.35,38.86,39.0,58507329,JPM
2010-07-19,39.03,39.36,38.12,39.04,35404826,JPM
2010-07-20,38.32,39.64,38.28,39.63,43538936,JPM
2010-07-21,40.25,40.25,38.34,38.42,41115560,JPM
2010-07-22,38.96,39.6,38.73,39.35,35495970,JPM
2010-07-23,39.17,39.96,38.97,39.83,28240909,JPM
2010-07-26,39.8,40.36,39.5,40.33,27206928,JPM
2010-07-27,40.74,41.24,40.61,40.69,44872683,JPM
2010-07-28,40.44,40.9,40.15,40.32,23945338,JPM
2010-07-29,40.71,40.83,39.91,40.21,29010262,JPM
2010-07-30,39.72,40.69,39.72,40.28,26444862,JPM
2010-08-02,40.98,41.7,40.73,41.64,35566679,JPM
2010-08-03,41.5,41.65,40.87,41.08,29967837,JPM
2010-08-04,41.22,41.4,40.86,41.29,23079686,JPM
2010-08-05,40.97,41.43,40.94,41.27,19830561,JPM
2010-08-06,40.74,40.95,39.97,40.44,34906770,JPM
2010-08-09,40.55,40.56,39.66,39.82,37795886,JPM
2010-08-10,39.67,39.73,39.16,39.17,34166433,JPM
2010-08-11,38.65,38.78,37.75,37.77,46201524,JPM
2010-08-12,37.36,37.99,37.22,37.81,35387300,JPM
2010-08-13,37.8,38.04,37.5,37.5,24564012,JPM
2010-08-16,37.32,37.82,37.28,37.69,28334062,JPM
2010-08-17,37.97,38.07,37.4,37.48,33883767,JPM
2010-08-18,37.39,38.19,37.39,37.89,27046143,JPM
2010-08-19,37.66,37.97,37.0,37.07,35387240,JPM
2010-08-20,37.11,37.36,36.81,37.14,30866394,JPM
2010-08-23,37.21,37.41,36.84,36.88,29282753,JPM
2010-08-24,36.59,36.7,35.92,36.21,48721687,JPM
2010-08-25,35.95,36.44,35.67,36.23,36063111,JPM
2010-08-26,36.36,36.62,35.62,35.63,31884601,JPM
2010-08-27,35.87,36.69,35.55,36.6,38449040,JPM
2010-08-30,36.4,36.6,35.83,35.85,27306470,JPM
2010-08-31,35.94,36.64,35.73,36.26,35030536,JPM
2010-09-01,36.74,37.8,36.66,37.74,36770447,JPM
2010-09-02,37.84,38.2,37.49,38.16,31282882,JPM
2010-09-03,38.47,39.17,38.47,39.17,34135589,JPM
2010-09-07,38.73,38.84,38.22,38.28,31885417,JPM
2010-09-08,38.34,39.43,38.34,39.12,30780924,JPM
2010-09-09,39.93,40.32,39.12,40.1,33438796,JPM
2010-09-10,39.92,40.25,39.67,39.76,21932099,JPM
2010-09-13,40.64,41.47,40.64,41.12,41643163,JPM
2010-09-14,40.97,41.23,40.46,40.72,42754045,JPM
2010-09-15,40.51,41.14,40.34,40.98,25405325,JPM
2010-09-16,40.72,41.1,40.55,40.99,25207452,JPM
2010-09-17,41.03,41.08,39.99,40.06,45938293,JPM
2010-09-20,40.24,41.31,40.03,41.19,33380587,JPM
2010-09-21,41.31,41.5,40.47,40.59,33548811,JPM
2010-09-22,40.43,40.84,39.75,39.94,34546338,JPM
2010-09-23,39.63,39.7,38.99,39.1,33471068,JPM
2010-09-24,39.51,39.8,39.3,39.75,28855020,JPM
2010-09-27,39.54,39.67,39.01,39.08,25686177,JPM
2010-09-28,39.36,39.4,38.61,38.95,31442541,JPM
2010-09-29,38.79,38.88,38.06,38.41,40206962,JPM
2010-09-30,38.49,38.95,37.96,38.06,54893036,JPM
2010-10-01,38.34,39.09,38.29,38.81,38973702,JPM
2010-10-04,38.98,39.54,38.71,38.95,38886009,JPM
2010-10-05,39.36,39.82,39.07,39.64,42379484,JPM
2010-10-06,39.56,40.07,39.42,39.9,31559812,JPM
2010-10-07,40.11,40.32,39.2,39.52,26923896,JPM
2010-10-08,39.67,39.78,39.13,39.31,28178479,JPM
2010-10-11,39.52,39.91,39.4,39.73,24600980,JPM
2010-10-12,39.47,40.49,39.47,40.4,38798017,JPM
2010-10-13,40.66,40.72,39.58,39.84,69607657,JPM
2010-10-14,39.25,39.38,38.1,38.72,76504897,JPM
2010-10-15,38.87,38.94,36.54,37.15,142280325,JPM
2010-10-18,37.15,38.26,37.01,38.2,55116886,JPM
2010-10-19,37.9,38.65,37.5,37.69,70595070,JPM
2010-10-20,38.0,38.3,37.46,38.1,43497155,JPM
2010-10-21,38.19,38.4,36.21,37.7,38288399,JPM
2010-10-22,37.5,37.78,37.32,37.7,24882106,JPM
2010-10-25,37.97,38.07,37.0,37.07,37900828,JPM
2010-10-26,36.98,37.26,36.78,37.2,39195432,JPM
2010-10-27,37.06,37.63,37.0,37.54,30777415,JPM
2010-10-28,37.7,37.96,37.33,37.51,30614513,JPM
2010-10-29,37.45,37.74,37.32,37.63,19803213,JPM
2010-11-01,37.61,38.0,37.1,37.42,36941900,JPM
2010-11-02,37.53,37.57,36.83,36.96,39913036,JPM
2010-11-03,36.98,37.83,36.96,37.72,35299548,JPM
2010-11-04,38.14,39.85,37.86,39.8,77569302,JPM
2010-11-05,39.89,41.34,39.78,40.94,75684781,JPM
2010-11-08,40.86,41.2,40.21,40.51,32973223,JPM
2010-11-09,40.43,40.68,39.73,39.9,32800041,JPM
2010-11-10,39.87,40.64,39.59,40.62,35587826,JPM
2010-11-11,40.27,40.44,39.85,40.02,25506905,JPM
2010-11-12,39.86,40.26,39.38,39.61,33504792,JPM
2010-11-15,39.82,40.64,39.71,40.08,28772432,JPM
2010-11-16,39.74,39.97,39.04,39.61,46066475,JPM
2010-11-17,39.58,39.68,38.98,39.18,32027458,JPM
2010-11-18,39.57,40.0,39.36,39.66,30990277,JPM
2010-11-19,39.41,39.64,39.26,39.41,26541910,JPM
2010-11-22,39.06,39.1,38.21,38.51,33249487,JPM
2010-11-23,38.01,38.22,37.6,37.63,35340392,JPM
2010-11-24,37.83,38.24,37.59,38.16,24273037,JPM
2010-11-26,37.71,37.98,37.5,37.5,12819133,JPM
2010-11-29,37.47,38.09,37.11,37.91,30919207,JPM
2010-11-30,37.49,37.79,37.24,37.4,33716630,JPM
2010-12-01,37.95,38.19,37.65,38.15,33157135,JPM
2010-12-02,38.43,39.38,38.33,39.31,41525957,JPM
2010-12-03,39.07,39.67,38.7,39.61,30070142,JPM
2010-12-06,39.48,40.05,39.3,39.9,25364434,JPM
2010-12-07,40.35,40.46,39.24,39.25,40908155,JPM
2010-12-08,39.36,40.33,39.06,40.26,38115835,JPM
2010-12-09,40.67,41.1,40.57,40.81,43008294,JPM
2010-12-10,40.89,41.5,40.77,41.43,28451226,JPM
2010-12-13,41.57,41.99,41.16,41.51,35730371,JPM
2010-12-14,41.44,41.5,40.47,40.79,34010702,JPM
2010-12-15,40.73,41.0,40.06,40.21,30263996,JPM
2010-12-16,40.42,40.68,39.82,40.01,37123163,JPM
2010-12-17,40.06,40.07,39.53,39.67,52004796,JPM
2010-12-20,39.83,40.27,39.69,39.95,22978112,JPM
2010-12-21,40.16,41.24,39.98,41.0,30757752,JPM
2010-12-22,41.17,42.54,41.16,42.16,47286243,JPM
2010-12-23,42.15,42.27,41.82,42.08,18932006,JPM
2010-12-27,41.82,42.68,41.8,42.67,17208995,JPM
2010-12-28,42.7,43.12,42.47,42.61,20386551,JPM
2010-12-29,42.58,42.77,42.3,42.36,13637332,JPM
2010-12-30,42.31,42.47,42.05,42.23,12903320,JPM
2010-12-31,42.11,42.45,42.04,42.42,12202493,JPM
2011-01-03,43.0,44.04,42.96,43.58,43284100,JPM
2011-01-04,43.78,44.3,43.34,44.16,40036724,JPM
2011-01-05,43.92,44.95,43.9,44.7,50032460,JPM
2011-01-06,44.4,44.8,44.25,44.48,31615264,JPM
2011-01-07,44.54,44.59,42.64,43.64,69579337,JPM
2011-01-10,43.27,43.76,43.0,43.4,30098079,JPM
2011-01-11,43.7,44.02,43.42,43.6,28067052,JPM
2011-01-12,44.44,44.9,44.25,44.71,44304853,JPM
2011-01-13,44.94,44.97,44.17,44.45,42192795,JPM
2011-01-14,44.51,45.94,44.45,44.91,86983737,JPM
2011-01-18,45.02,45.42,44.5,44.75,46237632,JPM
2011-01-19,44.55,44.97,43.6,43.71,44989128,JPM
2011-01-20,43.83,44.99,43.61,44.75,46977665,JPM
2011-01-21,45.05,45.54,44.85,45.29,44767336,JPM
2011-01-24,45.21,45.48,44.86,45.02,27826781,JPM
2011-01-25,44.82,45.43,44.26,44.87,36022337,JPM
2011-01-26,45.2,45.48,44.87,44.98,25639361,JPM
2011-01-27,44.98,45.38,44.69,45.1,26740893,JPM
2011-01-28,45.05,45.88,44.4,44.54,38603129,JPM
2011-01-31,44.41,45.1,44.4,44.94,23574462,JPM
2011-02-01,45.2,46.0,45.16,45.93,28255494,JPM
2011-02-02,45.79,45.98,45.34,45.45,24104899,JPM
2011-02-03,45.48,45.75,44.84,45.46,23322381,JPM
2011-02-04,45.0,45.17,44.3,44.59,38172829,JPM
2011-02-07,44.75,45.75,44.65,45.5,36790834,JPM
2011-02-08,45.49,45.82,45.31,45.74,28649451,JPM
2011-02-09,45.36,45.5,44.65,45.11,33490937,JPM
2011-02-10,45.1,45.54,44.95,45.53,22688507,JPM
2011-02-11,45.4,46.89,45.4,46.57,40814416,JPM
2011-02-14,46.6,46.9,46.47,46.54,28699124,JPM
2011-02-15,46.56,47.34,46.54,46.82,35979863,JPM
2011-02-16,47.15,48.36,47.1,47.94,44327747,JPM
2011-02-17,47.77,47.99,47.5,47.82,22934972,JPM
2011-02-18,47.82,48.13,47.55,48.0,23852134,JPM
2011-02-22,47.2,47.27,45.85,46.01,44561836,JPM
2011-02-23,46.04,46.5,45.29,45.96,36266394,JPM
2011-02-24,45.63,46.06,45.21,45.91,31928879,JPM
2011-02-25,46.25,46.86,46.12,46.68,26783016,JPM
2011-02-28,46.81,47.18,46.42,46.69,25985944,JPM
2011-03-01,46.47,46.69,45.59,45.6,33685017,JPM
2011-03-02,45.39,45.97,45.07,45.21,28602007,JPM
2011-03-03,45.72,46.33,45.71,46.08,23045500,JPM
2011-03-04,45.98,46.04,45.1,45.52,27733362,JPM
2011-03-07,45.62,45.65,44.76,45.19,28122077,JPM
2011-03-08,45.38,46.69,45.3,46.4,32949342,JPM
2011-03-09,46.33,47.1,46.02,46.56,25179569,JPM
2011-03-10,46.08,46.25,45.26,45.53,33815387,JPM
2011-03-11,45.28,45.84,45.25,45.74,20347910,JPM
2011-03-14,45.42,45.54,44.63,45.3,24513339,JPM
2011-03-15,44.55,44.99,43.85,44.61,35632163,JPM
2011-03-16,44.64,44.78,43.66,43.81,41999205,JPM
2011-03-17,44.46,44.61,43.4,44.56,46752306,JPM
2011-03-18,45.24,46.18,44.75,45.74,77445705,JPM
2011-03-21,46.28,46.32,45.32,45.63,28998804,JPM
2011-03-22,45.66,45.71,45.35,45.47,19773155,JPM
2011-03-23,45.29,45.69,44.77,45.6,26695103,JPM
2011-03-24,45.7,45.84,45.09,45.73,21763428,JPM
2011-03-25,45.7,46.38,45.67,45.86,20728953,JPM
2011-03-28,46.1,46.5,45.95,45.96,19047618,JPM
2011-03-29,45.83,46.04,45.52,46.02,17916404,JPM
2011-03-30,46.53,46.85,46.22,46.45,26850725,JPM
2011-03-31,46.05,46.34,45.96,46.1,23491762,JPM
2011-04-01,46.55,46.88,46.18,46.35,25395781,JPM
2011-04-04,46.12,46.52,46.05,46.34,15710209,JPM
2011-04-05,46.17,46.77,46.05,46.58,21199013,JPM
2011-04-06,46.81,47.73,46.63,47.64,31212869,JPM
2011-04-07,47.64,47.8,46.96,47.4,29988334,JPM
2011-04-08,47.52,47.66,46.63,46.84,23827177,JPM
2011-04-11,47.0,47.27,46.75,46.86,25643410,JPM
2011-04-12,46.55,47.11,46.25,46.64,27275621,JPM
2011-04-13,47.24,47.37,45.88,46.25,55395689,JPM
2011-04-14,45.68,45.75,44.91,44.97,45218921,JPM
2011-04-15,45.24,45.37,44.83,44.89,32483879,JPM
2011-04-18,44.27,44.35,43.53,43.96,50974276,JPM
2011-04-19,44.26,44.71,43.76,44.65,26720104,JPM
2011-04-20,44.9,44.97,43.94,44.56,35566808,JPM
2011-04-21,44.68,44.84,44.12,44.68,24386589,JPM
2011-04-25,44.65,45.02,44.38,44.61,17360519,JPM
2011-04-26,44.85,45.43,44.61,45.12,25893126,JPM
2011-04-27,45.3,45.63,45.05,45.5,20852690,JPM
2011-04-28,45.61,45.93,45.41,45.85,19862755,JPM
2011-04-29,45.81,46.02,45.4,45.63,23363095,JPM
2011-05-02,45.94,45.99,45.11,45.18,25913966,JPM
2011-05-03,44.95,46.07,44.86,45.92,30039119,JPM
2011-05-04,45.98,46.04,45.28,45.5,22739271,JPM
2011-05-05,45.24,45.71,44.99,45.17,26165514,JPM
2011-05-06,45.47,45.71,44.76,45.04,26356067,JPM
2011-05-09,44.75,45.11,44.32,44.96,22475423,JPM
2011-05-10,45.06,45.5,44.98,45.16,20541125,JPM
2011-05-11,45.02,45.04,44.11,44.23,31528851,JPM
2011-05-12,44.1,44.33,43.55,44.09,29589929,JPM
2011-05-13,44.06,44.1,42.98,43.15,32878376,JPM
2011-05-16,42.97,43.48,42.72,42.88,34907303,JPM
2011-05-17,42.68,44.02,42.65,43.81,36333561,JPM
2011-05-18,43.72,44.24,43.41,44.08,24382933,JPM
2011-05-19,44.32,44.35,43.75,44.0,19539524,JPM
2011-05-20,43.83,44.09,43.09,43.13,29951525,JPM
2011-05-23,42.4,42.9,42.3,42.55,32316785,JPM
2011-05-24,42.77,42.92,41.69,42.34,39341319,JPM
2011-05-25,42.11,42.75,42.1,42.27,26510052,JPM
2011-05-26,42.12,42.59,42.1,42.45,21660730,JPM
2011-05-27,42.7,43.15,42.54,42.79,24748707,JPM
2011-05-31,43.24,43.38,42.77,43.24,28746221,JPM
2011-06-01,42.87,42.99,41.73,41.76,38634790,JPM
2011-06-02,41.93,42.2,40.83,41.61,45969424,JPM
2011-06-03,41.09,42.25,41.02,41.57,31837491,JPM
2011-06-06,41.1,41.24,40.37,40.53,40895852,JPM
2011-06-07,40.92,41.31,40.65,40.72,36342388,JPM
2011-06-08,40.58,41.07,40.2,40.39,38895183,JPM
2011-06-09,40.59,41.24,40.54,40.98,30084305,JPM
2011-06-10,40.59,41.5,40.1,41.05,48547057,JPM
2011-06-13,41.29,41.82,40.72,41.67,31768310,JPM
2011-06-14,42.13,42.44,41.48,41.6,32110148,JPM
2011-06-15,41.02,41.4,40.25,40.68,37337308,JPM
2011-06-16,40.63,40.71,39.7,40.36,50321135,JPM
2011-06-17,40.85,41.06,40.54,40.8,32023979,JPM
2011-06-20,40.5,40.81,40.12,40.48,21568823,JPM
2011-06-21,40.68,41.23,40.25,40.91,34244084,JPM
2011-06-22,40.67,41.53,40.48,40.69,27317060,JPM
2011-06-23,40.12,40.25,39.62,40.07,48316522,JPM
2011-06-24,40.05,40.18,39.44,39.49,36143032,JPM
2011-06-27,39.4,40.11,39.33,39.88,30639635,JPM
2011-06-28,40.07,40.07,39.24,39.54,41558662,JPM
2011-06-29,40.04,40.56,39.92,40.45,44783465,JPM
2011-06-30,40.72,41.07,40.37,40.94,28002025,JPM
2011-07-01,40.81,41.72,40.77,41.58,32136736,JPM
2011-07-05,41.51,41.51,40.97,41.03,23811209,JPM
2011-07-06,40.59,40.65,40.18,40.56,23868334,JPM
2011-07-07,41.19,41.79,41.1,41.32,28554303,JPM
2011-07-08,40.7,40.97,40.56,40.74,20682965,JPM
2011-07-11,40.19,40.22,39.29,39.43,38327919,JPM
2011-07-12,39.24,40.12,39.24,39.39,33808210,JPM
2011-07-13,39.67,40.37,39.41,39.62,34020567,JPM
2011-07-14,41.18,41.24,40.29,40.35,65336261,JPM
2011-07-15,40.61,40.75,39.5,39.98,46553295,JPM
2011-07-18,39.79,40.0,38.93,39.83,47604249,JPM
2011-07-19,39.92,40.49,39.71,40.39,34844494,JPM
2011-07-20,40.69,41.36,40.62,40.96,31250813,JPM
2011-07-21,41.57,42.55,41.23,42.29,45554055,JPM
2011-07-22,42.27,42.32,41.76,42.19,19986046,JPM
2011-07-25,41.52,41.91,41.29,41.69,22531003,JPM
2011-07-26,41.5,41.79,41.29,41.44,24354927,JPM
2011-07-27,41.2,41.4,40.59,40.67,32364601,JPM
2011-07-28,40.69,41.24,40.62,40.68,23370785,JPM
2011-07-29,40.24,40.75,39.9,40.45,37795986,JPM
2011-08-01,41.16,41.37,39.96,40.44,34042409,JPM
2011-08-02,40.1,40.38,39.84,39.84,42118933,JPM
2011-08-03,39.76,40.02,39.34,39.9,41110031,JPM
2011-08-04,39.31,39.59,37.82,37.92,59938092,JPM
2011-08-05,38.3,38.75,36.72,37.6,85512270,JPM
2011-08-08,36.23,37.72,33.69,34.06,132612617,JPM
2011-08-09,35.38,36.59,33.69,36.4,78985631,JPM
2011-08-10,35.52,35.85,33.98,34.37,83975624,JPM
2011-08-11,34.63,37.3,34.63,36.69,69583435,JPM
2011-08-12,37.14,37.85,35.58,35.91,44082499,JPM
2011-08-15,36.53,37.14,36.39,36.88,34830097,JPM
2011-08-16,36.27,36.57,35.77,36.03,42272563,JPM
2011-08-17,36.46,37.26,36.32,36.57,30131313,JPM
2011-08-18,35.27,35.47,34.5,35.19,57139173,JPM
2011-08-19,34.76,35.5,34.26,34.35,52962310,JPM
2011-08-22,35.12,35.18,33.35,33.41,50971319,JPM
2011-08-23,33.29,34.8,32.31,34.78,55809435,JPM
2011-08-24,34.82,36.01,34.68,35.83,41963837,JPM
2011-08-25,37.79,38.57,35.42,35.72,55387550,JPM
2011-08-26,35.28,36.48,34.82,36.21,35115667,JPM
2011-08-29,36.82,37.64,36.47,37.64,27945757,JPM
2011-08-30,37.4,37.72,36.75,37.06,28826266,JPM
2011-08-31,37.42,38.03,37.22,37.56,30051400,JPM
2011-09-01,37.62,37.82,36.29,36.3,36865259,JPM
2011-09-02,35.06,35.25,34.51,34.63,41677229,JPM
2011-09-06,33.11,33.5,32.78,33.44,57081174,JPM
2011-09-07,34.1,34.98,33.87,34.82,36145887,JPM
2011-09-08,34.44,34.91,33.44,33.51,44815207,JPM
2011-09-09,33.08,33.2,31.93,32.08,67195566,JPM
2011-09-12,31.35,32.42,31.21,32.42,53381750,JPM
2011-09-13,32.81,33.41,32.17,32.49,50142208,JPM
2011-09-14,32.73,33.19,31.86,32.8,44446740,JPM
2011-09-15,33.37,33.82,33.13,33.81,35848788,JPM
2011-09-16,34.05,34.27,33.02,33.43,52687591,JPM
2011-09-19,32.69,32.89,32.13,32.49,33160246,JPM
2011-09-20,32.77,32.8,32.24,32.25,34089368,JPM
2011-09-21,32.23,32.45,30.26,30.34,57429559,JPM
2011-09-22,29.35,29.63,28.53,29.27,86290439,JPM
2011-09-23,28.96,29.8,28.86,29.59,51731259,JPM
2011-09-26,30.06,31.81,29.96,31.65,58696019,JPM
2011-09-27,32.62,33.13,31.25,31.57,58242837,JPM
2011-09-28,31.62,32.0,30.42,30.47,38725834,JPM
2011-09-29,31.58,32.11,30.44,31.39,51015757,JPM
2011-09-30,30.74,30.95,30.11,30.12,42436947,JPM
2011-10-03,30.03,30.7,28.64,28.65,51002691,JPM
2011-10-04,28.25,30.43,27.85,30.26,69815353,JPM
2011-10-05,30.23,31.17,29.4,30.84,51117106,JPM
2011-10-06,30.71,32.46,30.42,32.38,53216608,JPM
2011-10-07,32.58,32.61,30.65,30.7,49326167,JPM
2011-10-10,31.6,32.32,31.58,32.3,37324743,JPM
2011-10-11,31.98,32.68,31.41,32.3,38169186,JPM
2011-10-12,32.76,33.87,32.69,33.2,55462460,JPM
2011-10-13,32.45,32.49,30.92,31.6,78838174,JPM
2011-10-14,31.87,32.32,31.4,31.89,51905068,JPM
2011-10-17,31.64,32.09,30.97,31.04,40869712,JPM
2011-10-18,31.36,33.42,31.14,32.87,64392307,JPM
2011-10-19,32.77,34.01,32.03,32.25,50121949,JPM
2011-10-20,32.32,33.19,31.67,33.13,41662534,JPM
2011-10-21,33.48,34.04,33.01,33.42,48445287,JPM
2011-10-24,33.61,34.69,33.57,34.57,45697155,JPM
2011-10-25,34.18,34.25,33.36,33.49,38683534,JPM
2011-10-26,34.11,34.41,33.5,34.18,36360840,JPM
2011-10-27,36.56,37.54,35.7,36.67,76482945,JPM
2011-10-28,36.61,36.98,36.19,36.69,39893754,JPM
2011-10-31,35.93,36.0,34.73,34.76,46438679,JPM
2011-11-01,32.47,33.64,31.84,32.71,74056271,JPM
2011-11-02,33.71,33.74,33.06,33.64,34342387,JPM
2011-11-03,34.12,34.52,32.84,34.38,40087752,JPM
2011-11-04,33.99,34.06,33.45,33.97,30867231,JPM
2011-11-07,34.03,34.34,33.71,34.24,25935525,JPM
2011-11-08,34.53,35.18,34.02,35.02,30194985,JPM
2011-11-09,33.84,33.98,32.38,32.54,53000040,JPM
2011-11-10,32.92,33.23,32.1,32.74,30431632,JPM
2011-11-11,33.28,33.85,33.02,33.28,29989577,JPM
2011-11-14,32.95,32.98,32.22,32.55,27596216,JPM
2011-11-15,32.09,33.11,32.08,32.7,31265984,JPM
2011-11-16,32.34,32.49,31.4,31.47,40761704,JPM
2011-11-17,31.4,31.5,30.34,30.49,55130024,JPM
2011-11-18,30.67,30.84,30.33,30.62,39033896,JPM
2011-11-21,30.02,30.19,29.6,29.91,39666395,JPM
2011-11-22,29.9,30.1,29.38,29.41,36466171,JPM
2011-11-23,29.11,29.15,28.33,28.38,44474351,JPM
2011-11-25,28.28,29.17,28.28,28.48,21423184,JPM
2011-11-28,29.71,30.07,28.82,29.16,45285387,JPM
2011-11-29,28.98,29.13,28.48,28.56,45104651,JPM
2011-11-30,30.15,31.0,29.8,30.97,61412527,JPM
2011-12-01,30.86,30.97,30.03,30.46,33189688,JPM
2011-12-02,30.88,33.27,30.81,32.33,90519608,JPM
2011-12-05,33.64,34.1,33.22,33.51,52216056,JPM
2011-12-06,33.26,33.58,32.68,33.23,38788222,JPM
2011-12-07,32.82,34.19,32.72,34.0,44722793,JPM
2011-12-08,33.55,33.7,32.08,32.22,47788873,JPM
2011-12-09,32.36,33.31,32.36,33.18,39106916,JPM
2011-12-12,32.55,32.6,31.76,32.04,35986439,JPM
2011-12-13,32.37,32.63,30.87,31.29,49484808,JPM
2011-12-14,30.88,31.94,30.83,31.51,41295653,JPM
2011-12-15,32.1,32.28,31.57,31.76,33457250,JPM
2011-12-16,32.16,32.6,31.81,31.89,52598292,JPM
2011-12-19,31.87,31.9,30.42,30.7,47388002,JPM
2011-12-20,31.4,32.44,31.24,32.21,49092903,JPM
2011-12-21,32.0,32.41,31.9,32.32,30898992,JPM
2011-12-22,32.69,33.55,32.54,33.45,35544903,JPM
2011-12-23,33.62,33.7,33.13,33.57,21962667,JPM
2011-12-27,33.22,33.69,33.03,33.03,16897090,JPM
2011-12-28,32.99,33.09,32.57,32.65,19248511,JPM
2011-12-29,32.71,33.52,32.71,33.42,19793016,JPM
2011-12-30,33.11,33.42,33.06,33.25,18199609,JPM
2012-01-03,34.06,35.19,34.01,34.98,44108273,JPM
2012-01-04,34.44,35.15,34.33,34.95,36576187,JPM
2012-01-05,34.71,35.92,34.4,35.68,38383814,JPM
2012-01-06,35.69,35.77,35.14,35.36,33162979,JPM
2012-01-09,35.44,35.68,34.99,35.3,23006529,JPM
2012-01-10,36.07,36.35,35.76,36.05,35982879,JPM
2012-01-11,35.8,36.74,35.66,36.66,29853149,JPM
2012-01-12,36.82,37.05,36.17,36.85,39420935,JPM
2012-01-13,35.26,35.92,35.13,35.92,61577062,JPM
2012-01-17,34.85,35.68,34.5,34.91,55119029,JPM
2012-01-18,34.54,36.68,34.53,36.54,55504941,JPM
2012-01-19,36.84,37.15,36.71,36.93,37001975,JPM
2012-01-20,36.78,37.4,36.62,37.36,34716500,JPM
2012-01-23,37.31,37.94,37.27,37.66,27500781,JPM
2012-01-24,37.18,37.89,36.8,37.66,25406126,JPM
2012-01-25,37.36,37.82,37.12,37.6,29863012,JPM
2012-01-26,37.88,38.1,37.25,37.49,33291241,JPM
2012-01-27,37.23,37.66,37.15,37.21,27674802,JPM
2012-01-30,36.66,37.17,36.36,37.01,24432067,JPM
2012-01-31,37.53,37.54,36.93,37.3,29658089,JPM
2012-02-01,37.89,38.03,37.5,37.6,41957763,JPM
2012-02-02,37.69,38.16,37.42,37.55,26786875,JPM
2012-02-03,38.27,38.5,38.05,38.28,41081315,JPM
2012-02-06,38.06,38.32,37.8,38.14,23108329,JPM
2012-02-07,37.86,38.12,37.7,37.87,21092892,JPM
2012-02-08,38.05,38.35,37.97,38.3,23258667,JPM
2012-02-09,38.6,38.68,37.84,37.86,28614498,JPM
2012-02-10,37.22,37.77,37.11,37.61,22624780,JPM
2012-02-13,38.08,38.34,37.61,38.3,24827981,JPM
2012-02-14,38.23,38.26,37.44,37.92,27039262,JPM
2012-02-15,38.08,38.4,37.31,37.4,26534874,JPM
2012-02-16,37.15,38.12,37.05,38.0,22141431,JPM
2012-02-17,38.6,38.64,38.23,38.47,28016341,JPM
2012-02-21,38.65,38.98,38.41,38.46,22807470,JPM
2012-02-22,38.3,38.39,37.9,38.07,23418176,JPM
2012-02-23,38.06,38.52,37.75,38.49,31363508,JPM
2012-02-24,38.66,38.68,38.19,38.28,17589412,JPM
2012-02-27,38.07,39.23,37.79,39.06,34036867,JPM
2012-02-28,39.13,39.55,38.85,39.21,37905499,JPM
2012-02-29,39.33,39.94,39.02,39.24,41187933,JPM
2012-03-01,39.51,40.45,39.47,40.37,44384544,JPM
2012-03-02,40.43,40.88,40.23,40.63,34897825,JPM
2012-03-05,40.7,40.71,40.0,40.4,30806826,JPM
2012-03-06,39.45,39.87,39.12,39.32,33930434,JPM
2012-03-07,39.46,40.06,39.38,39.95,22880868,JPM
2012-03-08,40.47,40.75,40.22,40.44,22060726,JPM
2012-03-09,40.75,41.44,40.5,41.03,33499779,JPM
2012-03-12,40.86,40.98,40.2,40.54,30763746,JPM
2012-03-13,41.02,43.73,40.82,43.39,77277594,JPM
2012-03-14,43.62,44.0,43.07,43.58,68028623,JPM
2012-03-15,43.64,44.92,42.93,44.7,57124817,JPM
2012-03-16,44.87,44.92,44.22,44.57,48844406,JPM
2012-03-19,44.44,45.35,44.21,45.0,41515244,JPM
2012-03-20,44.53,45.6,44.37,45.38,34798090,JPM
2012-03-21,45.53,45.67,44.86,45.12,27273648,JPM
2012-03-22,44.72,45.1,44.41,44.65,27461074,JPM
2012-03-23,44.45,45.25,44.44,45.16,30643963,JPM
2012-03-26,45.48,46.17,45.4,46.17,33530630,JPM
2012-03-27,45.92,46.49,45.83,45.89,33035556,JPM
2012-03-28,45.76,46.31,45.36,46.27,29763066,JPM
2012-03-29,45.92,46.02,42.63,45.67,32268866,JPM
2012-03-30,46.08,46.13,45.5,45.98,25945990,JPM
2012-04-02,45.75,46.35,45.46,46.13,27675928,JPM
2012-04-03,45.74,45.98,44.97,45.42,31036320,JPM
2012-04-04,44.68,44.86,43.96,44.41,41347710,JPM
2012-04-05,44.13,44.73,43.81,44.34,28834531,JPM
2012-04-09,43.19,44.28,43.07,43.89,29376366,JPM
2012-04-10,43.88,44.01,42.66,42.96,38845936,JPM
2012-04-11,43.59,44.21,43.57,44.01,32142163,JPM
2012-04-12,44.12,44.99,44.0,44.84,33631097,JPM
2012-04-13,44.95,44.95,43.06,43.21,58183898,JPM
2012-04-16,43.38,43.8,42.84,43.33,40388941,JPM
2012-04-17,43.69,44.0,43.16,43.9,26887901,JPM
2012-04-18,43.62,43.91,43.27,43.29,20244147,JPM
2012-04-19,43.44,43.69,42.77,43.22,25963308,JPM
2012-04-20,43.51,43.58,42.71,42.72,26184284,JPM
2012-04-23,41.92,42.96,41.8,42.85,25538094,JPM
2012-04-24,42.98,43.31,42.81,43.28,21420339,JPM
2012-04-25,43.65,43.89,42.98,43.16,31694004,JPM
2012-04-26,43.22,43.89,43.06,43.8,28101552,JPM
2012-04-27,43.94,43.99,43.23,43.34,24285744,JPM
2012-04-30,43.33,43.37,42.54,42.98,23521663,JPM
2012-05-01,43.0,44.24,42.96,43.79,26364545,JPM
2012-05-02,43.46,43.53,42.84,43.2,22462824,JPM
2012-05-03,43.38,43.39,42.67,43.01,19536754,JPM
2012-05-04,42.33,42.68,41.71,41.75,31289431,JPM
2012-05-07,41.43,42.4,41.37,41.78,25910034,JPM
2012-05-08,41.5,41.84,40.95,41.38,28051620,JPM
2012-05-09,40.72,41.02,40.12,40.64,38775560,JPM
2012-05-10,41.23,41.4,40.54,40.74,35827257,JPM
2012-05-11,37.14,37.99,36.62,36.96,217294160,JPM
2012-05-14,36.1,36.47,35.76,35.79,96488404,JPM
2012-05-15,36.19,37.27,36.12,36.24,89903651,JPM
2012-05-16,36.79,36.98,35.46,35.46,68729813,JPM
2012-05-17,35.04,35.1,33.88,33.93,95429256,JPM
2012-05-18,33.99,33.99,32.97,33.49,82655364,JPM
2012-05-21,33.52,33.71,32.26,32.51,99557353,JPM
2012-05-22,33.32,34.58,32.99,34.01,84720953,JPM
2012-05-23,33.62,34.42,33.21,34.26,52512858,JPM
2012-05-24,34.44,34.48,33.62,33.97,37846025,JPM
2012-05-25,34.0,34.13,33.29,33.5,28803487,JPM
2012-05-29,33.98,34.0,33.36,33.63,35858078,JPM
2012-05-30,33.3,33.44,32.95,32.96,34203559,JPM
2012-05-31,32.96,33.47,32.91,33.15,42126257,JPM
2012-06-01,32.41,32.65,31.77,31.93,50473313,JPM
2012-06-04,32.16,32.17,30.83,31.0,60495394,JPM
2012-06-05,30.89,32.13,30.86,31.99,46502750,JPM
2012-06-06,32.71,33.31,32.0,33.07,47980479,JPM
2012-06-07,33.77,33.83,32.8,32.81,53888894,JPM
2012-06-08,32.77,33.68,32.55,33.68,34243468,JPM
2012-06-11,34.37,34.44,32.78,32.82,46404807,JPM
2012-06-12,32.88,33.78,32.51,33.77,43334359,JPM
2012-06-13,33.69,35.07,33.63,34.3,72456524,JPM
2012-06-14,34.41,34.89,34.07,34.65,44428016,JPM
2012-06-15,34.89,35.07,34.41,35.03,40920716,JPM
2012-06-18,34.71,35.3,34.5,34.62,31084454,JPM
2012-06-19,34.99,35.63,34.73,35.38,32488936,JPM
2012-06-20,36.03,36.94,35.83,36.45,61149759,JPM
2012-06-21,36.49,37.03,35.43,35.51,95637185,JPM
2012-06-22,36.02,36.49,35.96,35.99,44203816,JPM
2012-06-25,35.26,35.47,34.64,35.32,33115794,JPM
2012-06-26,36.06,36.12,35.58,35.71,35058728,JPM
2012-06-27,35.64,36.82,35.5,36.78,34156770,JPM
2012-06-28,35.32,35.93,34.85,35.88,69904866,JPM
2012-06-29,36.7,36.8,35.25,35.73,56063666,JPM
2012-07-02,36.27,36.36,35.59,36.28,34281571,JPM
2012-07-03,35.96,36.14,35.54,35.88,26705915,JPM
2012-07-05,35.61,35.66,34.22,34.38,58529307,JPM
2012-07-06,33.92,34.12,33.73,33.9,32057669,JPM
2012-07-09,33.81,34.12,33.54,33.96,30544925,JPM
2012-07-10,34.22,34.45,33.81,34.25,33175467,JPM
2012-07-11,34.21,34.8,34.12,34.59,35144270,JPM
2012-07-12,34.33,34.57,33.94,34.04,39301433,JPM
2012-07-13,35.06,36.2,34.86,36.07,83001210,JPM
2012-07-16,35.76,35.85,34.73,35.09,52368297,JPM
2012-07-17,35.44,35.48,34.27,34.99,43998207,JPM
2012-07-18,34.75,35.23,34.65,34.96,28948255,JPM
2012-07-19,35.02,35.17,34.31,34.46,34390711,JPM
2012-07-20,34.05,34.13,33.9,33.9,36301590,JPM
2012-07-23,33.24,34.5,33.1,34.44,41248260,JPM
2012-07-24,34.58,34.89,34.22,34.73,29929501,JPM
2012-07-25,34.98,35.45,34.79,35.17,32129081,JPM
2012-07-26,35.78,35.94,35.34,35.81,28903218,JPM
2012-07-27,36.01,37.2,35.51,36.89,63640527,JPM
2012-07-30,36.5,36.52,35.94,36.14,30701699,JPM
2012-07-31,36.11,36.33,35.91,36.0,19686716,JPM
2012-08-01,36.19,36.4,35.82,36.0,22184446,JPM
2012-08-02,35.62,35.84,34.76,35.17,36677078,JPM
2012-08-03,35.82,36.29,35.5,36.09,24516267,JPM
2012-08-06,36.24,36.8,36.11,36.3,18979186,JPM
2012-08-07,36.57,37.87,36.57,37.01,37225761,JPM
2012-08-08,36.85,37.48,36.75,37.16,18677116,JPM
2012-08-09,36.72,37.26,36.59,36.92,23408157,JPM
2012-08-10,36.76,37.0,36.4,36.97,15492665,JPM
2012-08-13,36.87,37.09,36.64,36.99,14457113,JPM
2012-08-14,37.42,37.64,36.98,37.1,18068149,JPM
2012-08-15,37.07,37.41,36.95,37.07,17525863,JPM
2012-08-16,37.18,37.35,36.8,37.1,15895973,JPM
2012-08-17,37.2,37.2,36.8,36.98,17080761,JPM
2012-08-20,36.92,37.5,36.8,37.37,17926581,JPM
2012-08-21,37.63,38.86,37.56,38.04,36887510,JPM
2012-08-22,37.88,38.18,37.56,37.83,16902860,JPM
2012-08-23,37.81,37.89,37.2,37.23,16431048,JPM
2012-08-24,36.94,37.44,36.67,37.17,20021563,JPM
2012-08-27,37.31,37.44,36.9,37.23,17619128,JPM
2012-08-28,37.1,37.49,36.9,37.13,18053276,JPM
2012-08-29,37.32,37.49,37.06,37.3,13688324,JPM
2012-08-30,37.06,37.13,36.71,36.9,13701589,JPM
2012-08-31,37.14,37.4,36.86,37.14,16775701,JPM
2012-09-04,36.98,37.24,36.78,37.01,13634888,JPM
2012-09-05,37.08,37.29,36.94,37.11,13538409,JPM
2012-09-06,37.58,38.87,37.5,38.69,41356607,JPM
2012-09-07,39.04,39.53,39.0,39.3,28087896,JPM
2012-09-10,39.23,39.78,38.73,38.76,20858745,JPM
2012-09-11,38.8,39.63,38.73,39.6,22380345,JPM
2012-09-12,39.88,40.25,39.78,39.92,29883726,JPM
2012-09-13,39.84,41.58,39.59,41.4,47020628,JPM
2012-09-14,41.96,42.09,41.23,41.57,43477367,JPM
2012-09-17,41.0,41.44,40.95,41.19,19741058,JPM
2012-09-18,41.05,41.33,40.66,41.26,25189352,JPM
2012-09-19,41.33,41.76,41.04,41.34,22887181,JPM
2012-09-20,40.96,41.28,40.55,41.25,20998581,JPM
2012-09-21,41.53,41.7,40.77,40.88,28299063,JPM
2012-09-24,40.61,41.47,40.59,41.23,20504116,JPM
2012-09-25,41.55,41.55,40.53,40.55,21991228,JPM
2012-09-26,40.15,40.62,39.7,40.24,23785658,JPM
2012-09-27,40.4,40.99,40.21,40.68,20843887,JPM
2012-09-28,40.42,40.63,40.16,40.48,21382009,JPM
2012-10-01,40.88,41.5,40.8,40.97,21957111,JPM
2012-10-02,41.14,41.24,40.56,40.92,26946068,JPM
2012-10-03,40.83,41.0,40.42,40.86,22421111,JPM
2012-10-04,41.16,41.99,40.91,41.82,24334091,JPM
2012-10-05,42.04,42.44,41.46,41.71,22777435,JPM
2012-10-08,41.33,41.84,41.11,41.66,18635403,JPM
2012-10-09,41.77,41.95,41.3,41.38,19956705,JPM
2012-10-10,41.55,42.0,41.33,41.77,25803795,JPM
2012-10-11,42.37,42.64,41.85,42.1,27755002,JPM
2012-10-12,41.6,42.43,41.15,41.62,44570634,JPM
2012-10-15,41.91,42.41,41.73,42.38,26277471,JPM
2012-10-16,42.79,43.11,42.27,42.83,28594052,JPM
2012-10-17,42.93,43.54,42.77,43.32,26180558,JPM
2012-10-18,43.09,43.35,42.75,43.01,23633913,JPM
2012-10-19,42.8,42.82,42.06,42.32,29748466,JPM
2012-10-22,42.25,42.52,41.5,42.09,27996092,JPM
2012-10-23,41.47,41.74,41.05,41.33,22897318,JPM
2012-10-24,41.68,41.88,41.34,41.71,18919320,JPM
2012-10-25,42.24,42.28,41.4,41.67,17311695,JPM
2012-10-26,41.42,41.66,40.87,41.16,21893909,JPM
2012-10-31,41.45,41.79,41.15,41.68,19428720,JPM
2012-11-01,41.7,42.9,41.58,42.84,23328281,JPM
2012-11-02,43.04,43.07,42.33,42.42,17029679,JPM
2012-11-05,42.33,42.36,41.86,42.27,13253683,JPM
2012-11-06,42.57,43.05,42.41,42.88,17196716,JPM
2012-11-07,42.01,42.01,40.31,40.48,47631169,JPM
2012-11-08,41.28,41.5,40.4,40.4,27830997,JPM
2012-11-09,40.31,41.23,39.86,40.62,27559061,JPM
2012-11-12,40.85,40.91,40.3,40.58,12820369,JPM
2012-11-13,40.18,40.52,40.0,40.04,19799080,JPM
2012-11-14,40.21,40.37,39.13,39.29,30995630,JPM
2012-11-15,39.06,39.72,38.97,39.39,24859853,JPM
2012-11-16,39.43,39.67,38.83,39.53,32462098,JPM
2012-11-19,40.09,40.7,40.09,40.59,26784470,JPM
2012-11-20,40.33,41.18,40.25,40.7,19379181,JPM
2012-11-21,40.94,40.98,40.35,40.73,13035979,JPM
2012-11-23,41.1,41.22,40.97,41.09,8316667,JPM
2012-11-26,40.79,40.88,40.09,40.88,20376505,JPM
2012-11-27,40.87,41.2,40.64,40.75,19876930,JPM
2012-11-28,40.49,40.88,39.88,40.83,26112040,JPM
2012-11-29,41.15,41.35,40.91,41.22,18910626,JPM
2012-11-30,40.99,41.34,40.85,41.08,20081805,JPM
2012-12-03,41.27,41.37,40.75,40.81,18965875,JPM
2012-12-04,40.78,40.92,40.2,40.57,24036982,JPM
2012-12-05,40.69,41.49,40.5,41.2,25515569,JPM
2012-12-06,41.25,41.55,41.11,41.47,20541648,JPM
2012-12-07,41.84,42.57,41.73,42.56,34559111,JPM
2012-12-10,42.54,42.67,42.01,42.31,22397285,JPM
2012-12-11,42.6,43.09,42.42,42.64,21959925,JPM
2012-12-12,43.0,43.38,42.7,42.77,23110567,JPM
2012-12-13,42.65,42.92,42.5,42.78,18461750,JPM
2012-12-14,42.77,43.11,42.71,42.81,16208762,JPM
2012-12-17,43.0,43.51,42.81,43.48,23889797,JPM
2012-12-18,43.83,43.94,43.31,43.87,33867674,JPM
2012-12-19,43.99,44.39,43.42,43.53,34352174,JPM
2012-12-20,43.69,44.54,43.41,44.53,25016763,JPM
2012-12-21,43.82,44.2,43.34,44.0,38986323,JPM
2012-12-24,43.72,44.02,43.71,43.92,8622420,JPM
2012-12-26,43.95,44.18,43.72,43.96,11499413,JPM
2012-12-27,43.96,44.02,42.9,43.63,19566946,JPM
2012-12-28,43.1,43.69,43.09,43.24,15403478,JPM
2012-12-31,43.1,44.0,43.05,43.97,24213813,JPM
2013-01-02,44.98,45.0,44.22,44.66,31421123,JPM
2013-01-03,44.74,44.75,44.2,44.57,24228885,JPM
2013-01-04,44.45,45.43,44.44,45.36,24491604,JPM
2013-01-07,45.09,45.48,45.02,45.41,24457249,JPM
2013-01-08,45.4,45.5,44.96,45.5,19625226,JPM
2013-01-09,45.56,46.2,45.14,45.47,25923639,JPM
2013-01-10,45.89,46.16,45.53,46.15,23420153,JPM
2013-01-11,45.97,46.15,45.47,46.14,19723892,JPM
2013-01-14,45.89,46.18,45.48,45.88,19079465,JPM
2013-01-15,45.49,46.47,45.35,46.35,29905738,JPM
2013-01-16,45.91,46.83,45.57,46.82,43459526,JPM
2013-01-17,46.4,46.87,46.29,46.44,41097680,JPM
2013-01-18,46.38,46.6,46.18,46.46,28694707,JPM
2013-01-22,46.25,46.55,46.13,46.54,24259226,JPM
2013-01-23,46.23,46.44,45.92,46.23,19112157,JPM
2013-01-24,46.24,46.8,46.08,46.37,20017415,JPM
2013-01-25,46.74,47.16,46.6,47.16,26014637,JPM
2013-01-28,46.84,47.0,46.48,46.64,19708169,JPM
2013-01-29,46.28,47.16,46.25,47.12,19910343,JPM
2013-01-30,47.04,47.35,46.96,47.13,18636633,JPM
2013-01-31,47.01,47.22,46.88,47.05,19541263,JPM
2013-02-01,47.4,48.0,47.21,47.85,24527532,JPM
2013-02-04,47.54,47.81,47.38,47.68,20828175,JPM
2013-02-05,47.94,48.8,47.93,48.79,28068446,JPM
2013-02-06,48.42,48.83,48.32,48.61,28286377,JPM
2013-02-07,48.65,48.75,47.9,48.23,21432016,JPM
2013-02-08,48.33,48.69,48.26,48.63,15219612,JPM
2013-02-11,48.51,48.9,48.38,48.66,13937728,JPM
2013-02-12,48.8,49.31,48.6,49.14,16393466,JPM
2013-02-13,49.35,49.45,48.5,48.68,21637319,JPM
2013-02-14,48.4,49.29,48.37,49.22,18020155,JPM
2013-02-15,49.35,49.46,48.57,48.88,20016541,JPM
2013-02-19,49.12,49.68,49.12,49.45,20450050,JPM
2013-02-20,49.35,49.54,48.36,48.61,24789397,JPM
2013-02-21,48.41,48.45,47.83,48.25,24445078,JPM
2013-02-22,48.63,48.91,48.41,48.91,23586192,JPM
2013-02-25,49.1,49.2,47.65,47.7,32776345,JPM
2013-02-26,48.22,48.26,46.85,47.6,39407782,JPM
2013-02-27,47.85,49.4,47.76,49.28,31932363,JPM
2013-02-28,49.16,49.55,48.75,48.92,24718064,JPM
2013-03-01,48.6,49.42,48.37,48.91,25925897,JPM
2013-03-04,48.73,49.14,48.33,49.1,17698510,JPM
2013-03-05,49.49,50.11,49.31,49.49,25565033,JPM
2013-03-06,49.88,50.19,49.62,50.03,19611229,JPM
2013-03-07,50.05,50.86,50.01,50.63,24252643,JPM
2013-03-08,50.59,50.85,49.61,50.2,32726854,JPM
2013-03-11,50.23,50.77,49.91,50.48,19473159,JPM
2013-03-12,50.35,50.67,50.05,50.28,18006118,JPM
2013-03-13,50.29,50.43,50.11,50.16,16686257,JPM
2013-03-14,50.25,51.0,50.19,51.0,26380348,JPM
2013-03-15,49.97,50.29,49.15,50.02,60908739,JPM
2013-03-18,49.19,49.66,48.95,49.51,28017768,JPM
2013-03-19,49.65,49.99,48.68,49.2,24418504,JPM
2013-03-20,49.57,49.64,49.04,49.12,19388482,JPM
2013-03-21,48.79,49.23,48.35,48.35,23543287,JPM
2013-03-22,48.63,49.0,48.34,48.78,22799985,JPM
2013-03-25,49.04,49.32,48.16,48.52,23582710,JPM
2013-03-26,48.74,48.97,48.32,48.64,16420085,JPM
2013-03-27,48.2,48.31,47.56,47.77,26534597,JPM
2013-03-28,47.84,47.93,47.28,47.46,27519846,JPM
2013-04-01,47.55,47.99,47.49,47.83,17449299,JPM
2013-04-02,48.01,48.38,47.88,48.28,17276418,JPM
2013-04-03,48.03,48.07,46.53,46.85,33475105,JPM
2013-04-04,46.96,47.54,46.9,47.49,21516666,JPM
2013-04-05,46.79,48.04,46.75,47.91,22964186,JPM
2013-04-08,47.9,48.59,47.59,48.58,18675807,JPM
2013-04-09,48.74,48.96,48.46,48.68,20066632,JPM
2013-04-10,48.94,49.56,48.88,49.25,20389881,JPM
2013-04-11,49.21,49.6,48.83,49.31,22584616,JPM
2013-04-12,48.9,49.58,48.45,49.01,37808388,JPM
2013-04-15,48.39,49.34,47.9,47.93,31528338,JPM
2013-04-16,48.43,48.52,47.59,48.49,23866838,JPM
2013-04-17,48.11,48.18,46.38,46.79,43473273,JPM
2013-04-18,46.8,47.33,46.05,46.64,26106845,JPM
2013-04-19,47.15,47.36,46.7,47.23,19753205,JPM
2013-04-22,47.4,47.49,46.87,47.35,15232043,JPM
2013-04-23,47.68,48.24,47.39,48.17,20568406,JPM
2013-04-24,48.32,48.92,48.16,48.72,16462785,JPM
2013-04-25,49.02,49.63,48.89,49.0,19063807,JPM
2013-04-26,48.86,49.09,48.61,48.88,13931035,JPM
2013-04-29,49.08,49.1,48.65,48.92,13498061,JPM
2013-04-30,48.96,49.25,48.72,49.01,13805540,JPM
2013-05-01,48.76,48.91,47.85,48.01,17687511,JPM
2013-05-02,48.25,48.25,47.71,48.08,15529736,JPM
2013-05-03,48.63,48.7,46.98,47.57,43273931,JPM
2013-05-06,47.71,48.39,47.57,48.18,20830656,JPM
2013-05-07,48.57,49.39,48.26,49.14,24291602,JPM
2013-05-08,49.22,49.99,49.11,49.76,23565162,JPM
2013-05-09,49.7,49.81,48.92,49.04,18103144,JPM
2013-05-10,49.05,49.23,48.64,48.96,16200456,JPM
2013-05-13,48.84,49.7,48.61,49.67,23987718,JPM
2013-05-14,49.77,50.42,49.66,50.23,24190788,JPM
2013-05-15,50.2,51.43,50.15,51.09,27470078,JPM
2013-05-16,50.87,51.66,50.84,50.97,21391585,JPM
2013-05-17,51.26,52.33,51.25,52.3,26095658,JPM
2013-05-20,52.28,52.63,51.91,52.29,22020134,JPM
2013-05-21,52.53,53.67,52.45,53.02,37122039,JPM
2013-05-22,53.43,54.96,53.29,53.63,46975855,JPM
2013-05-23,52.82,53.79,52.66,53.35,25299869,JPM
2013-05-24,52.9,53.66,52.72,53.66,18343221,JPM
2013-05-28,54.56,54.65,54.02,54.6,27168406,JPM
2013-05-29,54.09,54.96,53.91,54.67,20484210,JPM
2013-05-30,54.6,55.9,54.53,55.62,24890794,JPM
2013-05-31,55.71,55.83,54.59,54.59,24996488,JPM
2013-06-03,54.6,54.86,53.04,54.49,28284621,JPM
2013-06-04,54.54,55.39,53.87,54.04,22024367,JPM
2013-06-05,53.78,54.27,52.7,53.03,24329847,JPM
2013-06-06,52.84,53.52,52.27,53.5,23946336,JPM
2013-06-07,53.77,54.48,53.41,54.27,21692593,JPM
2013-06-10,54.64,54.84,54.02,54.36,16007865,JPM
2013-06-11,53.46,54.05,53.11,53.49,17570146,JPM
2013-06-12,53.9,54.1,52.96,53.18,18481270,JPM
2013-06-13,53.0,54.24,52.97,54.17,17090655,JPM
2013-06-14,54.04,54.13,52.91,53.13,17097632,JPM
2013-06-17,53.7,54.26,53.54,53.85,16857603,JPM
2013-06-18,54.03,54.27,53.72,54.11,13261393,JPM
2013-06-19,53.99,54.51,53.52,53.55,20848948,JPM
2013-06-20,53.08,53.18,52.27,52.48,31868373,JPM
2013-06-21,52.96,52.98,51.69,51.96,44415245,JPM
2013-06-24,50.88,51.45,50.11,50.92,30736424,JPM
2013-06-25,51.51,52.56,51.51,52.08,20954482,JPM
2013-06-26,52.65,52.8,51.88,52.5,19333681,JPM
2013-06-27,53.03,53.49,52.88,53.15,17094917,JPM
2013-06-28,53.12,53.13,52.58,52.79,18264399,JPM
2013-07-01,53.22,53.63,52.43,52.49,23522935,JPM
2013-07-02,52.57,53.53,52.12,52.8,23945834,JPM
2013-07-03,52.31,52.81,52.21,52.77,10443381,JPM
2013-07-05,53.36,54.0,53.11,53.99,17077144,JPM
2013-07-08,54.54,54.91,54.05,54.7,21789640,JPM
2013-07-09,55.07,55.17,54.19,54.89,20515315,JPM
2013-07-10,54.77,55.15,54.44,54.83,16915573,JPM
2013-07-11,55.84,55.87,54.55,55.14,21322522,JPM
2013-07-12,55.51,55.85,54.75,54.97,32571799,JPM
2013-07-15,55.49,55.5,54.6,54.89,28300795,JPM
2013-07-16,54.9,55.41,54.78,55.01,19224790,JPM
2013-07-17,55.05,55.58,54.84,55.27,19171393,JPM
2013-07-18,55.51,56.53,55.49,56.37,24567458,JPM
2013-07-19,56.51,56.56,55.91,56.16,17764823,JPM
2013-07-22,56.17,56.67,55.95,56.56,16003738,JPM
2013-07-23,56.72,56.89,56.48,56.67,10579046,JPM
2013-07-24,56.92,56.93,56.38,56.63,16666802,JPM
2013-07-25,56.45,56.5,55.89,56.5,13875417,JPM
2013-07-26,56.06,56.22,55.6,56.05,16767435,JPM
2013-07-29,55.98,56.0,55.38,55.69,10057579,JPM
2013-07-30,55.87,56.0,55.08,55.33,14210071,JPM
2013-07-31,55.58,56.27,55.51,55.73,19409613,JPM
2013-08-01,56.36,56.78,56.2,56.54,15979674,JPM
2013-08-02,56.27,56.52,56.01,56.49,11009689,JPM
2013-08-05,56.33,56.58,56.01,56.1,9377651,JPM
2013-08-06,55.99,56.1,55.31,55.49,10589217,JPM
2013-08-07,55.06,55.47,54.78,55.3,12828764,JPM
2013-08-08,55.42,55.73,54.12,54.83,18589565,JPM
2013-08-09,54.69,55.15,54.33,54.52,12657547,JPM
2013-08-12,54.04,54.32,53.68,54.09,15133367,JPM
2013-08-13,54.22,54.7,53.6,54.29,15082231,JPM
2013-08-14,54.33,54.85,54.0,54.15,15792655,JPM
2013-08-15,53.52,53.68,52.89,53.29,16933185,JPM
2013-08-16,53.07,53.78,53.07,53.29,17141448,JPM
2013-08-19,52.89,52.95,51.8,51.83,22793513,JPM
2013-08-20,51.78,52.36,50.66,52.12,18701423,JPM
2013-08-21,51.92,52.22,51.28,51.63,17138265,JPM
2013-08-22,52.0,52.66,51.93,52.21,14660232,JPM
2013-08-23,52.27,52.42,51.9,52.32,11126713,JPM
2013-08-26,52.16,52.54,51.79,51.8,16549623,JPM
2013-08-27,51.02,51.55,50.55,50.6,23606736,JPM
2013-08-28,50.33,51.05,50.13,50.58,18753074,JPM
2013-08-29,50.59,51.18,50.45,50.7,13581495,JPM
2013-08-30,50.82,50.83,50.29,50.53,15871865,JPM
2013-09-03,51.25,51.72,50.83,51.13,15278128,JPM
2013-09-04,51.16,52.1,50.93,51.87,19931752,JPM
2013-09-05,52.03,52.52,51.91,52.11,13916586,JPM
2013-09-06,52.41,52.71,51.28,52.56,22343319,JPM
2013-09-09,52.78,53.19,52.52,52.86,19936338,JPM
2013-09-10,53.83,53.93,53.3,53.67,20234537,JPM
2013-09-11,53.37,53.76,53.06,53.26,16013643,JPM
2013-09-12,53.43,53.71,52.08,52.24,21981126,JPM
2013-09-13,52.29,52.8,52.23,52.59,11945263,JPM
2013-09-16,53.45,53.49,52.98,53.14,17125652,JPM
2013-09-17,53.19,53.32,52.88,53.09,13207266,JPM
2013-09-18,52.69,53.87,52.56,53.41,20876558,JPM
2013-09-19,53.63,53.75,52.53,52.75,22452271,JPM
2013-09-20,52.95,53.47,52.8,52.8,30795890,JPM
2013-09-23,52.08,52.38,51.39,51.46,28189452,JPM
2013-09-24,51.01,51.28,50.3,50.32,34906865,JPM
2013-09-25,50.22,51.9,50.06,51.7,39175565,JPM
2013-09-26,51.93,52.56,51.54,51.89,22307376,JPM
2013-09-27,51.5,52.4,51.39,52.24,23025958,JPM
2013-09-30,51.73,52.09,51.44,51.69,21350631,JPM
2013-10-01,51.64,52.09,51.45,51.96,19187967,JPM
2013-10-02,51.32,52.45,51.29,52.09,23859229,JPM
2013-10-03,52.0,52.2,51.5,51.94,18614460,JPM
2013-10-04,52.07,52.68,52.01,52.67,17407162,JPM
2013-10-07,52.29,52.36,51.83,51.83,16159259,JPM
2013-10-08,51.83,51.96,50.84,50.87,19536035,JPM
2013-10-09,51.17,51.34,50.25,50.75,24721193,JPM
2013-10-10,51.84,52.56,51.38,52.52,24328712,JPM
2013-10-11,52.96,53.35,52.16,52.51,32498774,JPM
2013-10-14,51.94,52.84,51.76,52.71,18881586,JPM
2013-10-15,52.91,53.04,52.18,52.31,17566460,JPM
2013-10-16,52.61,54.05,52.58,54.0,24864021,JPM
2013-10-17,53.79,54.29,53.61,54.21,17790971,JPM
2013-10-18,54.26,54.58,53.8,54.3,24805953,JPM
2013-10-21,54.27,54.85,53.89,54.27,19471674,JPM
2013-10-22,54.65,54.68,53.62,53.62,24820908,JPM
2013-10-23,53.31,53.36,52.72,52.75,21034427,JPM
2013-10-24,52.84,52.89,52.11,52.48,17759031,JPM
2013-10-25,52.16,52.91,52.07,52.77,20889569,JPM
2013-10-28,52.89,53.09,52.5,52.68,14836830,JPM
2013-10-29,52.83,52.99,52.25,52.73,23363056,JPM
2013-10-30,53.0,53.24,52.5,52.6,16157237,JPM
2013-10-31,52.65,52.71,51.54,51.54,23737966,JPM
2013-11-01,51.45,52.7,51.3,52.51,25796825,JPM
2013-11-04,52.74,52.76,52.0,52.04,18895794,JPM
2013-11-05,51.85,52.13,51.66,51.95,14532200,JPM
2013-11-06,52.26,52.34,51.83,52.1,14013047,JPM
2013-11-07,52.13,52.34,51.58,51.65,17348895,JPM
2013-11-08,51.83,53.97,51.8,53.96,31186943,JPM
2013-11-11,53.91,54.15,53.7,54.1,12066340,JPM
2013-11-12,53.93,54.08,53.6,53.97,15964769,JPM
2013-11-13,53.52,54.2,53.15,54.14,22121852,JPM
2013-11-14,54.26,54.5,53.7,54.4,17633988,JPM
2013-11-15,54.27,54.96,54.19,54.87,20530108,JPM
2013-11-18,55.49,56.0,55.3,55.74,22318779,JPM
2013-11-19,55.97,56.64,55.78,56.15,22979874,JPM
2013-11-20,56.43,56.44,55.77,56.1,17688310,JPM
2013-11-21,56.28,57.4,56.28,57.22,22843587,JPM
2013-11-22,57.25,57.52,57.06,57.46,16734060,JPM
2013-11-25,57.5,58.14,57.41,57.65,18649810,JPM
2013-11-26,57.63,57.96,57.17,57.17,16267215,JPM
2013-11-27,57.58,57.83,57.33,57.48,11238931,JPM
2013-11-29,57.58,57.85,57.2,57.22,7128768,JPM
2013-12-02,57.1,57.75,56.9,56.98,12465770,JPM
2013-12-03,56.89,57.22,56.14,56.86,20435785,JPM
2013-12-04,56.44,57.47,56.21,57.19,20287248,JPM
2013-12-05,56.71,56.74,55.75,55.82,21329688,JPM
2013-12-06,56.57,56.76,55.62,56.06,18661169,JPM
2013-12-09,56.29,56.53,56.09,56.51,12713970,JPM
2013-12-10,56.49,57.07,56.35,56.7,14543743,JPM
2013-12-11,56.53,56.77,55.96,56.07,17836095,JPM
2013-12-12,56.0,56.6,55.91,56.31,15325286,JPM
2013-12-13,56.39,56.56,56.04,56.17,11465731,JPM
2013-12-16,56.36,56.94,56.33,56.42,26379183,JPM
2013-12-17,56.65,56.66,55.66,55.72,18338501,JPM
2013-12-18,55.84,57.27,55.4,57.24,27691408,JPM
2013-12-19,57.1,57.54,56.82,57.23,16764459,JPM
2013-12-20,57.27,58.0,57.2,57.7,22001671,JPM
2013-12-23,57.97,58.39,57.8,58.24,13990627,JPM
2013-12-24,58.07,58.29,58.04,58.25,4532643,JPM
2013-12-26,58.35,58.46,57.92,58.2,6677090,JPM
2013-12-27,58.17,58.35,58.06,58.14,8944562,JPM
2013-12-30,58.14,58.27,57.71,57.95,8815823,JPM
2013-12-31,58.2,58.55,58.05,58.48,11021128,JPM
2014-01-02,58.31,58.5,57.97,58.21,15637267,JPM
2014-01-03,58.29,58.95,58.21,58.66,14220320,JPM
2014-01-06,59.16,59.46,58.83,59.0,17562447,JPM
2014-01-07,59.29,59.43,58.11,58.32,17869722,JPM
2014-01-08,58.54,58.91,58.3,58.87,14694818,JPM
2014-01-09,58.98,59.0,58.33,58.76,13248583,JPM
2014-01-10,58.67,58.76,58.18,58.49,12704391,JPM
2014-01-13,58.51,58.67,57.53,57.7,20773435,JPM
2014-01-14,58.3,58.58,57.56,57.74,30318950,JPM
2014-01-15,57.73,59.65,57.73,59.49,35223534,JPM
2014-01-16,58.79,59.82,58.74,58.99,21691909,JPM
2014-01-17,59.21,59.23,58.03,58.11,21064942,JPM
2014-01-21,58.09,58.44,57.58,58.17,19559288,JPM
2014-01-22,58.33,58.33,57.42,57.59,15484711,JPM
2014-01-23,57.09,57.1,56.21,56.47,26243452,JPM
2014-01-24,56.0,56.36,55.09,55.09,27111279,JPM
2014-01-27,55.08,55.8,54.69,55.09,23944206,JPM
2014-01-28,55.39,56.34,55.24,55.74,18061718,JPM
2014-01-29,54.96,55.87,54.85,55.53,25471398,JPM
2014-01-30,56.07,56.39,55.63,56.0,17060108,JPM
2014-01-31,55.5,56.11,55.18,55.36,18201808,JPM
2014-02-03,55.5,55.92,54.2,54.31,28572189,JPM
2014-02-04,54.72,55.35,54.6,54.95,20775934,JPM
2014-02-05,55.1,55.45,54.58,55.21,19499578,JPM
2014-02-06,55.35,56.55,55.2,56.48,20921199,JPM
2014-02-07,56.65,56.93,56.26,56.62,25065229,JPM
2014-02-10,56.77,56.92,56.39,56.74,14727327,JPM
2014-02-11,56.61,57.57,56.58,57.43,18817088,JPM
2014-02-12,57.34,57.71,57.16,57.52,13447621,JPM
2014-02-13,57.07,58.1,56.96,58.03,16607191,JPM
2014-02-14,57.89,58.23,57.75,58.15,13186804,JPM
2014-02-18,58.02,58.65,57.9,58.49,14992626,JPM
2014-02-19,58.36,58.54,57.22,57.26,18687923,JPM
2014-02-20,57.53,57.97,57.27,57.58,12463670,JPM
2014-02-21,57.59,57.84,57.37,57.61,16790791,JPM
2014-02-24,57.62,58.23,57.58,58.03,16211245,JPM
2014-02-25,57.9,57.98,56.92,57.03,17996128,JPM
2014-02-26,57.37,57.38,56.22,56.75,23674645,JPM
2014-02-27,56.78,56.89,56.14,56.69,16285365,JPM
2014-02-28,56.57,57.45,56.39,56.82,18599829,JPM
2014-03-03,56.3,56.42,55.69,56.21,19154871,JPM
2014-03-04,56.95,57.36,56.64,57.26,17174334,JPM
2014-03-05,57.48,58.29,57.36,58.16,17762232,JPM
2014-03-06,58.51,59.09,58.4,58.9,19430068,JPM
2014-03-07,59.35,59.8,59.07,59.4,18615141,JPM
2014-03-10,59.14,59.48,58.86,59.2,16965386,JPM
2014-03-11,59.42,59.45,58.13,58.19,19436589,JPM
2014-03-12,57.7,57.96,57.42,57.92,17937197,JPM
2014-03-13,58.0,58.34,57.19,57.42,17192490,JPM
2014-03-14,57.11,57.53,56.62,56.8,18635842,JPM
2014-03-17,57.21,57.7,57.05,57.58,13589185,JPM
2014-03-18,57.82,58.16,57.62,58.06,12554754,JPM
2014-03-19,57.99,58.93,57.89,58.3,21450652,JPM
2014-03-20,58.36,60.49,58.13,60.11,33736470,JPM
2014-03-21,60.96,61.2,60.0,60.17,35151970,JPM
2014-03-24,60.37,61.19,60.35,61.07,25810459,JPM
2014-03-25,61.11,61.48,60.56,60.93,24053467,JPM
2014-03-26,61.24,61.4,59.89,59.9,22745202,JPM
2014-03-27,59.94,60.55,59.02,59.92,24632614,JPM
2014-03-28,60.21,60.59,59.68,60.04,14708741,JPM
2014-03-31,60.83,61.02,60.6,60.71,15216691,JPM
2014-04-01,60.95,61.29,60.37,60.67,14586580,JPM
2014-04-02,60.37,60.77,60.2,60.48,14012233,JPM
2014-04-03,60.65,60.8,60.28,60.66,11925208,JPM
2014-04-04,61.02,61.06,59.8,59.81,16966909,JPM
2014-04-07,59.69,60.0,58.84,59.0,18685680,JPM
2014-04-08,58.8,59.02,58.25,58.85,16956476,JPM
2014-04-09,59.1,59.45,58.5,59.27,15308441,JPM
2014-04-10,59.35,59.39,57.38,57.4,29977179,JPM
2014-04-11,55.18,56.05,54.55,55.3,47248387,JPM
2014-04-14,55.85,55.94,54.48,54.96,31081491,JPM
2014-04-15,55.09,55.64,54.35,54.8,26693846,JPM
2014-04-16,55.0,55.35,54.69,55.26,27050795,JPM
2014-04-17,55.34,55.57,55.01,55.22,17955801,JPM
2014-04-21,55.26,55.41,54.99,55.03,12384757,JPM
2014-04-22,55.04,56.08,54.94,55.81,16265271,JPM
2014-04-23,55.8,56.12,55.56,56.05,11381029,JPM
2014-04-24,56.07,56.26,55.61,56.19,15368188,JPM
2014-04-25,56.31,56.35,55.64,55.7,15939621,JPM
2014-04-28,55.63,55.7,54.68,55.49,21394062,JPM
2014-04-29,55.73,56.3,55.57,56.1,13453407,JPM
2014-04-30,56.24,56.35,55.72,55.98,14388102,JPM
2014-05-01,55.92,56.19,55.5,55.72,12744643,JPM
2014-05-02,55.83,56.37,55.44,55.58,15153795,JPM
2014-05-05,53.88,54.74,53.7,54.22,25237392,JPM
2014-05-06,54.04,54.06,53.32,53.34,25327415,JPM
2014-05-07,53.55,54.12,53.24,54.05,18503048,JPM
2014-05-08,54.2,54.53,54.06,54.36,16091486,JPM
2014-05-09,54.22,54.31,53.68,54.01,12366481,JPM
2014-05-12,54.27,54.7,54.03,54.65,12825906,JPM
2014-05-13,54.74,54.83,54.5,54.62,12310881,JPM
2014-05-14,54.64,54.7,54.3,54.36,10334933,JPM
2014-05-15,54.2,54.2,53.35,53.51,19763012,JPM
2014-05-16,53.42,53.51,52.97,53.31,19993160,JPM
2014-05-19,53.08,53.91,53.06,53.83,12068854,JPM
2014-05-20,53.72,54.04,53.41,53.72,16888227,JPM
2014-05-21,54.05,54.6,53.98,54.12,13210922,JPM
2014-05-22,54.17,54.6,54.02,54.55,11801568,JPM
2014-05-23,54.55,54.58,54.16,54.53,10878697,JPM
2014-05-27,54.75,55.43,54.69,55.14,14503732,JPM
2014-05-28,55.09,55.6,55.0,55.45,11374958,JPM
2014-05-29,55.75,55.92,55.39,55.72,11741707,JPM
2014-05-30,55.58,55.88,55.31,55.57,11991312,JPM
2014-06-02,55.65,55.65,55.02,55.35,9440042,JPM
2014-06-03,55.09,55.66,55.09,55.6,9132297,JPM
2014-06-04,55.52,55.72,55.25,55.68,9728053,JPM
2014-06-05,55.91,56.66,55.49,56.63,16804644,JPM
2014-06-06,56.76,57.13,56.65,56.97,15399844,JPM
2014-06-09,56.91,57.66,56.9,57.42,12000038,JPM
2014-06-10,57.47,57.94,57.39,57.9,11609169,JPM
2014-06-11,57.48,57.79,56.98,57.27,14232171,JPM
2014-06-12,57.07,57.42,56.87,57.04,11677911,JPM
2014-06-13,57.03,57.67,56.88,57.04,12044435,JPM
2014-06-16,56.85,56.95,56.33,56.87,11199075,JPM
2014-06-17,56.79,57.59,56.68,57.42,11200522,JPM
2014-06-18,57.29,57.81,56.95,57.78,13737143,JPM
2014-06-19,57.69,57.69,57.21,57.3,11624383,JPM
2014-06-20,57.69,57.77,57.35,57.55,17126425,JPM
2014-06-23,57.54,58.22,57.24,58.19,16009479,JPM
2014-06-24,57.88,58.12,57.3,57.42,12323320,JPM
2014-06-25,57.22,57.74,56.87,57.53,14843900,JPM
2014-06-26,57.34,57.49,56.6,57.39,11854621,JPM
2014-06-27,57.33,57.7,57.24,57.53,10178566,JPM
2014-06-30,57.44,57.78,57.38,57.62,11549859,JPM
2014-07-01,57.15,57.99,57.08,57.57,14472160,JPM
2014-07-02,57.27,57.48,56.82,56.97,19199260,JPM
2014-07-03,57.23,57.65,57.0,57.05,12599842,JPM
2014-07-07,56.89,56.99,56.4,56.67,13918743,JPM
2014-07-08,56.35,56.47,55.63,55.76,18345729,JPM
2014-07-09,55.88,56.12,55.61,56.02,10914251,JPM
2014-07-10,55.06,55.81,54.96,55.56,12436589,JPM
2014-07-11,55.29,55.9,55.19,55.8,10236860,JPM
2014-07-14,56.53,56.84,56.2,56.29,14011991,JPM
2014-07-15,57.95,58.69,57.76,58.27,36219126,JPM
2014-07-16,58.51,58.98,58.31,58.71,20515604,JPM
2014-07-17,58.56,58.86,57.76,57.86,17015955,JPM
2014-07-18,58.33,58.48,57.9,58.23,12803917,JPM
2014-07-21,58.12,58.41,57.9,58.24,9148506,JPM
2014-07-22,58.42,58.8,58.37,58.67,10376795,JPM
2014-07-23,58.76,59.19,58.52,59.0,11122085,JPM
2014-07-24,59.07,59.35,58.99,59.17,9844323,JPM
2014-07-25,58.92,59.27,58.84,59.01,10500572,JPM
2014-07-28,58.94,59.26,58.67,59.19,12383894,JPM
2014-07-29,59.13,59.13,58.44,58.64,13498827,JPM
2014-07-30,59.02,59.28,58.61,58.91,11821992,JPM
2014-07-31,58.65,58.68,57.66,57.67,15958788,JPM
2014-08-01,57.39,57.49,55.97,56.48,23916665,JPM
2014-08-04,56.91,56.98,56.34,56.65,13547228,JPM
2014-08-05,56.43,56.6,55.6,56.06,16863698,JPM
2014-08-06,55.89,56.69,55.83,56.23,12192567,JPM
2014-08-07,56.63,56.69,55.68,55.91,11743838,JPM
2014-08-08,55.89,56.36,55.64,56.34,12213225,JPM
2014-08-11,56.54,56.58,56.17,56.32,9066796,JPM
2014-08-12,56.23,56.55,56.13,56.35,11290657,JPM
2014-08-13,56.69,56.84,56.51,56.72,7019479,JPM
2014-08-14,56.77,57.0,56.7,56.98,8275920,JPM
2014-08-15,57.24,57.5,56.39,56.75,12727664,JPM
2014-08-18,56.86,57.43,56.76,57.23,8881423,JPM
2014-08-19,57.6,57.72,57.34,57.56,9040484,JPM
2014-08-20,57.42,57.85,57.39,57.64,8121363,JPM
2014-08-21,57.66,58.77,57.6,58.5,12745499,JPM
2014-08-22,58.44,59.08,58.33,58.49,10228569,JPM
2014-08-25,58.98,59.83,58.86,59.34,13996764,JPM
2014-08-26,59.57,59.95,59.38,59.74,10281087,JPM
2014-08-27,59.85,59.95,59.53,59.59,11410860,JPM
2014-08-28,59.25,59.37,58.81,59.16,9096101,JPM
2014-08-29,59.34,59.65,59.23,59.45,8903530,JPM
2014-09-02,59.46,59.71,59.15,59.67,8678222,JPM
2014-09-03,60.02,60.37,59.46,59.7,11792109,JPM
2014-09-04,59.63,60.14,59.43,59.71,9811903,JPM
2014-09-05,59.62,59.91,59.22,59.91,9600894,JPM
2014-09-08,59.84,60.22,59.74,59.89,8090047,JPM
2014-09-09,59.63,59.68,58.78,59.06,14868683,JPM
2014-09-10,59.15,59.56,58.92,59.22,9157691,JPM
2014-09-11,59.18,59.84,58.97,59.76,11468573,JPM
2014-09-12,59.8,60.41,59.75,60.03,14373722,JPM
2014-09-15,59.78,59.99,59.45,59.94,10685630,JPM
2014-09-16,59.71,60.2,59.62,59.99,10950516,JPM
2014-09-17,59.95,60.59,59.82,60.31,15092042,JPM
2014-09-18,60.54,61.4,60.54,61.32,16973697,JPM
2014-09-19,61.74,61.85,60.98,61.11,18740479,JPM
2014-09-22,60.94,61.45,60.8,60.91,13225164,JPM
2014-09-23,60.82,61.4,60.77,60.94,14335620,JPM
2014-09-24,61.18,61.64,61.02,61.63,13728243,JPM
2014-09-25,61.49,61.5,60.15,60.15,16346724,JPM
2014-09-26,60.33,60.88,60.32,60.56,11948887,JPM
2014-09-29,60.03,60.5,59.73,60.33,10694938,JPM
2014-09-30,60.4,60.74,60.13,60.24,14384783,JPM
2014-10-01,60.24,60.4,59.73,59.77,18995987,JPM
2014-10-02,59.15,59.49,58.61,58.84,24561606,JPM
2014-10-03,59.25,60.38,59.05,60.3,18321078,JPM
2014-10-06,60.78,60.8,60.0,60.18,11578147,JPM
2014-10-07,59.92,59.92,59.18,59.27,14542010,JPM
2014-10-08,59.36,60.43,59.18,60.4,15834553,JPM
2014-10-09,60.33,60.33,58.89,59.08,19191404,JPM
2014-10-10,59.03,59.82,58.51,58.52,16690858,JPM
2014-10-13,58.5,59.14,58.11,58.16,17169312,JPM
2014-10-14,56.69,58.52,56.06,57.99,29096840,JPM
2014-10-15,57.02,57.38,54.26,55.53,37866911,JPM
2014-10-16,54.75,55.98,54.28,55.08,31970014,JPM
2014-10-17,55.73,56.78,55.57,56.2,20183543,JPM
2014-10-20,56.1,56.75,56.07,56.63,10808475,JPM
2014-10-21,57.23,58.01,57.08,57.93,14020373,JPM
2014-10-22,58.04,58.26,57.44,57.45,13750741,JPM
2014-10-23,58.12,58.6,57.94,58.06,12641874,JPM
2014-10-24,58.0,58.78,58.0,58.74,13757981,JPM
2014-10-27,58.45,58.79,58.25,58.64,11087209,JPM
2014-10-28,58.87,59.69,58.81,59.63,13625017,JPM
2014-10-29,59.62,59.78,58.76,59.29,16715852,JPM
2014-10-30,58.94,59.68,58.92,59.39,14709756,JPM
2014-10-31,60.12,60.54,59.87,60.48,18351059,JPM
2014-11-03,60.79,61.15,60.36,60.88,11854189,JPM
2014-11-04,60.24,60.37,59.42,60.25,15295771,JPM
2014-11-05,60.8,61.23,60.39,61.15,14063812,JPM
2014-11-06,61.08,61.31,60.63,61.23,10421612,JPM
2014-11-07,61.07,61.55,60.86,61.47,12384620,JPM
2014-11-10,61.25,61.93,61.2,61.93,10800981,JPM
2014-11-11,61.71,61.89,61.29,61.37,12539830,JPM
2014-11-12,60.42,60.84,60.23,60.56,17219648,JPM
2014-11-13,60.5,60.63,59.99,60.23,12240366,JPM
2014-11-14,60.25,60.62,60.18,60.28,6803396,JPM
2014-11-17,60.0,60.53,59.89,60.38,9017649,JPM
2014-11-18,60.35,60.82,60.2,60.53,8899839,JPM
2014-11-19,60.45,60.79,60.15,60.6,9210079,JPM
2014-11-20,60.2,60.25,59.75,60.12,10917299,JPM
2014-11-21,61.07,61.07,60.3,60.45,12340450,JPM
2014-11-24,60.7,61.3,60.7,60.96,8335037,JPM
2014-11-25,61.16,61.16,59.95,60.3,14802617,JPM
2014-11-26,60.57,60.57,60.2,60.34,7628731,JPM
2014-11-28,60.4,60.56,60.03,60.16,6759646,JPM
2014-12-01,59.98,60.21,59.55,60.0,12771602,JPM
2014-12-02,60.01,61.19,60.0,61.08,12546594,JPM
2014-12-03,60.96,61.62,60.81,61.54,12115506,JPM
2014-12-04,61.1,61.57,60.84,61.38,11542085,JPM
2014-12-05,62.01,63.06,61.88,62.7,20071134,JPM
2014-12-08,62.6,63.16,62.26,62.67,15535482,JPM
2014-12-09,61.85,62.85,61.56,62.45,19676435,JPM
2014-12-10,62.16,62.24,60.37,60.68,29620579,JPM
2014-12-11,61.17,62.06,61.11,61.14,16886249,JPM
2014-12-12,60.53,61.22,59.96,60.04,17405430,JPM
2014-12-15,60.74,60.81,58.79,59.16,19209927,JPM
2014-12-16,58.42,59.86,58.11,58.43,20709745,JPM
2014-12-17,58.57,59.83,58.34,59.77,17856440,JPM
2014-12-18,60.64,61.48,60.44,61.48,18173357,JPM
2014-12-19,61.4,62.35,61.37,61.93,22756410,JPM
2014-12-22,62.16,62.33,61.61,61.94,17073371,JPM
2014-12-23,62.05,62.97,61.93,62.48,13552615,JPM
2014-12-24,62.74,62.87,62.27,62.48,7419342,JPM
2014-12-26,62.67,62.89,62.41,62.55,6086519,JPM
2014-12-29,62.42,63.34,62.25,62.96,10601197,JPM
2014-12-30,62.72,63.28,62.57,63.15,7518059,JPM
2014-12-31,63.3,63.49,62.58,62.58,18529419,JPM
2015-01-02,62.62,62.96,62.07,62.49,12599991,JPM
2015-01-05,62.06,62.28,60.23,60.55,20100577,JPM
2015-01-06,60.64,60.75,58.35,58.98,29074111,JPM
2015-01-07,59.89,59.89,58.66,59.07,23843244,JPM
2015-01-08,59.97,60.9,59.97,60.39,16971056,JPM
2015-01-09,60.72,60.79,59.29,59.34,15396195,JPM
2015-01-12,59.28,59.4,58.27,58.83,15455234,JPM
2015-01-13,59.26,59.7,58.37,58.84,21644739,JPM
2015-01-14,56.91,57.0,55.27,56.81,49602310,JPM
2015-01-15,55.73,56.61,54.5,54.99,42458146,JPM
2015-01-16,54.66,56.0,54.64,55.93,29368910,JPM
2015-01-20,56.04,56.39,55.42,55.71,23477689,JPM
2015-01-21,55.45,56.42,55.19,55.89,21842362,JPM
2015-01-22,56.38,57.73,55.96,57.59,31423538,JPM
2015-01-23,57.72,57.87,56.66,56.68,15458254,JPM
2015-01-26,56.41,56.99,56.2,56.77,12577658,JPM
2015-01-27,56.05,56.61,55.76,56.2,15220526,JPM
2015-01-28,56.62,56.68,54.75,54.75,24354354,JPM
2015-01-29,55.27,55.89,54.68,55.67,20393264,JPM
2015-01-30,54.99,55.5,54.37,54.38,26943713,JPM
2015-02-02,54.53,55.65,54.27,55.47,20308885,JPM
2015-02-03,55.91,56.78,55.87,56.72,18812501,JPM
2015-02-04,56.32,57.07,56.28,56.38,14934076,JPM
2015-02-05,56.86,57.04,56.46,56.77,11293901,JPM
2015-02-06,57.75,58.73,57.54,57.89,25214001,JPM
2015-02-09,57.42,58.1,57.23,57.82,14372365,JPM
2015-02-10,58.42,58.71,58.05,58.46,16367266,JPM
2015-02-11,58.06,58.66,57.84,58.37,13061925,JPM
2015-02-12,58.93,59.71,58.55,59.57,23211327,JPM
2015-02-13,59.46,60.22,59.34,59.67,16479114,JPM
2015-02-17,59.36,60.14,59.32,60.1,15308763,JPM
2015-02-18,59.79,59.83,59.12,59.37,14278117,JPM
2015-02-19,59.15,59.48,58.8,59.23,11256543,JPM
2015-02-20,58.96,59.89,58.35,59.8,15379042,JPM
2015-02-23,59.5,59.53,58.8,59.35,16813999,JPM
2015-02-24,60.25,61.25,60.08,60.82,22937701,JPM
2015-02-25,60.76,61.27,60.75,61.14,18307912,JPM
2015-02-26,61.03,61.7,60.91,61.58,15444802,JPM
2015-02-27,61.13,61.92,61.13,61.28,15225935,JPM
2015-03-02,61.24,61.83,61.03,61.77,13047328,JPM
2015-03-03,61.65,61.99,61.5,61.97,13707655,JPM
2015-03-04,61.64,62.17,61.35,62.13,16626413,JPM
2015-03-05,62.2,62.23,61.6,62.0,10931262,JPM
2015-03-06,62.16,62.87,60.8,60.89,22719177,JPM
2015-03-09,60.84,61.63,60.8,61.5,13001473,JPM
2015-03-10,60.76,61.01,59.96,59.96,16357724,JPM
2015-03-11,60.13,60.65,59.96,60.24,13015567,JPM
2015-03-12,60.65,61.45,60.65,61.37,18159558,JPM
2015-03-13,61.4,61.86,60.43,61.0,16506155,JPM
2015-03-16,61.5,61.92,61.25,61.85,15182859,JPM
2015-03-17,61.34,61.66,60.92,61.61,11718327,JPM
2015-03-18,61.39,62.05,61.08,61.75,15697854,JPM
2015-03-19,61.57,61.65,60.76,61.2,11523785,JPM
2015-03-20,61.32,62.1,61.15,61.75,18368347,JPM
2015-03-23,61.75,62.08,61.12,61.14,15112872,JPM
2015-03-24,60.97,61.24,60.45,60.46,12128693,JPM
2015-03-25,60.53,60.64,59.59,59.61,14950859,JPM
2015-03-26,59.46,59.79,58.87,59.54,14039559,JPM
2015-03-27,59.49,59.78,59.0,59.55,11755819,JPM
2015-03-30,60.88,61.46,60.61,60.96,20656523,JPM
2015-03-31,60.72,60.94,60.42,60.58,17346667,JPM
2015-04-01,60.41,60.57,59.73,59.95,18100587,JPM
2015-04-02,60.07,60.7,60.0,60.52,12697771,JPM
2015-04-06,59.92,60.75,59.65,60.47,12025243,JPM
2015-04-07,61.15,61.5,60.85,60.85,11505503,JPM
2015-04-08,61.06,61.56,60.94,61.05,11733950,JPM
2015-04-09,61.27,61.58,60.83,61.47,11728495,JPM
2015-04-10,61.35,61.78,61.2,61.7,9869670,JPM
2015-04-13,61.64,62.27,61.5,62.07,15468702,JPM
2015-04-14,62.96,63.61,62.74,63.04,33775406,JPM
2015-04-15,63.08,64.48,63.01,64.21,28732225,JPM
2015-04-16,64.08,64.27,63.66,63.81,16640454,JPM
2015-04-17,63.25,63.4,62.49,62.84,20221236,JPM
2015-04-20,63.22,63.52,63.14,63.24,12755309,JPM
2015-04-21,63.33,63.6,62.13,62.31,14985119,JPM
2015-04-22,62.65,63.15,62.03,62.94,14484658,JPM
2015-04-23,62.79,63.21,62.6,62.8,12851257,JPM
2015-04-24,62.63,62.84,62.34,62.6,9597525,JPM
2015-04-27,62.7,63.15,62.31,62.34,11146409,JPM
2015-04-28,62.49,62.78,61.77,62.76,12307828,JPM
2015-04-29,62.56,63.89,62.46,63.6,17601215,JPM
2015-04-30,63.58,63.88,62.92,63.26,16840865,JPM
2015-05-01,63.7,63.87,63.33,63.61,11640805,JPM
2015-05-04,63.68,64.87,63.64,64.72,14972462,JPM
2015-05-05,64.51,65.32,64.29,64.4,17692369,JPM
2015-05-06,64.53,65.07,63.42,63.92,18087852,JPM
2015-05-07,63.67,64.6,63.25,64.5,15039936,JPM
2015-05-08,64.97,65.65,64.6,65.49,16802611,JPM
2015-05-11,65.26,65.64,65.08,65.45,13799675,JPM
2015-05-12,65.31,65.54,64.76,65.36,12762234,JPM
2015-05-13,65.42,65.63,65.06,65.52,11874274,JPM
2015-05-14,65.83,66.18,65.71,66.05,11855518,JPM
2015-05-15,66.13,66.16,65.44,65.88,11152125,JPM
2015-05-18,65.8,66.54,65.8,66.42,10510893,JPM
2015-05-19,66.77,67.19,66.57,67.01,14282994,JPM
2015-05-20,66.95,67.03,66.4,66.48,12446012,JPM
2015-05-21,66.14,66.68,66.01,66.65,12934474,JPM
2015-05-22,66.63,66.83,66.32,66.47,9296939,JPM
2015-05-26,66.2,66.29,65.31,65.73,15571327,JPM
2015-05-27,65.95,66.65,65.82,66.47,10963652,JPM
2015-05-28,66.36,66.4,65.74,66.2,11797444,JPM
2015-05-29,66.18,66.22,65.36,65.78,14310723,JPM
2015-06-01,65.99,66.66,65.97,66.08,11899261,JPM
2015-06-02,65.83,66.39,65.58,66.02,12784152,JPM
2015-06-03,66.43,67.13,66.27,66.7,12927263,JPM
2015-06-04,66.31,67.05,66.01,66.33,13863283,JPM
2015-06-05,67.37,67.84,67.01,67.42,20801141,JPM
2015-06-08,67.46,67.55,66.81,66.89,14558660,JPM
2015-06-09,66.95,67.27,66.47,67.18,13263493,JPM
2015-06-10,67.59,68.5,67.47,68.26,17478898,JPM
2015-06-11,68.36,68.68,68.15,68.52,13739872,JPM
2015-06-12,68.31,68.54,67.87,68.25,11804741,JPM
2015-06-15,67.58,68.21,67.3,67.99,14082323,JPM
2015-06-16,67.77,68.52,67.62,68.37,11692849,JPM
2015-06-17,68.41,68.68,68.04,68.14,14521889,JPM
2015-06-18,68.35,68.82,67.9,68.78,16759603,JPM
2015-06-19,68.46,68.67,67.92,68.08,21606383,JPM
2015-06-22,68.87,69.29,68.75,68.96,14306669,JPM
2015-06-23,69.35,69.82,69.19,69.75,15736884,JPM
2015-06-24,69.51,69.77,68.91,69.02,16995033,JPM
2015-06-25,69.32,69.48,68.64,68.65,13314291,JPM
2015-06-26,68.94,69.29,68.76,68.95,14489159,JPM
2015-06-29,67.68,68.26,67.16,67.2,19934417,JPM
2015-06-30,67.89,68.11,67.16,67.76,20677358,JPM
2015-07-01,68.12,68.39,67.78,68.07,13964423,JPM
2015-07-02,67.95,68.13,67.18,67.52,12822941,JPM
2015-07-06,66.88,67.46,66.54,67.33,13527098,JPM
2015-07-07,67.09,67.22,65.3,66.8,22421483,JPM
2015-07-08,66.0,66.16,65.2,65.43,17707242,JPM
2015-07-09,66.49,66.7,65.99,66.11,14984705,JPM
2015-07-10,67.22,67.4,66.82,67.05,12356059,JPM
2015-07-13,67.89,68.14,67.68,68.09,16175638,JPM
2015-07-14,67.98,69.1,67.76,69.04,20185118,JPM
2015-07-15,69.23,69.43,68.85,69.19,16891606,JPM
2015-07-16,69.63,69.95,69.41,69.56,18035652,JPM
2015-07-17,69.35,69.49,68.92,69.21,14040686,JPM
2015-07-20,69.5,69.77,69.18,69.26,11512894,JPM
2015-07-21,69.16,69.54,68.87,69.1,11659915,JPM
2015-07-22,69.28,70.29,69.2,70.08,15493019,JPM
2015-07-23,70.19,70.61,69.46,69.64,14331837,JPM
2015-07-24,69.44,69.56,68.68,68.91,12413896,JPM
2015-07-27,68.15,68.22,67.57,68.01,16801563,JPM
2015-07-28,68.55,68.6,67.77,68.05,14932360,JPM
2015-07-29,68.32,69.1,68.16,68.94,13059190,JPM
2015-07-30,68.93,69.45,68.54,69.04,10197182,JPM
2015-07-31,69.01,69.04,68.4,68.53,11911818,JPM
2015-08-03,68.59,68.84,68.0,68.53,9980587,JPM
2015-08-04,68.47,68.95,68.31,68.46,10963966,JPM
2015-08-05,69.05,69.42,68.56,68.73,11302860,JPM
2015-08-06,68.75,68.94,68.0,68.25,10803363,JPM
2015-08-07,68.33,68.74,67.55,68.05,11453310,JPM
2015-08-10,68.22,69.0,68.22,68.89,12661440,JPM
2015-08-11,68.23,68.4,67.85,68.23,14800333,JPM
2015-08-12,67.41,67.55,66.07,67.24,21150053,JPM
2015-08-13,67.25,67.8,66.97,67.55,11930623,JPM
2015-08-14,67.42,67.91,67.4,67.89,11248813,JPM
2015-08-17,67.62,68.24,67.4,68.07,10326540,JPM
2015-08-18,67.98,68.36,67.84,68.21,10617481,JPM
2015-08-19,67.93,68.31,67.36,67.6,15198203,JPM
2015-08-20,66.81,67.04,65.94,65.94,20858730,JPM
2015-08-21,65.09,65.44,63.57,63.6,28030954,JPM
2015-08-24,59.29,62.92,50.07,60.25,36031073,JPM
2015-08-25,63.1,63.32,59.73,59.91,31605022,JPM
2015-08-26,61.8,62.98,60.54,62.91,33370812,JPM
2015-08-27,63.98,64.73,63.14,64.48,28854171,JPM
2015-08-28,64.29,64.46,63.6,64.13,16581709,JPM
2015-08-31,63.61,64.35,63.47,64.1,14124089,JPM
2015-09-01,62.85,62.85,60.99,61.45,23584748,JPM
2015-09-02,62.62,62.91,61.54,62.57,17640262,JPM
2015-09-03,62.88,63.66,62.45,62.68,16944771,JPM
2015-09-04,61.8,61.92,60.75,61.5,20105957,JPM
2015-09-08,62.77,63.2,62.33,63.16,13290404,JPM
2015-09-09,63.94,64.34,62.0,62.18,13764967,JPM
2015-09-10,61.86,63.0,61.45,62.66,15685272,JPM
2015-09-11,62.38,62.66,61.99,62.56,12722369,JPM
2015-09-14,62.64,62.68,62.12,62.38,10177079,JPM
2015-09-15,62.76,63.89,62.51,63.58,13951529,JPM
2015-09-16,63.89,64.29,63.21,64.14,12226599,JPM
2015-09-17,64.14,64.64,62.39,62.65,20842253,JPM
2015-09-18,61.83,61.83,60.78,60.94,30889875,JPM
2015-09-21,61.52,61.91,61.08,61.45,13122993,JPM
2015-09-22,60.6,61.08,60.42,60.91,14662839,JPM
2015-09-23,60.8,61.15,60.32,60.64,11683827,JPM
2015-09-24,60.01,60.38,59.46,60.22,17002374,JPM
2015-09-25,61.27,61.86,60.87,61.47,18325631,JPM
2015-09-28,60.92,61.01,59.69,59.98,16872689,JPM
2015-09-29,59.98,60.13,58.73,59.84,19261119,JPM
2015-09-30,60.7,61.0,60.11,60.97,18688537,JPM
2015-10-01,61.12,61.87,60.54,61.42,16780949,JPM
2015-10-02,59.59,60.86,58.53,60.81,20386849,JPM
2015-10-05,61.24,62.24,61.22,62.02,13405854,JPM
2015-10-06,62.11,62.36,61.62,62.05,12037923,JPM
2015-10-07,62.55,63.03,61.76,62.13,12784772,JPM
2015-10-08,61.85,62.25,61.43,62.13,13899433,JPM
2015-10-09,62.39,62.54,61.58,61.93,12036622,JPM
2015-10-12,61.84,62.01,61.4,61.72,10824903,JPM
2015-10-13,61.39,62.16,61.31,61.55,15182083,JPM
2015-10-14,60.76,60.97,59.54,59.99,28937454,JPM
2015-10-15,60.47,61.96,60.1,61.89,18095043,JPM
2015-10-16,62.43,62.65,62.09,62.43,17434885,JPM
2015-10-19,62.0,62.76,61.91,62.22,14479153,JPM
2015-10-20,62.36,62.82,62.08,62.52,11545128,JPM
2015-10-21,62.88,62.96,62.05,62.06,12113422,JPM
2015-10-22,62.42,63.58,62.42,63.19,15269206,JPM
2015-10-23,63.63,64.18,63.5,63.87,16944141,JPM
2015-10-26,63.84,63.99,63.41,63.9,13858411,JPM
2015-10-27,63.53,63.86,63.31,63.64,8775339,JPM
2015-10-28,63.7,65.74,63.69,65.5,17924895,JPM
2015-10-29,65.26,65.83,64.88,65.21,12690848,JPM
2015-10-30,65.3,65.34,64.13,64.25,15642649,JPM
2015-11-02,64.45,65.75,64.39,65.54,15225097,JPM
2015-11-03,65.29,66.1,65.17,65.78,11499353,JPM
2015-11-04,66.01,66.15,65.63,65.85,11382412,JPM
2015-11-05,65.79,66.67,65.75,66.44,12561702,JPM
2015-11-06,68.37,69.03,68.1,68.46,23179728,JPM
2015-11-09,68.7,68.72,67.08,67.39,17120033,JPM
2015-11-10,67.19,67.85,66.93,67.68,13093668,JPM
2015-11-11,68.1,68.17,67.25,67.35,8494787,JPM
2015-11-12,66.86,66.9,65.95,66.0,13272016,JPM
2015-11-13,65.84,66.17,65.23,65.56,11682962,JPM
2015-11-16,65.46,66.58,65.17,66.51,11031402,JPM
2015-11-17,66.67,66.74,65.89,66.13,12320306,JPM
2015-11-18,66.48,67.55,66.37,67.45,12727534,JPM
2015-11-19,67.58,67.82,67.04,67.66,12718778,JPM
2015-11-20,67.99,68.11,67.38,67.54,11194673,JPM
2015-11-23,67.31,67.58,66.78,66.88,11335340,JPM
2015-11-24,66.17,67.14,66.04,66.78,10852532,JPM
2015-11-25,66.93,67.12,66.55,66.86,7772026,JPM
2015-11-27,67.0,67.33,66.64,67.17,4052633,JPM
2015-11-30,67.28,67.52,66.68,66.68,15091696,JPM
2015-12-01,67.34,67.83,66.99,67.61,12668449,JPM
2015-12-02,67.83,67.88,66.48,66.66,13399839,JPM
2015-12-03,66.83,67.03,65.58,65.8,14626881,JPM
2015-12-04,66.1,68.0,66.03,67.89,17786043,JPM
2015-12-07,67.66,67.75,66.4,67.0,11686033,JPM
2015-12-08,66.25,66.96,65.7,65.96,13084484,JPM
2015-12-09,65.61,66.58,65.04,65.46,16770188,JPM
2015-12-10,65.54,66.5,65.08,65.61,12838986,JPM
2015-12-11,64.8,65.16,63.51,64.07,17889293,JPM
2015-12-14,64.23,64.76,63.6,64.27,17504146,JPM
2015-12-15,65.07,66.65,65.07,66.1,18126588,JPM
2015-12-16,66.91,67.74,65.91,67.53,21720024,JPM
2015-12-17,67.9,68.0,66.08,66.28,18122090,JPM
2015-12-18,65.97,65.97,64.4,64.4,23819643,JPM
2015-12-21,65.02,65.56,64.83,65.54,18869297,JPM
2015-12-22,65.92,66.0,64.98,65.68,12149529,JPM
2015-12-23,66.12,66.85,66.05,66.73,12524453,JPM
2015-12-24,66.62,66.89,66.32,66.6,4468242,JPM
2015-12-28,66.29,66.45,65.71,66.38,6610609,JPM
2015-12-29,66.84,67.3,66.74,67.07,9820830,JPM
2015-12-30,67.04,67.05,66.45,66.59,7190650,JPM
2015-12-31,66.19,66.78,66.0,66.03,14654329,JPM
2016-01-04,63.95,64.06,63.01,63.62,25271341,JPM
2016-01-05,63.7,64.13,63.04,63.73,16566703,JPM
2016-01-06,62.72,63.12,62.34,62.81,22961532,JPM
2016-01-07,61.46,62.0,60.08,60.27,27630867,JPM
2016-01-08,61.13,61.27,58.85,58.92,22373287,JPM
2016-01-11,58.83,59.22,58.04,58.83,20925529,JPM
2016-01-12,59.45,59.56,58.1,58.96,22971612,JPM
2016-01-13,59.46,59.68,56.91,57.34,28563254,JPM
2016-01-14,58.16,59.38,57.29,58.2,31234155,JPM
2016-01-15,56.45,57.57,56.22,57.04,37595606,JPM
2016-01-19,57.73,57.97,56.51,57.01,22776517,JPM
2016-01-20,55.63,56.18,54.66,55.51,34611020,JPM
2016-01-21,55.74,56.52,55.06,55.25,31244542,JPM
2016-01-22,56.44,57.16,56.3,56.95,22453115,JPM
2016-01-25,56.48,56.85,55.6,55.66,20892401,JPM
2016-01-26,55.85,57.15,55.81,57.08,17519535,JPM
2016-01-27,57.08,58.27,56.56,57.04,20499582,JPM
2016-01-28,57.52,57.97,56.63,57.28,15487278,JPM
2016-01-29,57.83,59.54,57.51,59.5,26727855,JPM
2016-02-01,59.16,59.65,58.44,58.86,16761416,JPM
2016-02-02,57.88,57.98,56.75,57.03,22269412,JPM
2016-02-03,57.37,57.8,55.02,57.41,31521731,JPM
2016-02-04,57.06,58.52,57.06,58.4,21570101,JPM
2016-02-05,58.58,59.14,57.42,57.75,21897326,JPM
2016-02-08,56.69,56.92,55.54,56.54,28229438,JPM
2016-02-09,55.29,56.69,55.13,56.2,26251534,JPM
2016-02-10,56.57,57.41,55.47,55.52,22360482,JPM
2016-02-11,53.9,53.91,52.5,53.07,43976046,JPM
2016-02-12,55.65,57.57,55.17,57.49,36905293,JPM
2016-02-16,58.23,58.6,57.64,58.35,23537318,JPM
2016-02-17,58.85,59.25,58.39,58.77,21185566,JPM
2016-02-18,58.84,58.86,57.25,57.81,16937282,JPM
2016-02-19,57.5,58.17,57.08,57.82,15595530,JPM
2016-02-22,58.51,58.88,58.42,58.57,14867122,JPM
2016-02-23,57.9,58.09,55.96,56.12,31533968,JPM
2016-02-24,55.2,56.21,54.32,56.14,25526826,JPM
2016-02-25,56.13,57.03,56.04,57.01,14453901,JPM
2016-02-26,57.64,58.11,57.14,57.54,20867827,JPM
2016-02-29,57.41,57.6,56.29,56.3,19504736,JPM
2016-03-01,56.76,59.2,56.67,59.2,23505176,JPM
2016-03-02,59.2,59.9,58.96,59.76,20922700,JPM
2016-03-03,59.58,59.96,59.1,59.96,15768403,JPM
2016-03-04,60.1,60.55,59.53,60.05,18420483,JPM
2016-03-07,59.54,60.05,59.32,59.94,12820229,JPM
2016-03-08,59.21,59.5,58.68,58.78,14050324,JPM
2016-03-09,59.15,59.54,58.68,59.12,13222794,JPM
2016-03-10,59.59,59.67,57.81,58.61,21108547,JPM
2016-03-11,59.39,59.51,58.65,59.34,21005331,JPM
2016-03-14,59.15,59.31,58.6,59.12,13412516,JPM
2016-03-15,58.54,59.21,58.43,59.2,10910468,JPM
2016-03-16,58.98,59.75,58.47,58.92,17039145,JPM
2016-03-17,58.77,59.13,57.99,58.75,19190218,JPM
2016-03-18,60.05,60.97,59.66,60.48,29494852,JPM
2016-03-21,60.22,60.82,59.96,60.46,12659604,JPM
2016-03-22,59.99,60.58,59.62,60.24,12012152,JPM
2016-03-23,60.34,60.51,59.86,59.94,11580873,JPM
2016-03-24,59.3,59.51,58.87,59.48,12887007,JPM
2016-03-28,59.53,59.75,59.18,59.4,11158977,JPM
2016-03-29,59.33,59.33,58.53,59.03,15855168,JPM
2016-03-30,59.46,60.23,59.38,59.71,13269003,JPM
2016-03-31,59.45,59.93,59.11,59.22,14780568,JPM
2016-04-01,59.02,60.06,58.56,59.87,15405515,JPM
2016-04-04,59.44,59.56,58.96,59.2,12277467,JPM
2016-04-05,58.59,58.83,58.21,58.36,12870771,JPM
2016-04-06,58.18,58.88,57.95,58.81,12156589,JPM
2016-04-07,58.26,58.43,57.06,57.32,19087683,JPM
2016-04-08,57.71,58.58,57.69,57.74,13535569,JPM
2016-04-11,57.91,58.88,57.91,58.2,17580857,JPM
2016-04-12,58.34,59.39,58.2,59.28,17651526,JPM
2016-04-13,60.48,62.16,60.38,61.79,37244076,JPM
2016-04-14,61.69,62.9,61.6,62.59,24234623,JPM
2016-04-15,62.88,62.9,61.45,61.87,19257257,JPM
2016-04-18,61.64,62.58,61.53,62.27,13805437,JPM
2016-04-19,62.55,63.48,62.55,63.32,18993076,JPM
2016-04-20,63.48,64.31,63.14,64.24,14579548,JPM
2016-04-21,64.26,64.66,63.34,63.6,15314757,JPM
2016-04-22,63.64,64.38,63.64,63.97,11970762,JPM
2016-04-25,63.6,63.95,63.14,63.6,10681635,JPM
2016-04-26,63.81,64.07,63.33,63.93,12030279,JPM
2016-04-27,63.86,64.64,63.6,64.11,14850477,JPM
2016-04-28,63.64,64.42,63.35,63.6,12841555,JPM
2016-04-29,63.09,63.61,62.7,63.2,16297433,JPM
2016-05-02,63.69,64.0,63.14,63.79,10228650,JPM
2016-05-03,62.9,62.91,61.8,62.56,18993276,JPM
2016-05-04,61.75,62.26,61.27,61.57,16955039,JPM
2016-05-05,61.6,62.0,61.06,61.24,14029562,JPM
2016-05-06,60.7,61.68,60.59,61.6,11047364,JPM
2016-05-09,61.37,61.89,61.05,61.21,11192527,JPM
2016-05-10,61.55,62.26,61.35,62.04,11884732,JPM
2016-05-11,61.97,62.6,61.81,61.81,11201777,JPM
2016-05-12,62.27,62.56,61.37,61.77,10996165,JPM
2016-05-13,61.7,62.4,61.02,61.2,14397207,JPM
2016-05-16,61.21,61.98,61.0,61.66,10943684,JPM
2016-05-17,61.43,62.16,61.15,61.66,12164730,JPM
2016-05-18,61.7,64.17,61.69,64.04,24008793,JPM
2016-05-19,63.53,64.22,62.9,63.39,15882976,JPM
2016-05-20,63.86,64.19,63.37,63.51,11755544,JPM
2016-05-23,63.45,63.87,63.16,63.46,9328181,JPM
2016-05-24,63.94,64.77,63.81,64.54,13816086,JPM
2016-05-25,64.94,66.2,64.92,65.52,18921428,JPM
2016-05-26,65.57,65.58,64.91,65.03,9418636,JPM
2016-05-27,65.21,65.46,65.05,65.43,10112767,JPM
2016-05-31,65.73,65.82,64.96,65.27,15139407,JPM
2016-06-01,64.76,65.92,64.26,65.69,14031018,JPM
2016-06-02,65.52,65.81,65.16,65.81,10637550,JPM
2016-06-03,64.25,64.86,63.55,64.64,20261681,JPM
2016-06-06,64.64,65.76,64.6,65.28,13193497,JPM
2016-06-07,65.45,65.74,65.04,65.06,9924106,JPM
2016-06-08,64.93,65.48,64.92,65.25,9428013,JPM
2016-06-09,64.79,64.9,64.27,64.75,10817761,JPM
2016-06-10,63.93,64.07,63.58,63.84,16678358,JPM
2016-06-13,63.48,64.34,63.26,63.27,14382759,JPM
2016-06-14,62.68,63.47,61.68,62.08,19509322,JPM
2016-06-15,62.41,62.98,61.91,61.97,16982140,JPM
2016-06-16,61.45,62.3,60.9,62.22,16791228,JPM
2016-06-17,62.3,62.71,61.93,62.28,15751497,JPM
2016-06-20,63.45,63.85,62.34,62.37,12213239,JPM
2016-06-21,62.73,63.0,62.14,62.95,11611632,JPM
2016-06-22,62.95,63.71,62.68,62.71,12643492,JPM
2016-06-23,63.7,64.15,63.53,64.05,16583609,JPM
2016-06-24,60.48,61.7,59.34,59.6,44108712,JPM
2016-06-27,58.71,58.75,57.05,57.61,37925291,JPM
2016-06-28,59.19,59.55,58.26,59.52,29088741,JPM
2016-06-29,60.36,61.21,60.0,61.2,21483012,JPM
2016-06-30,61.63,62.19,61.02,62.14,21343616,JPM
2016-07-01,61.52,62.01,61.16,61.26,14217796,JPM
2016-07-05,60.45,60.6,59.1,59.55,23357694,JPM
2016-07-06,59.01,60.29,58.76,60.19,20429800,JPM
2016-07-07,60.52,61.14,60.16,60.58,13771417,JPM
2016-07-08,61.33,62.17,61.33,61.83,16998814,JPM
2016-07-11,62.42,62.95,62.14,62.27,13151438,JPM
2016-07-12,63.03,63.56,62.89,63.2,16588124,JPM
2016-07-13,63.08,63.43,62.64,63.16,18526932,JPM
2016-07-14,64.74,64.98,64.05,64.12,28985935,JPM
2016-07-15,64.75,64.8,63.61,64.18,17607090,JPM
2016-07-18,64.13,64.4,63.9,63.96,10824364,JPM
2016-07-19,63.61,64.1,63.46,63.86,9737390,JPM
2016-07-20,64.11,64.23,63.71,63.93,10411068,JPM
2016-07-21,64.0,64.18,63.63,63.69,9952750,JPM
2016-07-22,63.9,64.09,63.6,64.04,8195688,JPM
2016-07-25,63.98,64.17,63.68,63.87,8168252,JPM
2016-07-26,63.98,64.26,63.71,64.13,8067766,JPM
2016-07-27,64.08,64.68,64.06,64.33,11806756,JPM
2016-07-28,64.0,64.19,63.72,64.1,10013424,JPM
2016-07-29,63.8,64.29,63.75,63.97,13210412,JPM
2016-08-01,64.15,64.31,63.61,63.8,11422601,JPM
2016-08-02,63.59,64.01,63.38,63.65,13550022,JPM
2016-08-03,63.69,64.67,63.65,64.66,13122345,JPM
2016-08-04,64.49,64.82,64.27,64.56,9873007,JPM
2016-08-05,65.14,66.37,65.07,66.3,20752730,JPM
2016-08-08,66.07,66.48,65.84,66.1,11359174,JPM
2016-08-09,66.18,66.28,65.69,65.87,10096971,JPM
2016-08-10,65.92,66.07,65.16,65.28,11556086,JPM
2016-08-11,65.27,65.69,65.02,65.46,9604549,JPM
2016-08-12,64.97,65.35,64.86,65.32,7685383,JPM
2016-08-15,65.56,65.83,65.46,65.72,8371557,JPM
2016-08-16,65.36,65.96,65.24,65.71,10128856,JPM
2016-08-17,65.8,65.98,65.54,65.89,11868065,JPM
2016-08-18,65.62,65.99,65.53,65.95,9313621,JPM
2016-08-19,65.72,65.91,65.22,65.86,9084877,JPM
2016-08-22,65.75,65.88,65.41,65.8,9055631,JPM
2016-08-23,66.07,66.34,65.76,65.77,8949607,JPM
2016-08-24,65.99,66.23,65.77,65.95,10167204,JPM
2016-08-25,65.91,66.14,65.79,66.07,9978651,JPM
2016-08-26,66.33,66.88,65.84,66.22,14038597,JPM
2016-08-29,66.49,67.1,66.46,66.95,14583145,JPM
2016-08-30,66.96,67.6,66.95,67.5,13791151,JPM
2016-08-31,67.46,67.77,66.86,67.5,14952329,JPM
2016-09-01,67.64,67.72,66.65,67.21,12226517,JPM
2016-09-02,67.4,67.58,66.98,67.49,13720662,JPM
2016-09-06,67.5,67.55,66.71,67.44,16649371,JPM
2016-09-07,67.16,67.59,66.96,67.16,10070407,JPM
2016-09-08,67.22,67.68,67.0,67.25,12252961,JPM
2016-09-09,67.03,67.43,66.64,66.65,19686877,JPM
2016-09-12,66.14,67.3,65.76,67.06,16452983,JPM
2016-09-13,66.11,66.86,65.82,66.53,18876069,JPM
2016-09-14,66.27,67.24,66.21,66.4,12648595,JPM
2016-09-15,66.29,66.93,66.09,66.64,12639749,JPM
2016-09-16,66.09,66.26,65.44,65.82,25161488,JPM
2016-09-19,66.15,66.64,65.85,66.19,13466874,JPM
2016-09-20,66.75,66.85,66.24,66.46,10092157,JPM
2016-09-21,66.84,67.13,66.31,66.84,14116774,JPM
2016-09-22,66.99,67.42,66.84,67.39,12781744,JPM
2016-09-23,67.39,67.9,67.18,67.25,13967357,JPM
2016-09-26,66.6,66.8,65.54,65.78,16408130,JPM
2016-09-27,65.41,66.4,65.11,66.36,13711386,JPM
2016-09-28,66.58,66.77,65.99,66.71,11278036,JPM
2016-09-29,66.7,67.21,65.35,65.65,18727192,JPM
2016-09-30,66.08,67.06,66.08,66.59,21680093,JPM
2016-10-03,66.35,66.92,66.26,66.51,14901651,JPM
2016-10-04,66.21,67.18,66.1,66.6,17226890,JPM
2016-10-05,66.89,68.07,66.8,67.69,16279971,JPM
2016-10-06,67.73,67.97,67.05,67.87,17484978,JPM
2016-10-07,67.79,68.18,67.4,68.11,18497019,JPM
2016-10-10,68.34,69.06,68.23,68.64,13027466,JPM
2016-10-11,68.5,68.82,67.93,68.31,15657104,JPM
2016-10-12,68.26,68.59,68.05,68.13,11899831,JPM
2016-10-13,67.46,67.87,66.82,67.74,17890046,JPM
2016-10-14,68.8,69.03,67.3,67.52,24163776,JPM
2016-10-17,67.42,67.79,66.74,67.17,14963411,JPM
2016-10-18,67.85,68.21,67.54,67.7,11870286,JPM
2016-10-19,67.81,68.5,67.81,68.35,12705774,JPM
2016-10-20,68.08,68.68,67.94,68.26,14122005,JPM
2016-10-21,67.81,68.53,67.7,68.49,12175674,JPM
2016-10-24,68.97,69.05,68.5,68.87,10197123,JPM
2016-10-25,68.88,68.93,68.38,68.8,9945050,JPM
2016-10-26,68.37,69.25,68.37,69.13,9801266,JPM
2016-10-27,69.49,69.77,69.1,69.23,14210699,JPM
2016-10-28,69.53,69.55,68.46,69.11,12766498,JPM
2016-10-31,69.43,69.58,69.23,69.26,14336299,JPM
2016-11-01,69.48,69.78,68.33,68.97,15564491,JPM
2016-11-02,68.65,68.85,68.01,68.68,12449788,JPM
2016-11-03,68.86,69.19,68.22,68.38,10369670,JPM
2016-11-04,68.49,68.56,67.64,67.76,13571306,JPM
2016-11-07,69.08,69.97,69.0,69.88,16515137,JPM
2016-11-08,69.7,70.54,69.24,70.03,17531748,JPM
2016-11-09,71.46,74.15,71.32,73.25,50948378,JPM
2016-11-10,74.22,77.25,74.22,76.65,56192320,JPM
2016-11-11,76.3,76.72,75.77,76.69,27574323,JPM
2016-11-14,77.25,80.44,77.25,79.51,46130653,JPM
2016-11-15,78.37,79.41,77.78,79.36,28126307,JPM
2016-11-16,78.22,78.35,76.88,77.4,26054926,JPM
2016-11-17,77.93,78.46,77.6,78.02,19226190,JPM
2016-11-18,77.96,78.42,77.55,77.71,19769965,JPM
2016-11-21,78.0,78.17,77.29,78.05,11983529,JPM
2016-11-22,78.34,78.56,77.76,78.53,14410100,JPM
2016-11-23,78.87,79.24,77.89,78.86,13401387,JPM
2016-11-25,79.1,79.45,78.47,78.83,6185719,JPM
2016-11-28,78.18,78.87,78.02,78.32,13007242,JPM
2016-11-29,78.39,79.16,78.39,78.92,14144062,JPM
2016-11-30,79.92,80.53,79.7,80.17,25351899,JPM
2016-12-01,80.65,82.28,80.65,81.79,23823632,JPM
2016-12-02,81.8,81.83,80.9,81.6,16931504,JPM
2016-12-05,82.3,83.29,82.29,83.26,18529840,JPM
2016-12-06,83.6,83.81,82.43,83.69,16130043,JPM
2016-12-07,83.55,84.09,82.85,84.07,18996905,JPM
2016-12-08,84.23,85.5,83.94,85.12,20844853,JPM
2016-12-09,85.02,85.5,84.14,85.49,14567202,JPM
2016-12-12,85.36,85.79,84.29,84.73,14511332,JPM
2016-12-13,84.98,85.67,83.82,84.76,16669046,JPM
2016-12-14,83.88,86.12,83.76,84.73,22622633,JPM
2016-12-15,85.4,86.49,84.9,86.0,19438924,JPM
2016-12-16,86.29,86.29,84.89,84.94,23008520,JPM
2016-12-19,84.8,85.44,84.19,85.43,21685098,JPM
2016-12-20,85.79,86.54,85.54,86.53,14587310,JPM
2016-12-21,86.43,86.81,86.03,86.75,11400484,JPM
2016-12-22,86.44,87.17,86.21,86.89,13924219,JPM
2016-12-23,87.0,87.15,86.4,87.05,10759433,JPM
2016-12-27,87.05,87.16,86.75,87.13,6946360,JPM
2016-12-28,87.16,87.39,86.35,86.5,9455586,JPM
2016-12-29,86.58,86.67,85.04,85.89,14689042,JPM
2016-12-30,86.1,86.42,85.66,86.29,13617776,JPM
2017-01-03,87.34,87.76,85.98,87.23,20550714,JPM
2017-01-04,86.96,87.18,86.4,86.91,15266596,JPM
2017-01-05,86.81,87.11,85.26,86.11,14300816,JPM
2017-01-06,86.39,86.62,85.94,86.12,12893298,JPM
2017-01-09,85.73,86.77,85.52,86.18,12806609,JPM
2017-01-10,86.07,86.9,85.72,86.43,13989033,JPM
2017-01-11,86.43,87.08,85.91,87.08,14713067,JPM
2017-01-12,86.76,87.27,86.02,86.24,21337435,JPM
2017-01-13,87.11,88.17,86.1,86.7,28295985,JPM
2017-01-17,84.93,85.22,83.28,83.55,30024625,JPM
2017-01-18,83.63,84.23,83.03,83.94,21270134,JPM
2017-01-19,84.06,84.67,83.12,83.3,16555554,JPM
2017-01-20,83.43,83.83,83.28,83.67,18436790,JPM
2017-01-23,83.3,84.0,83.2,83.71,12179161,JPM
2017-01-24,83.92,85.0,83.56,84.72,15175319,JPM
2017-01-25,85.84,86.17,85.17,86.03,17550952,JPM
2017-01-26,85.95,86.95,85.95,86.75,15962835,JPM
2017-01-27,86.66,86.98,86.27,86.93,12535420,JPM
2017-01-30,86.19,86.5,85.32,86.03,13661859,JPM
2017-01-31,85.6,86.15,84.09,84.63,15655126,JPM
2017-02-01,85.54,86.1,84.68,84.95,15430940,JPM
2017-02-02,84.34,84.91,84.16,84.59,11081359,JPM
2017-02-03,86.19,87.31,85.86,87.18,17885244,JPM
2017-02-06,86.79,87.45,86.61,86.77,11828416,JPM
2017-02-07,87.14,87.4,86.48,86.72,9392832,JPM
2017-02-08,86.18,86.31,85.37,85.96,13970870,JPM
2017-02-09,86.42,87.33,86.13,87.2,13749123,JPM
2017-02-10,87.48,87.48,86.89,87.0,10992466,JPM
2017-02-13,87.44,88.74,87.43,88.15,18739103,JPM
2017-02-14,88.3,89.7,88.11,89.56,17932086,JPM
2017-02-15,90.08,90.87,89.35,90.59,17381807,JPM
2017-02-16,90.4,91.04,89.77,90.53,17672724,JPM
2017-02-17,89.82,90.46,89.69,90.23,15776589,JPM
2017-02-21,90.51,91.15,90.46,91.01,14068315,JPM
2017-02-22,90.52,91.3,90.42,91.06,11838980,JPM
2017-02-23,91.18,91.34,90.52,91.13,11066952,JPM
2017-02-24,90.18,90.54,89.73,90.33,15062298,JPM
2017-02-27,90.32,90.72,90.02,90.43,12360988,JPM
2017-02-28,89.84,90.82,89.58,90.62,15183542,JPM
2017-03-01,92.79,93.98,92.61,93.6,24451380,JPM
2017-03-02,93.87,93.92,92.03,92.14,16862487,JPM
2017-03-03,92.23,93.11,92.19,92.8,12861607,JPM
2017-03-06,92.25,92.32,91.1,91.92,15059178,JPM
2017-03-07,91.64,92.09,91.21,91.41,11156845,JPM
2017-03-08,92.68,92.85,91.1,91.21,17378401,JPM
2017-03-09,91.6,92.14,91.15,91.57,13726237,JPM
2017-03-10,91.95,92.0,90.53,91.28,13729948,JPM
2017-03-13,91.31,91.78,90.93,91.36,10004297,JPM
2017-03-14,91.02,91.65,90.76,91.51,10237702,JPM
2017-03-15,91.8,92.55,91.13,91.73,16601394,JPM
2017-03-16,92.03,92.81,91.57,91.64,14492039,JPM
2017-03-17,91.83,92.04,90.65,90.68,21734743,JPM
2017-03-20,90.27,91.17,89.79,90.03,14623597,JPM
2017-03-21,90.36,90.64,87.06,87.39,33089241,JPM
2017-03-22,86.89,88.07,86.01,87.53,21741025,JPM
2017-03-23,87.21,88.5,87.09,87.39,16090092,JPM
2017-03-24,87.79,88.09,86.77,87.29,16093237,JPM
2017-03-27,85.53,87.4,85.23,87.24,16689294,JPM
2017-03-28,87.02,89.02,86.98,88.6,16264403,JPM
2017-03-29,88.6,88.82,88.08,88.27,10207578,JPM
2017-03-30,88.2,89.46,88.12,89.03,11630996,JPM
2017-03-31,88.71,88.74,87.75,87.84,16987605,JPM
2017-04-03,87.99,88.17,86.6,87.52,19831778,JPM
2017-04-04,86.89,87.67,86.72,87.31,14280832,JPM
2017-04-05,88.42,88.54,86.13,86.19,17635486,JPM
2017-04-06,85.98,86.91,85.25,86.48,14379588,JPM
2017-04-07,85.93,86.81,85.71,86.18,13097108,JPM
2017-04-10,86.08,86.69,85.4,85.88,15081616,JPM
2017-04-11,85.54,85.79,84.8,85.73,14690492,JPM
2017-04-12,85.93,85.95,85.03,85.4,14730636,JPM
2017-04-13,85.5,86.99,84.4,84.4,30529763,JPM
2017-04-17,84.44,86.08,84.37,85.86,19071650,JPM
2017-04-18,85.36,85.63,84.74,85.16,14127049,JPM
2017-04-19,85.5,85.92,84.36,84.46,17588506,JPM
2017-04-20,84.98,85.78,84.55,85.55,15635808,JPM
2017-04-21,85.5,85.68,84.51,84.52,19820592,JPM
2017-04-24,86.55,88.05,86.42,87.5,25468285,JPM
2017-04-25,88.55,89.13,88.26,88.26,18253752,JPM
2017-04-26,88.35,89.05,88.14,88.43,12832154,JPM
2017-04-27,88.37,88.37,87.01,87.61,13329025,JPM
2017-04-28,87.6,87.85,86.95,87.0,10755629,JPM
2017-05-01,87.36,87.74,86.56,87.06,15712266,JPM
2017-05-02,86.71,86.88,86.02,86.5,14414164,JPM
2017-05-03,86.06,87.1,86.02,87.0,11540536,JPM
2017-05-04,87.69,87.73,86.57,87.1,11540103,JPM
2017-05-05,87.25,87.34,86.42,87.0,9436036,JPM
2017-05-08,87.04,87.32,86.65,87.1,8162209,JPM
2017-05-09,87.26,87.84,86.5,86.75,10273937,JPM
2017-05-10,86.53,87.48,86.47,87.43,8334867,JPM
2017-05-11,87.09,87.48,86.35,87.16,10907382,JPM
2017-05-12,86.68,87.05,86.34,86.92,8738802,JPM
2017-05-15,87.1,87.49,86.86,87.34,8835631,JPM
2017-05-16,87.36,88.09,87.34,87.61,9794968,JPM
2017-05-17,86.11,86.39,83.97,84.27,24679728,JPM
2017-05-18,84.07,84.8,83.36,83.96,23350068,JPM
2017-05-19,84.21,85.34,84.15,84.78,13412878,JPM
2017-05-22,85.18,85.29,84.21,84.7,11635998,JPM
2017-05-23,84.75,86.07,84.51,85.76,11753016,JPM
2017-05-24,85.88,85.97,85.24,85.71,9923251,JPM
2017-05-25,85.99,86.08,85.08,85.35,12238543,JPM
2017-05-26,85.11,85.56,85.02,85.36,8113464,JPM
2017-05-30,85.13,85.15,83.78,83.9,12603176,JPM
2017-05-31,83.73,83.82,81.64,82.15,28327925,JPM
2017-06-01,82.46,83.08,81.65,83.06,17123490,JPM
2017-06-02,82.29,82.99,81.98,82.64,14998489,JPM
2017-06-05,82.64,83.51,82.58,82.79,9080165,JPM
2017-06-06,82.29,83.22,82.13,82.96,12196816,JPM
2017-06-07,83.31,84.11,83.1,83.91,13711071,JPM
2017-06-08,83.91,85.73,83.89,84.95,17950964,JPM
2017-06-09,85.51,87.05,85.39,86.96,19120172,JPM
2017-06-12,87.32,87.74,86.29,86.98,16053405,JPM
2017-06-13,87.55,87.85,86.98,87.27,12557225,JPM
2017-06-14,86.77,87.31,85.82,87.09,16175654,JPM
2017-06-15,86.25,87.08,86.24,86.57,12509682,JPM
2017-06-16,86.85,86.96,86.02,86.18,16936572,JPM
2017-06-19,86.97,88.23,86.85,88.07,15972336,JPM
2017-06-20,87.75,87.92,87.37,87.52,11197809,JPM
2017-06-21,87.48,87.54,86.76,87.12,10005941,JPM
2017-06-22,86.93,87.36,86.65,87.02,12180579,JPM
2017-06-23,87.66,88.0,86.61,86.86,18812029,JPM
2017-06-26,87.01,87.67,86.62,87.24,10082422,JPM
2017-06-27,87.71,88.94,87.5,88.05,15415152,JPM
2017-06-28,88.6,90.07,88.6,89.82,17466177,JPM
2017-06-29,92.34,92.65,90.31,91.15,27697818,JPM
2017-06-30,91.96,92.0,91.16,91.4,16892700,JPM
2017-07-03,91.56,93.48,91.41,92.75,13208087,JPM
2017-07-05,93.12,93.79,92.61,93.68,17535404,JPM
2017-07-06,93.54,94.51,92.88,93.38,16596123,JPM
2017-07-07,93.96,94.17,93.23,93.85,12817808,JPM
2017-07-10,93.5,93.68,93.09,93.19,13987191,JPM
2017-07-11,93.33,93.33,92.28,92.83,13262282,JPM
2017-07-12,92.61,92.83,92.07,92.51,13540107,JPM
2017-07-13,92.69,93.38,92.34,93.1,12820084,JPM
2017-07-14,90.81,92.6,90.58,92.25,22235168,JPM
2017-07-17,91.82,91.99,91.25,91.39,14374219,JPM
2017-07-18,90.45,91.58,90.32,91.07,14719404,JPM
2017-07-19,91.34,91.62,91.0,91.2,11651245,JPM
2017-07-20,91.15,91.72,90.9,91.2,11561740,JPM
2017-07-21,91.06,91.36,90.52,90.89,10971292,JPM
2017-07-24,90.96,91.54,90.91,91.28,10725116,JPM
2017-07-25,92.37,93.52,92.27,92.8,16447678,JPM
2017-07-26,93.1,93.19,91.68,91.93,11815499,JPM
2017-07-27,91.83,92.06,91.16,91.55,12332375,JPM
2017-07-28,91.45,91.75,90.9,91.28,9351915,JPM
2017-07-31,,92.36,,91.8,11520329,JPM
2017-08-01,92.49,93.14,92.28,93.03,12523725,JPM
2017-08-02,92.86,93.21,92.5,93.11,10165604,JPM
2017-08-03,92.7,93.13,92.24,92.5,11078804,JPM
2017-08-04,93.5,94.4,93.47,93.66,14323999,JPM
2017-08-07,93.89,94.19,93.71,94.02,7978339,JPM
2017-08-08,93.95,95.22,93.6,93.68,13745401,JPM
2017-08-09,92.98,93.68,92.83,93.53,11214440,JPM
2017-08-10,92.9,93.07,92.07,92.19,13252269,JPM
2017-08-11,92.13,92.67,91.24,91.42,10679534,JPM
2017-08-14,92.37,92.9,92.33,92.49,10994793,JPM
2017-08-15,93.31,93.56,92.65,92.73,8812720,JPM
2017-08-16,93.04,93.23,91.88,92.09,11085401,JPM
2017-08-17,91.76,91.96,90.5,90.65,13837463,JPM
2017-08-18,90.31,91.54,90.19,90.74,13040738,JPM
2017-08-21,90.85,90.94,90.16,90.63,11502065,JPM
2017-08-22,91.07,91.71,91.0,91.56,9211781,JPM
2017-08-23,90.87,92.34,90.84,91.67,8811292,JPM
2017-08-24,91.93,92.12,91.41,91.52,8623165,JPM
2017-08-25,91.88,92.48,91.8,91.89,11794644,JPM
2017-08-28,92.16,92.19,91.13,91.6,7292915,JPM
2017-08-29,90.45,91.31,90.31,91.1,10886082,JPM
2017-08-30,91.25,91.88,91.19,91.31,9165342,JPM
2017-08-31,91.81,91.85,90.8,90.89,13217404,JPM
2017-09-01,91.25,92.36,90.95,91.7,9815834,JPM
2017-09-05,91.02,91.1,89.02,89.51,17031549,JPM
2017-09-06,90.0,90.52,89.64,90.11,11845663,JPM
2017-09-07,90.11,90.13,88.08,88.53,14592255,JPM
2017-09-08,88.31,89.42,88.24,88.42,14242198,JPM
2017-09-11,89.39,90.25,88.95,89.79,13219047,JPM
2017-09-12,90.17,91.25,90.1,90.89,14003776,JPM
2017-09-13,90.61,91.5,90.32,91.15,12485428,JPM
2017-09-14,91.2,91.53,90.74,90.97,10562826,JPM
2017-09-15,91.08,91.71,90.76,91.62,18171794,JPM
2017-09-18,91.93,93.14,91.85,92.92,11318699,JPM
2017-09-19,92.71,94.36,92.52,93.94,12626131,JPM
2017-09-20,94.1,95.29,93.71,94.6,15311581,JPM
2017-09-21,94.46,95.37,94.19,95.03,10851489,JPM
2017-09-22,94.7,94.98,94.43,94.83,8358310,JPM
2017-09-25,94.51,94.88,93.45,94.12,10463432,JPM
2017-09-26,93.78,94.03,93.34,93.7,9358111,JPM
2017-09-27,94.97,95.72,94.58,95.18,14928264,JPM
2017-09-28,95.59,95.88,94.91,95.38,10270398,JPM
2017-09-29,95.3,95.52,95.02,95.51,11438412,JPM
2017-10-02,95.77,96.88,95.46,96.84,13797213,JPM
2017-10-03,96.83,97.43,96.77,97.35,9633452,JPM
2017-10-04,97.3,97.44,96.28,96.36,12166633,JPM
2017-10-05,96.0,97.4,95.55,97.09,14236219,JPM
2017-10-06,97.55,97.64,96.47,96.92,10231853,JPM
2017-10-09,96.96,97.07,96.14,96.41,7765100,JPM
2017-10-10,96.46,97.18,96.24,97.13,10631527,JPM
2017-10-11,96.83,96.91,96.22,96.26,1493431,JPM
2017-10-12,97.3,97.5,95.62,95.99,18251616,JPM
2017-10-13,95.48,96.71,94.96,95.86,13190576,JPM
2017-10-16,96.34,97.95,96.34,97.84,12434009,JPM
2017-10-17,98.07,98.18,97.32,97.62,10335687,JPM
2017-10-18,98.15,98.55,97.63,97.99,10158626,JPM
2017-10-19,97.19,98.2,97.09,98.11,9133863,JPM
2017-10-20,99.28,99.89,98.73,99.51,15326608,JPM
2017-10-23,99.51,99.99,99.24,99.34,9238624,JPM
2017-10-24,99.88,101.19,99.76,100.92,13000801,JPM
2017-10-25,101.25,101.45,100.19,101.02,14632741,JPM
2017-10-26,101.35,102.42,101.32,101.74,13054361,JPM
2017-10-27,101.43,102.23,101.05,101.77,10400446,JPM
2017-10-30,101.13,101.93,100.87,101.41,8839456,JPM
2017-10-31,101.37,101.7,100.57,100.61,8690197,JPM
2017-11-01,101.1,101.7,100.73,100.92,8418239,JPM
2017-11-02,100.87,101.76,100.16,101.59,8731788,JPM
2017-11-03,101.1,101.52,100.73,101.41,7103513,JPM
2017-11-06,101.34,101.69,100.66,100.78,8121544,JPM
2017-11-07,100.56,100.75,98.25,98.75,18822583,JPM
2017-11-08,98.27,98.37,97.15,97.64,18524671,JPM
2017-11-09,97.12,98.22,96.81,97.63,13697785,JPM
2017-11-10,97.81,98.34,97.5,97.51,9314009,JPM
2017-11-13,96.69,98.05,96.62,97.86,9303072,JPM
2017-11-14,97.34,97.78,96.85,97.27,11043772,JPM
2017-11-15,96.39,98.74,95.95,98.19,15384080,JPM
2017-11-16,98.53,99.06,98.31,98.47,9808033,JPM
2017-11-17,97.82,98.41,97.57,98.14,9017866,JPM
2017-11-20,98.45,99.14,97.76,99.01,9483200,JPM
2017-11-21,99.5,99.55,98.91,98.93,13389407,JPM
2017-11-22,99.03,99.52,98.59,98.64,7342248,JPM
2017-11-24,98.83,98.9,98.26,98.32,3680043,JPM
2017-11-27,98.31,99.13,97.93,97.93,13076207,JPM
2017-11-28,98.21,101.7,97.97,101.36,16772956,JPM
2017-11-29,102.41,104.22,101.96,103.73,21105546,JPM
2017-11-30,104.74,106.66,104.04,104.52,23945890,JPM
2017-12-01,104.9,105.32,102.2,104.79,19683510,JPM
2017-12-04,107.73,108.4,106.77,106.95,23576608,JPM
2017-12-05,105.58,107.41,104.12,105.72,17193948,JPM
2017-12-06,105.55,105.76,104.52,104.93,15476226,JPM
2017-12-07,103.95,105.18,103.73,104.62,13371781,JPM
2017-12-08,104.75,105.94,104.34,105.93,13506869,JPM
2017-12-11,105.72,106.06,105.31,105.62,10591228,JPM
2017-12-12,106.85,107.37,105.54,106.85,15508840,JPM
2017-12-13,106.7,107.11,105.48,105.51,15020293,JPM
2017-12-14,106.12,106.45,104.64,104.66,13034232,JPM
2017-12-15,105.79,106.52,105.2,106.14,29350598,JPM
2017-12-18,107.19,107.63,106.48,106.96,12713148,JPM
2017-12-19,107.35,107.49,106.44,106.51,12149937,JPM
2017-12-20,107.6,107.73,106.09,106.14,13091473,JPM
2017-12-21,106.59,108.07,106.56,107.83,12323670,JPM
2017-12-22,108.2,108.46,106.8,107.45,14573385,JPM
2017-12-26,107.2,107.99,106.4,107.02,7403739,JPM
2017-12-27,106.67,107.29,106.67,107.22,9496548,JPM
2017-12-28,107.4,107.84,107.16,107.79,7440555,JPM
2017-12-29,108.09,108.28,106.94,106.94,8925701,JPM
2006-01-03,34.29,34.29,33.2,33.52,9250100,MCD
2006-01-04,33.43,33.85,33.42,33.82,5990300,MCD
2006-01-05,33.82,34.2,33.73,33.86,6245200,MCD
2006-01-06,34.23,34.3,33.81,34.06,5877100,MCD
2006-01-09,34.0,34.74,33.99,34.71,4659900,MCD
2006-01-10,34.61,34.85,34.54,34.74,7021800,MCD
2006-01-11,34.82,35.36,34.8,35.34,8209000,MCD
2006-01-12,35.25,35.32,34.74,34.79,11593600,MCD
2006-01-13,34.65,34.74,34.35,34.47,4807700,MCD
2006-01-17,34.72,35.16,34.52,34.59,5499200,MCD
2006-01-18,34.58,35.44,34.41,34.66,10552500,MCD
2006-01-19,35.3,35.37,35.0,35.2,9093800,MCD
2006-01-20,35.2,35.91,35.09,35.86,11437300,MCD
2006-01-23,35.86,36.09,35.27,35.71,6994800,MCD
2006-01-24,35.94,36.31,35.67,35.85,9685600,MCD
2006-01-25,36.0,36.14,34.55,35.16,21016500,MCD
2006-01-26,35.5,35.7,34.75,34.94,12358300,MCD
2006-01-27,34.94,35.24,34.92,35.05,7355400,MCD
2006-01-30,34.9,35.07,34.83,35.02,8004200,MCD
2006-01-31,35.04,35.25,34.9,35.01,6988200,MCD
2006-02-01,35.01,35.71,34.99,35.67,7184900,MCD
2006-02-02,35.33,35.81,35.17,35.45,5409500,MCD
2006-02-03,35.45,36.08,35.44,35.97,6853000,MCD
2006-02-06,36.0,36.44,35.9,36.13,7163500,MCD
2006-02-07,36.3,36.51,36.06,36.19,4869300,MCD
2006-02-08,36.6,36.75,36.26,36.36,6444300,MCD
2006-02-09,36.31,36.49,36.22,36.3,4889600,MCD
2006-02-10,36.27,36.46,36.11,36.33,5741200,MCD
2006-02-13,36.41,36.59,36.16,36.36,3421100,MCD
2006-02-14,36.36,36.55,36.07,36.37,5392300,MCD
2006-02-15,36.26,36.27,35.75,36.01,7669400,MCD
2006-02-16,35.99,36.39,35.86,36.37,3963500,MCD
2006-02-17,36.37,36.44,36.01,36.06,4802300,MCD
2006-02-21,35.88,36.0,35.35,35.66,5250300,MCD
2006-02-22,35.75,36.08,35.72,35.95,4623400,MCD
2006-02-23,35.75,35.99,35.5,35.59,3751800,MCD
2006-02-24,35.49,35.52,35.19,35.34,4802800,MCD
2006-02-27,35.3,35.53,35.11,35.25,4262200,MCD
2006-02-28,35.3,35.47,34.89,34.91,5522700,MCD
2006-03-01,35.0,35.18,34.43,34.93,5945500,MCD
2006-03-02,34.93,34.99,34.69,34.94,4566200,MCD
2006-03-03,34.75,35.06,34.64,34.85,5433800,MCD
2006-03-06,34.61,34.96,34.57,34.67,4145100,MCD
2006-03-07,34.55,34.78,34.43,34.64,7942300,MCD
2006-03-08,34.67,34.9,34.65,34.68,6588600,MCD
2006-03-09,34.62,34.73,34.39,34.53,5009600,MCD
2006-03-10,34.6,35.01,34.54,34.65,3991100,MCD
2006-03-13,34.53,34.7,34.11,34.32,6117300,MCD
2006-03-14,34.17,34.41,34.12,34.26,5661700,MCD
2006-03-15,34.21,34.83,34.19,34.77,5235600,MCD
2006-03-16,34.7,35.14,34.7,35.06,5637800,MCD
2006-03-17,35.24,35.25,35.0,35.1,5983900,MCD
2006-03-20,34.94,35.07,34.67,34.73,3983900,MCD
2006-03-21,34.67,35.14,34.67,34.9,5700400,MCD
2006-03-22,35.03,35.13,34.62,34.8,4218100,MCD
2006-03-23,34.81,34.81,34.36,34.54,4701300,MCD
2006-03-24,34.54,34.86,34.4,34.7,3242800,MCD
2006-03-27,34.42,34.65,34.37,34.55,3338600,MCD
2006-03-28,34.36,34.77,34.28,34.31,4430800,MCD
2006-03-29,34.2,34.65,34.16,34.6,2583800,MCD
2006-03-30,34.41,34.8,34.18,34.55,4039100,MCD
2006-03-31,34.41,34.63,34.26,34.36,4020100,MCD
2006-04-03,34.45,34.91,34.43,34.73,5750000,MCD
2006-04-04,34.88,34.91,34.57,34.66,4283300,MCD
2006-04-05,34.58,34.89,34.43,34.81,5667500,MCD
2006-04-06,34.47,34.91,34.47,34.6,4033800,MCD
2006-04-07,34.63,34.99,34.48,34.88,4716800,MCD
2006-04-10,35.0,35.45,34.95,35.35,6109800,MCD
2006-04-11,35.39,35.57,35.19,35.55,5525900,MCD
2006-04-12,35.37,35.41,34.97,35.19,6314200,MCD
2006-04-13,35.49,35.49,34.7,34.85,10711400,MCD
2006-04-17,34.78,34.83,34.05,34.32,6301700,MCD
2006-04-18,34.32,34.68,34.11,34.48,5441300,MCD
2006-04-19,34.33,34.85,34.33,34.55,3408600,MCD
2006-04-20,34.55,35.11,34.55,35.08,5006100,MCD
2006-04-21,34.88,35.0,34.36,34.6,6320500,MCD
2006-04-24,34.35,34.45,34.08,34.26,5687200,MCD
2006-04-25,34.06,34.17,33.81,33.85,7113900,MCD
2006-04-26,33.9,34.13,33.71,34.11,4218300,MCD
2006-04-27,33.85,34.65,33.85,34.62,4864300,MCD
2006-04-28,34.6,34.72,34.3,34.57,4714000,MCD
2006-05-01,34.64,34.75,34.31,34.37,4054700,MCD
2006-05-02,34.4,34.53,34.22,34.41,3975400,MCD
2006-05-03,34.48,34.88,34.32,34.86,4472600,MCD
2006-05-04,34.85,35.08,34.8,34.85,4646200,MCD
2006-05-05,34.88,35.25,34.85,35.21,6408400,MCD
2006-05-08,35.21,35.39,35.2,35.39,4039200,MCD
2006-05-09,35.7,35.93,35.57,35.83,5933100,MCD
2006-05-10,35.76,35.99,35.69,35.96,4813600,MCD
2006-05-11,35.95,35.96,35.22,35.35,4927600,MCD
2006-05-12,35.37,35.52,34.87,34.88,5397100,MCD
2006-05-15,34.88,35.0,34.61,34.97,4067000,MCD
2006-05-16,35.05,35.12,34.67,34.7,3323800,MCD
2006-05-17,34.53,34.76,34.43,34.56,6572400,MCD
2006-05-18,34.83,34.97,34.41,34.44,5374800,MCD
2006-05-19,34.65,34.72,33.97,34.15,6252800,MCD
2006-05-22,34.08,34.14,33.51,34.03,7387900,MCD
2006-05-23,34.03,34.13,33.53,33.53,5219800,MCD
2006-05-24,33.63,33.68,32.79,32.95,9722100,MCD
2006-05-25,33.14,33.28,32.88,33.26,7128000,MCD
2006-05-26,33.35,33.35,32.88,32.92,6168700,MCD
2006-05-30,32.8,33.08,32.62,32.72,4502700,MCD
2006-05-31,32.78,33.28,32.72,33.17,6087800,MCD
2006-06-01,32.97,33.74,32.96,33.68,6745800,MCD
2006-06-02,33.55,33.78,33.25,33.51,4423400,MCD
2006-06-05,33.51,33.56,33.08,33.15,4387300,MCD
2006-06-06,33.25,33.55,32.81,33.31,5780300,MCD
2006-06-07,33.5,33.77,33.3,33.32,5070600,MCD
2006-06-08,33.57,33.74,32.98,33.69,8470300,MCD
2006-06-09,33.65,33.88,33.38,33.38,4131600,MCD
2006-06-12,33.5,33.62,32.83,32.93,5335000,MCD
2006-06-13,33.0,33.47,31.73,31.94,7657900,MCD
2006-06-14,32.0,32.96,31.97,32.85,7856300,MCD
2006-06-15,32.91,33.53,32.64,33.35,6635500,MCD
2006-06-16,33.31,33.35,32.94,33.14,6044900,MCD
2006-06-19,33.11,33.25,32.76,32.85,4130400,MCD
2006-06-20,33.0,33.11,32.7,32.96,5103300,MCD
2006-06-21,32.85,33.54,32.85,33.4,6911000,MCD
2006-06-22,33.2,33.4,32.48,32.55,5239700,MCD
2006-06-23,32.55,33.01,32.5,32.6,3769400,MCD
2006-06-26,32.6,32.8,32.43,32.66,3812300,MCD
2006-06-27,32.5,32.79,32.49,32.51,4593800,MCD
2006-06-28,32.5,32.59,31.91,31.97,8569900,MCD
2006-06-29,32.4,33.69,32.4,33.56,9137500,MCD
2006-06-30,33.81,34.6,33.57,33.6,7912800,MCD
2006-07-03,33.7,34.0,33.57,33.97,1764400,MCD
2006-07-05,33.45,33.88,33.3,33.76,4384900,MCD
2006-07-06,33.72,33.84,33.43,33.69,3668100,MCD
2006-07-07,33.52,33.71,33.09,33.18,4125300,MCD
2006-07-10,33.5,33.89,33.39,33.68,3813600,MCD
2006-07-11,33.79,34.33,33.3,34.28,5715000,MCD
2006-07-12,34.38,34.45,33.66,33.81,5317000,MCD
2006-07-13,33.55,33.68,33.08,33.17,4478800,MCD
2006-07-14,32.96,33.13,32.75,33.04,5022400,MCD
2006-07-17,34.0,34.96,33.79,34.72,12845300,MCD
2006-07-18,35.0,35.16,34.57,34.81,8332100,MCD
2006-07-19,34.81,35.2,34.7,35.09,6201000,MCD
2006-07-20,34.91,35.0,34.52,34.67,4997000,MCD
2006-07-21,34.72,34.75,34.45,34.7,5696300,MCD
2006-07-24,34.69,34.96,34.57,34.84,4145700,MCD
2006-07-25,35.0,35.34,34.65,34.76,8185500,MCD
2006-07-26,34.49,34.77,34.39,34.45,6801400,MCD
2006-07-27,34.7,34.95,34.45,34.73,5281300,MCD
2006-07-28,34.8,35.4,34.62,35.29,5034200,MCD
2006-07-31,35.37,35.5,35.13,35.39,4108200,MCD
2006-08-01,35.2,35.23,34.85,35.08,3937900,MCD
2006-08-02,35.5,35.7,34.98,35.59,5352000,MCD
2006-08-03,35.35,36.0,35.15,35.84,5452300,MCD
2006-08-04,35.98,36.06,35.23,35.41,5142900,MCD
2006-08-07,35.25,35.56,35.21,35.53,2866000,MCD
2006-08-08,35.53,35.68,34.95,35.16,8325100,MCD
2006-08-09,35.5,35.52,34.26,34.36,8927200,MCD
2006-08-10,34.23,35.08,34.22,34.87,4501900,MCD
2006-08-11,34.87,34.96,34.5,34.69,2507100,MCD
2006-08-14,35.05,35.1,34.66,34.72,3550700,MCD
2006-08-15,35.18,35.57,34.93,35.5,4611900,MCD
2006-08-16,35.59,35.99,35.43,35.97,4428800,MCD
2006-08-17,36.0,36.25,35.92,36.24,4143900,MCD
2006-08-18,36.24,36.24,35.91,36.18,3287100,MCD
2006-08-21,36.1,36.1,35.62,35.71,3379700,MCD
2006-08-22,35.71,36.01,35.43,35.6,3346300,MCD
2006-08-23,35.56,35.74,35.26,35.59,3896000,MCD
2006-08-24,35.59,35.88,35.16,35.88,4326000,MCD
2006-08-25,35.62,35.69,35.16,35.23,3064800,MCD
2006-08-28,35.15,35.93,35.14,35.81,3714000,MCD
2006-08-29,35.81,36.15,35.73,36.08,2968300,MCD
2006-08-30,36.17,36.2,35.8,36.15,2957000,MCD
2006-08-31,36.16,36.19,35.77,35.9,2544900,MCD
2006-09-01,36.25,36.8,36.01,36.76,6926700,MCD
2006-09-05,36.55,36.76,36.42,36.65,3903900,MCD
2006-09-06,36.35,36.58,36.17,36.22,5244800,MCD
2006-09-07,36.12,36.61,36.05,36.52,4125400,MCD
2006-09-08,36.69,37.51,36.35,37.5,8452700,MCD
2006-09-11,37.6,37.75,37.1,37.12,11204400,MCD
2006-09-12,37.4,38.29,37.35,38.2,19393300,MCD
2006-09-13,37.8,38.09,37.8,37.84,12759300,MCD
2006-09-14,37.65,37.83,37.03,37.33,9699600,MCD
2006-09-15,37.55,37.83,37.27,37.73,13112200,MCD
2006-09-18,37.73,37.75,37.3,37.42,4902800,MCD
2006-09-19,37.53,37.7,37.33,37.58,5353200,MCD
2006-09-20,37.78,37.93,37.62,37.78,6323500,MCD
2006-09-21,37.88,38.42,37.8,38.34,8466700,MCD
2006-09-22,38.29,38.53,38.07,38.21,5591100,MCD
2006-09-25,38.2,38.96,38.08,38.85,15571400,MCD
2006-09-26,38.61,39.09,38.55,39.06,7944500,MCD
2006-09-27,39.43,40.06,39.43,39.82,14464200,MCD
2006-09-28,39.76,39.93,39.23,39.59,7593300,MCD
2006-09-29,39.55,39.88,39.11,39.12,11919800,MCD
2006-10-02,39.12,39.77,38.95,39.51,14210800,MCD
2006-10-03,39.62,40.05,39.62,39.68,38317900,MCD
2006-10-04,39.83,40.09,39.7,40.0,53013500,MCD
2006-10-05,39.96,40.05,39.67,39.8,86981800,MCD
2006-10-06,39.96,40.28,39.48,40.11,21206500,MCD
2006-10-09,40.15,40.7,40.0,40.57,14783200,MCD
2006-10-10,40.5,40.88,40.45,40.84,8072100,MCD
2006-10-11,40.61,41.28,40.6,41.25,10757300,MCD
2006-10-12,41.9,42.46,41.8,42.23,19024400,MCD
2006-10-13,41.9,42.22,41.85,42.11,24260600,MCD
2006-10-16,41.93,42.27,41.71,42.12,12453500,MCD
2006-10-17,41.84,41.97,41.46,41.6,9877600,MCD
2006-10-18,41.99,42.09,41.23,41.47,15384500,MCD
2006-10-19,41.43,41.47,40.0,40.77,20305200,MCD
2006-10-20,41.1,41.47,40.78,41.47,12770000,MCD
2006-10-23,41.37,42.36,41.35,42.14,12637000,MCD
2006-10-24,41.9,42.46,41.84,42.25,11380300,MCD
2006-10-25,42.24,42.48,41.69,42.0,8889400,MCD
2006-10-26,41.92,42.15,41.61,42.11,6373100,MCD
2006-10-27,41.82,41.93,41.41,41.47,7309000,MCD
2006-10-30,41.48,41.96,41.22,41.92,8921400,MCD
2006-10-31,42.18,42.24,41.6,41.92,10009500,MCD
2006-11-01,42.15,42.15,41.76,41.86,6753600,MCD
2006-11-02,41.73,42.1,41.62,42.05,8055300,MCD
2006-11-03,42.05,42.1,41.21,41.24,7382900,MCD
2006-11-06,41.55,41.9,41.24,41.83,7915800,MCD
2006-11-07,41.83,42.08,41.66,41.67,16560500,MCD
2006-11-08,41.62,42.25,41.35,42.03,7647800,MCD
2006-11-09,42.03,42.12,41.86,42.09,7620300,MCD
2006-11-10,42.1,42.22,41.97,41.97,8643100,MCD
2006-11-13,41.2,41.6,40.85,41.51,10226300,MCD
2006-11-14,41.6,41.64,40.88,41.27,8263600,MCD
2006-11-15,41.18,41.7,40.99,41.1,10243100,MCD
2006-11-16,41.3,41.79,41.06,41.67,7781900,MCD
2006-11-17,41.67,41.82,41.28,41.82,6196800,MCD
2006-11-20,41.78,42.0,41.65,41.89,7821800,MCD
2006-11-21,41.98,42.25,41.91,42.06,8403500,MCD
2006-11-22,42.06,42.25,41.75,42.15,4708400,MCD
2006-11-24,41.87,42.26,41.67,41.88,1877700,MCD
2006-11-27,42.0,42.07,41.05,41.1,7251700,MCD
2006-11-28,41.0,41.47,40.79,41.4,6660800,MCD
2006-11-29,41.55,41.94,41.47,41.85,7239200,MCD
2006-11-30,41.94,42.12,41.55,41.97,6392200,MCD
2006-12-01,42.18,42.26,41.7,42.08,6326900,MCD
2006-12-04,42.05,42.67,42.0,42.5,5172400,MCD
2006-12-05,42.74,43.43,42.51,42.75,6714500,MCD
2006-12-06,42.95,43.0,42.54,42.96,5663600,MCD
2006-12-07,43.0,43.43,42.96,43.28,5775800,MCD
2006-12-08,43.52,43.89,43.25,43.76,7236300,MCD
2006-12-11,43.5,43.79,43.37,43.58,4661700,MCD
2006-12-12,43.49,43.58,42.81,43.04,5350800,MCD
2006-12-13,43.2,43.68,43.15,43.59,5026700,MCD
2006-12-14,43.51,43.94,43.38,43.69,4642600,MCD
2006-12-15,43.69,43.95,43.12,43.41,7400800,MCD
2006-12-18,43.34,43.75,43.25,43.48,5196400,MCD
2006-12-19,43.48,44.0,43.24,43.99,5906800,MCD
2006-12-20,44.0,44.24,43.74,43.86,5916400,MCD
2006-12-21,44.0,44.2,43.73,43.87,5511700,MCD
2006-12-22,43.87,43.98,43.52,43.57,3559600,MCD
2006-12-26,43.66,43.92,43.5,43.81,2226200,MCD
2006-12-27,43.95,44.36,43.82,44.33,3803000,MCD
2006-12-28,44.34,44.63,44.02,44.36,3415300,MCD
2006-12-29,44.17,44.68,44.1,44.33,3300500,MCD
2007-01-03,43.65,44.38,43.5,43.87,7579400,MCD
2007-01-04,43.75,43.86,42.87,43.54,9828000,MCD
2007-01-05,43.4,43.82,43.34,43.54,5701000,MCD
2007-01-08,43.5,43.85,43.25,43.71,4538500,MCD
2007-01-09,43.86,44.15,43.59,43.79,6832900,MCD
2007-01-10,43.78,44.29,43.46,44.26,6374800,MCD
2007-01-11,44.22,44.6,44.11,44.51,5626900,MCD
2007-01-12,44.67,44.68,44.09,44.22,7103000,MCD
2007-01-16,44.36,44.65,44.17,44.57,5377700,MCD
2007-01-17,44.57,45.06,44.39,44.86,9440200,MCD
2007-01-18,44.87,44.99,44.52,44.59,4690500,MCD
2007-01-19,44.67,44.9,44.3,44.81,5116900,MCD
2007-01-22,44.8,44.8,44.2,44.35,4918000,MCD
2007-01-23,44.55,45.0,44.4,44.85,6140200,MCD
2007-01-24,44.45,44.48,44.04,44.16,11019300,MCD
2007-01-25,43.98,44.14,42.86,43.0,10630400,MCD
2007-01-26,43.02,43.09,42.54,42.93,8542300,MCD
2007-01-29,42.78,43.65,42.75,43.23,8262100,MCD
2007-01-30,43.48,43.85,43.48,43.77,5818200,MCD
2007-01-31,43.77,44.44,43.65,44.35,7351500,MCD
2007-02-01,44.26,44.52,44.2,44.48,6086900,MCD
2007-02-02,44.48,44.74,44.42,44.54,4724100,MCD
2007-02-05,44.46,44.71,44.3,44.53,3520900,MCD
2007-02-06,44.7,44.86,44.43,44.77,4016600,MCD
2007-02-07,44.75,44.88,44.46,44.72,3362000,MCD
2007-02-08,44.73,44.84,44.14,44.35,6018400,MCD
2007-02-09,44.47,44.9,44.42,44.56,4946700,MCD
2007-02-12,44.5,44.9,44.4,44.73,5650094,MCD
2007-02-13,44.85,44.97,44.71,44.9,5113239,MCD
2007-02-14,44.95,45.05,44.71,45.02,5361004,MCD
2007-02-15,44.9,45.24,44.84,44.98,4127300,MCD
2007-02-16,45.0,45.38,44.86,45.32,6806900,MCD
2007-02-20,45.17,45.9,45.05,45.8,7022400,MCD
2007-02-21,45.8,46.12,45.74,45.97,5621200,MCD
2007-02-22,45.85,46.09,45.81,46.05,4804000,MCD
2007-02-23,46.05,46.21,45.83,46.01,3858900,MCD
2007-02-26,46.0,46.15,45.76,45.8,5905318,MCD
2007-02-27,45.54,45.75,44.0,44.46,9758900,MCD
2007-02-28,44.56,44.56,43.38,43.69,11719300,MCD
2007-03-01,43.49,44.44,42.94,44.1,10729819,MCD
2007-03-02,44.1,44.47,43.63,43.67,6448400,MCD
2007-03-05,43.46,43.73,42.85,42.91,6872900,MCD
2007-03-06,43.17,43.25,42.31,43.1,7306200,MCD
2007-03-07,42.92,43.26,42.65,43.1,5990100,MCD
2007-03-08,44.0,44.16,43.4,43.64,6853200,MCD
2007-03-09,43.8,44.49,43.78,44.15,6217700,MCD
2007-03-12,44.1,44.89,44.09,44.67,7331500,MCD
2007-03-13,44.62,44.63,43.43,43.48,8612900,MCD
2007-03-14,43.57,43.87,43.06,43.65,6574300,MCD
2007-03-15,43.5,43.75,43.4,43.47,5665500,MCD
2007-03-16,42.5,43.73,42.5,43.48,9813700,MCD
2007-03-19,43.65,44.24,43.65,43.87,4978400,MCD
2007-03-20,43.95,44.35,43.74,44.31,3929600,MCD
2007-03-21,44.27,44.7,43.82,44.61,4548900,MCD
2007-03-22,44.55,44.67,44.37,44.49,6411031,MCD
2007-03-23,45.0,45.14,44.34,45.05,6040874,MCD
2007-03-26,45.49,45.49,44.65,45.12,5300480,MCD
2007-03-27,44.87,45.19,44.82,45.04,4722700,MCD
2007-03-28,44.85,45.04,44.46,44.83,5982800,MCD
2007-03-29,45.29,45.3,44.66,44.87,5264746,MCD
2007-03-30,44.95,45.27,44.71,45.05,4770700,MCD
2007-04-02,44.28,45.14,44.26,44.82,4659500,MCD
2007-04-03,45.0,45.35,44.94,45.26,5775567,MCD
2007-04-04,45.04,45.49,45.04,45.23,3214696,MCD
2007-04-05,45.24,45.81,45.13,45.78,4870000,MCD
2007-04-09,45.95,46.63,45.81,46.49,7928168,MCD
2007-04-10,46.27,46.42,46.06,46.31,5558260,MCD
2007-04-11,46.31,46.74,46.24,46.44,8636327,MCD
2007-04-12,46.49,47.0,46.15,46.63,5691694,MCD
2007-04-13,47.2,47.92,46.87,47.64,9533752,MCD
2007-04-16,47.66,48.1,47.42,48.1,9647106,MCD
2007-04-17,48.05,49.13,48.05,49.01,14330021,MCD
2007-04-18,48.73,48.96,48.57,48.88,6733023,MCD
2007-04-19,49.0,49.0,48.32,48.78,6567297,MCD
2007-04-20,48.79,49.7,47.67,48.36,12584608,MCD
2007-04-23,48.4,48.8,48.23,48.64,6815061,MCD
2007-04-24,48.44,48.66,48.13,48.47,6641175,MCD
2007-04-25,48.71,48.95,48.32,48.63,6984795,MCD
2007-04-26,48.64,49.41,48.73,49.23,6849582,MCD
2007-04-27,48.8,49.1,48.7,48.95,4017978,MCD
2007-04-30,48.85,48.9,48.26,48.28,8215973,MCD
2007-05-01,48.28,49.2,48.21,49.14,6510340,MCD
2007-05-02,49.33,50.06,49.25,50.02,9455018,MCD
2007-05-03,50.0,50.02,49.58,49.91,7959440,MCD
2007-05-04,49.92,50.01,49.55,49.92,4896488,MCD
2007-05-07,49.92,50.0,49.42,49.5,9376339,MCD
2007-05-08,49.5,49.85,49.3,49.32,4710420,MCD
2007-05-09,49.39,49.95,49.25,49.84,6302649,MCD
2007-05-10,49.71,50.12,49.63,50.0,12965871,MCD
2007-05-11,50.0,50.76,49.58,50.65,10294750,MCD
2007-05-14,50.6,50.85,50.48,50.63,7409062,MCD
2007-05-15,50.64,51.88,50.63,51.27,9826300,MCD
2007-05-16,51.29,52.09,50.74,51.97,11053810,MCD
2007-05-17,51.6,52.27,51.51,52.26,13338404,MCD
2007-05-18,52.27,52.42,51.82,52.33,13455255,MCD
2007-05-21,52.34,52.33,51.99,52.27,11869830,MCD
2007-05-22,52.13,52.58,51.95,52.5,9919540,MCD
2007-05-23,52.35,52.5,51.35,51.57,7072870,MCD
2007-05-24,51.57,52.07,50.74,50.96,8137475,MCD
2007-05-25,50.94,51.29,50.73,50.9,4974500,MCD
2007-05-29,50.92,50.92,50.14,50.61,6444225,MCD
2007-05-30,50.61,50.52,49.79,50.23,8186934,MCD
2007-05-31,50.65,50.83,50.3,50.55,7921850,MCD
2007-06-01,50.55,51.23,50.55,50.95,3883234,MCD
2007-06-04,50.95,51.21,50.45,51.1,4972198,MCD
2007-06-05,51.1,51.2,50.43,50.85,6008750,MCD
2007-06-06,50.85,50.88,50.47,50.64,7471493,MCD
2007-06-07,50.68,51.48,50.21,50.21,8296073,MCD
2007-06-08,50.22,51.48,50.56,51.41,12047053,MCD
2007-06-11,51.47,51.62,50.98,51.25,6096892,MCD
2007-06-12,51.26,52.1,51.35,51.48,8642054,MCD
2007-06-13,51.4,52.22,51.25,52.19,7463000,MCD
2007-06-14,52.2,52.53,51.77,52.25,5097370,MCD
2007-06-15,52.49,52.6,52.13,52.17,6415010,MCD
2007-06-18,52.07,52.51,51.69,52.4,5850419,MCD
2007-06-19,52.4,52.88,52.19,52.48,6007249,MCD
2007-06-20,52.48,52.47,51.3,51.33,7597038,MCD
2007-06-21,51.32,51.37,50.64,51.07,5827971,MCD
2007-06-22,50.96,51.09,50.02,50.42,10491900,MCD
2007-06-25,50.6,51.85,50.19,51.3,10829081,MCD
2007-06-26,51.5,51.94,51.2,51.75,8577183,MCD
2007-06-27,51.55,51.66,51.19,51.34,8439762,MCD
2007-06-28,51.36,51.47,50.79,50.85,5495783,MCD
2007-06-29,51.22,51.37,50.47,50.76,6571995,MCD
2007-07-02,51.19,51.4,50.81,51.38,11794495,MCD
2007-07-03,51.44,52.06,51.34,51.4,4829626,MCD
2007-07-05,51.4,51.87,51.1,51.21,6198848,MCD
2007-07-06,51.35,51.62,51.0,51.43,5881740,MCD
2007-07-09,51.44,51.45,50.81,51.14,5003649,MCD
2007-07-10,50.88,51.11,50.25,50.34,6506503,MCD
2007-07-11,50.23,50.88,50.23,50.72,4307600,MCD
2007-07-12,51.0,51.66,50.5,51.65,6588469,MCD
2007-07-13,51.73,52.5,51.4,51.91,6972147,MCD
2007-07-16,52.57,52.57,51.82,52.1,6155723,MCD
2007-07-17,52.02,52.4,52.0,52.16,5487889,MCD
2007-07-18,52.23,52.84,51.92,52.2,5086865,MCD
2007-07-19,52.69,52.73,52.16,52.67,3352484,MCD
2007-07-20,52.73,53.22,51.95,52.09,7519178,MCD
2007-07-23,52.65,52.87,51.89,52.5,5431770,MCD
2007-07-24,51.7,52.78,51.49,51.55,7149411,MCD
2007-07-25,51.61,52.0,50.79,50.96,8705617,MCD
2007-07-26,50.65,51.04,48.86,49.5,17387391,MCD
2007-07-27,49.2,49.53,48.47,48.76,11278918,MCD
2007-07-30,48.81,48.92,48.05,48.39,8499984,MCD
2007-07-31,48.45,48.9,47.86,47.87,8498332,MCD
2007-08-01,47.68,48.37,47.5,48.27,12486858,MCD
2007-08-02,48.08,49.28,48.07,48.99,12177293,MCD
2007-08-03,49.04,49.41,48.46,48.52,7738150,MCD
2007-08-06,48.27,49.53,48.26,49.46,9994690,MCD
2007-08-07,49.0,50.3,49.0,49.73,7281651,MCD
2007-08-08,49.76,51.0,48.32,50.29,10242416,MCD
2007-08-09,49.5,51.88,49.01,49.93,13258974,MCD
2007-08-10,49.65,49.93,48.59,49.41,8513044,MCD
2007-08-13,49.69,49.99,48.6,48.71,6795800,MCD
2007-08-14,48.61,48.71,47.38,48.0,10058197,MCD
2007-08-15,48.2,48.75,47.5,47.56,8208144,MCD
2007-08-16,46.85,48.35,46.64,48.07,10930532,MCD
2007-08-17,49.16,49.2,47.33,47.57,12153615,MCD
2007-08-20,47.73,48.72,47.66,48.29,5143700,MCD
2007-08-21,48.52,48.84,48.06,48.47,5581200,MCD
2007-08-22,48.62,49.45,48.56,49.36,6385200,MCD
2007-08-23,49.36,50.03,49.5,49.85,6666200,MCD
2007-08-24,49.89,50.46,49.63,50.12,5848300,MCD
2007-08-27,50.0,50.56,49.39,49.47,4535512,MCD
2007-08-28,49.59,49.59,48.5,48.64,5780000,MCD
2007-08-29,48.7,49.31,48.17,49.19,6750400,MCD
2007-08-30,48.77,49.21,48.63,48.83,4129610,MCD
2007-08-31,49.28,49.54,49.12,49.25,4084400,MCD
2007-09-04,49.13,49.79,49.07,49.66,5795100,MCD
2007-09-05,49.37,50.0,48.98,49.24,4145700,MCD
2007-09-06,49.2,49.87,48.81,49.76,5867600,MCD
2007-09-07,49.5,49.58,49.0,49.24,5818820,MCD
2007-09-10,49.49,50.62,49.49,50.15,8939100,MCD
2007-09-11,51.01,52.54,50.93,51.76,17275900,MCD
2007-09-12,51.88,51.95,51.16,51.2,7710500,MCD
2007-09-13,52.69,54.68,52.66,54.3,20108740,MCD
2007-09-14,53.9,55.51,53.11,55.45,15606700,MCD
2007-09-17,55.3,55.44,54.14,54.64,11722222,MCD
2007-09-18,54.97,55.19,54.61,55.02,11114800,MCD
2007-09-19,54.85,55.73,54.75,55.41,11845700,MCD
2007-09-20,55.4,55.63,54.79,54.87,8236500,MCD
2007-09-21,55.48,55.48,54.7,54.8,10275502,MCD
2007-09-24,54.88,55.4,54.71,54.96,4712900,MCD
2007-09-25,54.8,54.9,53.89,54.15,13576336,MCD
2007-09-26,54.35,54.92,54.2,54.8,7709275,MCD
2007-09-27,54.83,54.95,54.06,54.56,6750398,MCD
2007-09-28,54.46,54.9,54.11,54.47,7248000,MCD
2007-10-01,54.75,56.22,54.67,56.01,8254200,MCD
2007-10-02,56.36,56.44,55.68,55.95,7951000,MCD
2007-10-03,55.95,56.24,55.54,56.11,5764700,MCD
2007-10-04,55.92,56.39,55.85,56.04,4871400,MCD
2007-10-05,56.07,56.56,55.93,56.37,6023000,MCD
2007-10-08,56.11,56.95,56.02,56.87,4225800,MCD
2007-10-09,57.02,57.46,56.7,57.38,6463400,MCD
2007-10-10,57.17,57.53,56.28,57.03,6547900,MCD
2007-10-11,57.31,57.42,55.95,56.25,7967400,MCD
2007-10-12,56.85,57.36,56.18,57.02,12561737,MCD
2007-10-15,57.29,57.35,55.93,56.19,9406550,MCD
2007-10-16,56.25,57.05,56.04,56.81,9602600,MCD
2007-10-17,57.22,57.29,56.45,56.96,5481800,MCD
2007-10-18,56.89,57.1,56.67,56.79,3714869,MCD
2007-10-19,56.35,57.07,56.32,56.42,8939895,MCD
2007-10-22,56.03,56.26,55.61,56.02,11976680,MCD
2007-10-23,56.2,56.97,55.69,56.97,8997500,MCD
2007-10-24,56.88,57.25,56.23,57.15,8250200,MCD
2007-10-25,57.15,58.28,56.94,58.07,7871100,MCD
2007-10-26,58.13,58.56,57.6,58.47,5832142,MCD
2007-10-29,58.42,59.53,58.42,59.18,6293900,MCD
2007-10-30,58.83,59.51,58.62,59.18,4555800,MCD
2007-10-31,59.23,59.85,58.83,59.75,7662400,MCD
2007-11-01,59.35,59.71,58.84,59.0,6922800,MCD
2007-11-02,59.2,59.45,58.5,59.02,7665300,MCD
2007-11-05,59.0,59.89,58.76,59.67,7032756,MCD
2007-11-06,59.71,59.92,59.39,59.74,7531972,MCD
2007-11-07,59.57,59.86,58.25,58.38,9703083,MCD
2007-11-08,59.21,59.59,58.81,59.37,17445228,MCD
2007-11-09,59.0,59.27,58.1,58.31,10049790,MCD
2007-11-12,59.25,59.25,58.51,58.54,16654272,MCD
2007-11-13,58.5,58.5,56.77,57.1,16885821,MCD
2007-11-14,57.56,57.7,56.58,56.7,8259341,MCD
2007-11-15,56.59,57.3,56.24,57.18,8701713,MCD
2007-11-16,57.49,58.34,57.49,58.13,12451086,MCD
2007-11-19,57.88,58.95,57.88,58.6,10722524,MCD
2007-11-20,58.6,58.81,57.9,58.48,9415577,MCD
2007-11-21,58.11,58.4,57.32,57.33,9121791,MCD
2007-11-23,57.82,58.0,57.3,57.72,4688570,MCD
2007-11-26,57.84,57.84,56.75,56.82,10469089,MCD
2007-11-27,57.0,57.78,56.89,57.46,7532391,MCD
2007-11-28,57.6,58.2,57.42,57.97,10942115,MCD
2007-11-29,57.67,58.4,57.57,58.35,6500629,MCD
2007-11-30,59.0,59.6,58.2,58.47,11931732,MCD
2007-12-03,58.45,60.35,58.1,59.83,10452737,MCD
2007-12-04,59.59,60.47,59.45,60.03,9330991,MCD
2007-12-05,59.44,59.86,59.06,59.51,9485374,MCD
2007-12-06,59.81,60.39,59.08,60.28,6454609,MCD
2007-12-07,60.45,60.77,59.94,60.16,6121870,MCD
2007-12-10,61.0,62.14,60.7,61.9,8790053,MCD
2007-12-11,61.85,63.49,61.75,63.13,12974966,MCD
2007-12-12,63.6,63.69,61.1,61.66,10203046,MCD
2007-12-13,61.48,62.25,61.1,61.51,7732342,MCD
2007-12-14,61.21,61.99,61.11,61.16,6799663,MCD
2007-12-17,61.0,61.0,59.71,59.76,7289989,MCD
2007-12-18,60.3,60.49,59.53,59.83,7369930,MCD
2007-12-19,59.96,60.1,58.75,58.85,6182371,MCD
2007-12-20,59.16,59.16,58.23,58.79,6540071,MCD
2007-12-21,59.2,60.25,59.0,60.03,9820889,MCD
2007-12-24,60.16,60.49,60.0,60.31,2926126,MCD
2007-12-26,60.01,60.5,59.81,59.88,3314085,MCD
2007-12-27,59.64,59.92,59.16,59.19,4191369,MCD
2007-12-28,59.76,59.79,59.17,59.5,5480495,MCD
2007-12-31,59.72,59.94,58.83,58.91,4345924,MCD
2008-01-02,59.48,59.48,57.89,58.1,7858239,MCD
2008-01-03,58.4,58.8,57.74,57.93,6514978,MCD
2008-01-04,57.33,57.47,56.43,57.05,9688236,MCD
2008-01-07,57.36,58.25,56.87,58.03,10784465,MCD
2008-01-08,58.44,58.64,56.96,57.08,10081403,MCD
2008-01-09,57.06,57.53,56.1,57.47,11602065,MCD
2008-01-10,57.69,58.49,56.96,58.17,10767378,MCD
2008-01-11,56.9,56.9,53.32,54.32,33217783,MCD
2008-01-14,54.89,55.31,53.72,54.96,12932759,MCD
2008-01-15,54.39,55.19,53.44,53.76,10108447,MCD
2008-01-16,53.41,53.83,52.22,52.41,13248657,MCD
2008-01-17,52.67,53.04,51.92,51.98,12878612,MCD
2008-01-18,52.45,53.29,52.26,52.4,11754634,MCD
2008-01-22,49.37,52.62,49.37,52.45,16888418,MCD
2008-01-23,51.64,53.05,50.89,53.01,19157471,MCD
2008-01-24,53.8,54.19,52.99,54.0,10308612,MCD
2008-01-25,54.46,54.75,53.99,54.1,12779785,MCD
2008-01-28,51.1,51.43,49.36,51.07,49724417,MCD
2008-01-29,51.43,51.43,50.07,50.75,20686960,MCD
2008-01-30,50.84,51.78,50.8,51.01,13597317,MCD
2008-01-31,50.25,53.58,50.11,53.58,18342627,MCD
2008-02-01,53.67,54.37,52.85,54.22,11658286,MCD
2008-02-04,54.23,54.29,53.3,53.88,6079067,MCD
2008-02-05,53.37,54.5,52.88,53.84,13425351,MCD
2008-02-06,54.19,54.19,53.53,53.73,11637330,MCD
2008-02-07,53.37,54.86,53.3,54.46,11228973,MCD
2008-02-08,54.9,56.41,54.81,55.64,12940602,MCD
2008-02-11,55.73,56.34,55.19,55.98,5906517,MCD
2008-02-12,56.35,56.82,55.92,56.37,9506796,MCD
2008-02-13,57.07,57.07,55.85,56.64,7738955,MCD
2008-02-14,56.77,56.77,55.5,55.58,5611790,MCD
2008-02-15,55.35,55.47,54.84,55.3,6972217,MCD
2008-02-19,55.82,55.99,55.5,55.67,7853662,MCD
2008-02-20,55.27,56.4,55.01,56.2,8007507,MCD
2008-02-21,56.28,56.35,55.12,55.23,5764572,MCD
2008-02-22,55.35,55.69,54.39,55.69,5963256,MCD
2008-02-25,55.61,56.16,55.12,56.05,5236559,MCD
2008-02-26,55.68,56.82,55.68,56.45,9347483,MCD
2008-02-27,56.22,57.0,55.1,55.33,13814979,MCD
2008-02-28,55.0,55.1,54.3,54.62,6969507,MCD
2008-02-29,54.3,54.76,53.94,54.11,7461598,MCD
2008-03-03,53.98,54.74,52.67,53.16,7495814,MCD
2008-03-04,52.9,53.63,52.62,53.63,7889338,MCD
2008-03-05,53.83,54.17,53.27,53.94,7091068,MCD
2008-03-06,53.64,54.2,53.0,53.04,6526576,MCD
2008-03-07,52.55,52.78,52.0,52.27,8056483,MCD
2008-03-10,54.65,54.73,52.93,53.8,17600808,MCD
2008-03-11,54.8,54.8,53.45,54.25,9330804,MCD
2008-03-12,54.47,54.63,53.6,53.7,7407867,MCD
2008-03-13,53.4,55.12,53.4,54.89,11973579,MCD
2008-03-14,55.18,55.18,53.75,54.78,10275914,MCD
2008-03-17,53.37,54.8,53.01,54.28,10530927,MCD
2008-03-18,54.85,55.48,54.01,54.85,10417035,MCD
2008-03-19,55.01,55.49,53.59,53.66,8740636,MCD
2008-03-20,53.95,54.76,53.66,54.42,13075519,MCD
2008-03-24,54.58,56.0,54.4,55.77,7874316,MCD
2008-03-25,55.67,56.51,55.36,56.2,7557941,MCD
2008-03-26,55.83,56.3,55.2,55.6,5240950,MCD
2008-03-27,55.83,56.22,55.42,55.45,8198807,MCD
2008-03-28,55.69,55.94,55.23,55.48,4778802,MCD
2008-03-31,55.56,56.0,55.56,55.77,6453525,MCD
2008-04-01,56.04,57.05,56.0,56.91,13341149,MCD
2008-04-02,57.05,57.24,56.37,56.66,8375028,MCD
2008-04-03,56.44,56.85,55.77,56.24,6786392,MCD
2008-04-04,56.22,56.33,55.4,55.72,7419611,MCD
2008-04-07,56.02,56.24,55.45,55.65,6745276,MCD
2008-04-08,55.42,56.03,55.4,55.87,4893831,MCD
2008-04-09,55.79,56.1,55.39,55.74,7686930,MCD
2008-04-10,55.59,56.21,55.59,55.85,6762799,MCD
2008-04-11,55.41,55.85,55.14,55.4,5331428,MCD
2008-04-14,55.49,55.81,55.23,55.54,3883268,MCD
2008-04-15,55.79,56.14,55.66,55.96,6655631,MCD
2008-04-16,56.31,57.2,55.7,57.18,7441377,MCD
2008-04-17,57.11,57.42,56.86,57.33,5394065,MCD
2008-04-18,57.56,58.47,57.55,58.3,6762971,MCD
2008-04-21,58.59,58.68,58.05,58.67,6180466,MCD
2008-04-22,57.94,58.77,57.42,58.35,10918559,MCD
2008-04-23,58.41,59.44,58.1,58.69,8814298,MCD
2008-04-24,58.65,59.88,58.29,59.58,7197181,MCD
2008-04-25,59.75,59.98,59.26,59.67,7969591,MCD
2008-04-28,59.75,59.99,59.2,59.59,7705051,MCD
2008-04-29,59.15,60.5,59.15,60.2,7821952,MCD
2008-04-30,60.0,60.6,59.54,59.58,8486562,MCD
2008-05-01,59.54,60.93,59.35,60.92,6954808,MCD
2008-05-02,60.9,61.24,60.8,60.95,7353345,MCD
2008-05-05,60.96,60.99,60.3,60.87,5311820,MCD
2008-05-06,60.61,60.7,60.09,60.49,5147446,MCD
2008-05-07,60.4,60.69,59.25,59.38,6223150,MCD
2008-05-08,59.73,59.8,58.79,59.77,7987773,MCD
2008-05-09,59.06,59.58,59.06,59.24,5219431,MCD
2008-05-12,59.3,61.04,59.3,60.87,6268325,MCD
2008-05-13,60.9,61.76,60.76,61.17,6601163,MCD
2008-05-14,61.35,61.5,60.27,60.44,8562586,MCD
2008-05-15,60.4,60.88,59.66,60.86,6108373,MCD
2008-05-16,60.87,60.95,60.27,60.53,5690907,MCD
2008-05-19,60.76,60.87,60.4,60.45,4924514,MCD
2008-05-20,60.28,60.45,59.14,59.68,8618538,MCD
2008-05-21,59.77,59.96,58.41,58.78,7843195,MCD
2008-05-22,58.75,59.26,58.42,58.53,5110950,MCD
2008-05-23,58.37,58.37,57.31,57.73,5778771,MCD
2008-05-27,57.87,58.46,57.55,58.11,5896026,MCD
2008-05-28,58.37,59.05,58.35,58.69,5481867,MCD
2008-05-29,58.7,59.84,58.62,59.48,4506423,MCD
2008-05-30,59.54,59.64,58.8,59.32,5132128,MCD
2008-06-02,59.12,59.19,58.07,58.55,4930410,MCD
2008-06-03,58.7,58.91,57.21,57.56,9188914,MCD
2008-06-04,57.43,58.62,57.43,57.98,7601463,MCD
2008-06-05,57.96,58.5,57.77,58.05,7715821,MCD
2008-06-06,57.7,57.82,56.84,56.95,7366502,MCD
2008-06-09,58.37,59.56,58.0,59.31,11668837,MCD
2008-06-10,59.01,60.41,59.01,59.77,9083245,MCD
2008-06-11,59.77,59.77,58.64,58.75,6613321,MCD
2008-06-12,58.98,59.85,58.92,59.34,6261310,MCD
2008-06-13,59.61,60.33,59.4,59.95,5033671,MCD
2008-06-16,59.44,60.3,59.39,59.94,4520645,MCD
2008-06-17,60.27,60.33,59.07,59.21,5305450,MCD
2008-06-18,58.95,59.4,58.05,58.21,6248725,MCD
2008-06-19,58.07,58.97,57.87,58.59,6060836,MCD
2008-06-20,58.26,58.5,57.35,57.4,10427584,MCD
2008-06-23,57.75,58.05,56.94,57.01,7033905,MCD
2008-06-24,57.55,57.81,56.08,57.02,9697430,MCD
2008-06-25,57.34,58.39,56.78,58.05,8294203,MCD
2008-06-26,57.48,58.1,56.41,56.45,10465837,MCD
2008-06-27,56.63,57.19,55.17,56.5,14277786,MCD
2008-06-30,56.7,57.43,55.52,56.22,12268437,MCD
2008-07-01,55.87,57.35,55.55,57.29,12089157,MCD
2008-07-02,57.4,58.43,57.18,57.43,9864995,MCD
2008-07-03,57.6,57.88,56.26,57.19,5834766,MCD
2008-07-07,57.42,58.01,56.64,57.36,8011763,MCD
2008-07-08,57.7,58.66,57.33,58.52,9711019,MCD
2008-07-09,58.7,59.5,58.28,59.25,10559739,MCD
2008-07-10,59.14,59.3,58.14,58.44,8734917,MCD
2008-07-11,57.88,58.36,57.19,57.32,9808613,MCD
2008-07-14,57.91,58.5,57.51,58.09,7040215,MCD
2008-07-15,57.52,59.46,57.33,58.56,9576481,MCD
2008-07-16,58.52,60.34,58.2,60.16,10214592,MCD
2008-07-17,59.8,60.98,59.01,60.37,9482442,MCD
2008-07-18,60.41,61.0,59.91,60.44,7257996,MCD
2008-07-21,60.36,60.9,59.19,59.75,8614875,MCD
2008-07-22,59.5,60.6,59.5,60.12,9622468,MCD
2008-07-23,61.2,61.21,58.52,59.66,15048342,MCD
2008-07-24,58.7,59.25,58.0,58.37,8440235,MCD
2008-07-25,58.59,59.99,58.35,58.65,7949762,MCD
2008-07-28,58.7,59.08,57.7,57.79,7273432,MCD
2008-07-29,58.3,60.0,57.97,59.7,10151693,MCD
2008-07-30,60.05,60.78,59.9,60.45,7740051,MCD
2008-07-31,60.2,60.98,59.69,59.79,6960082,MCD
2008-08-01,59.83,60.51,59.44,59.77,7167556,MCD
2008-08-04,59.84,60.96,59.77,60.55,6068504,MCD
2008-08-05,60.79,62.41,60.68,62.33,13334924,MCD
2008-08-06,61.9,62.42,61.42,62.14,9689717,MCD
2008-08-07,61.9,63.06,61.31,61.86,12579538,MCD
2008-08-08,62.39,66.24,61.55,65.67,27537613,MCD
2008-08-11,65.04,67.0,64.77,65.95,14801059,MCD
2008-08-12,65.21,65.43,63.62,63.94,13159108,MCD
2008-08-13,64.01,64.09,61.94,62.78,12390645,MCD
2008-08-14,62.65,64.29,62.0,63.6,9297818,MCD
2008-08-15,64.13,64.35,63.23,63.63,5170017,MCD
2008-08-18,63.89,64.23,63.04,63.29,6953412,MCD
2008-08-19,63.0,63.02,62.25,62.46,5645538,MCD
2008-08-20,62.64,62.67,61.96,62.43,4626436,MCD
2008-08-21,61.93,62.85,61.9,62.31,5135432,MCD
2008-08-22,62.69,63.9,62.69,63.42,5610940,MCD
2008-08-25,63.21,63.21,61.9,62.08,5997505,MCD
2008-08-26,62.07,62.27,61.21,62.13,5546989,MCD
2008-08-27,62.59,62.59,61.37,62.08,4891022,MCD
2008-08-28,62.34,62.95,61.71,62.89,5762930,MCD
2008-08-29,62.76,62.94,61.81,62.0,5955649,MCD
2008-09-02,62.39,64.29,62.39,62.91,9668671,MCD
2008-09-03,63.13,63.15,61.2,61.72,10104888,MCD
2008-09-04,61.51,61.54,59.96,60.02,7760582,MCD
2008-09-05,59.79,60.47,59.56,60.3,8913390,MCD
2008-09-08,61.26,62.5,60.93,62.42,10432324,MCD
2008-09-09,63.0,64.65,62.99,63.19,14469962,MCD
2008-09-10,63.38,63.77,62.59,63.2,8688473,MCD
2008-09-11,62.56,64.64,62.26,64.56,13363210,MCD
2008-09-12,64.12,64.87,63.57,64.06,9374647,MCD
2008-09-15,63.73,64.87,63.08,63.72,11333385,MCD
2008-09-16,63.49,65.08,63.11,64.29,15773246,MCD
2008-09-17,63.87,64.82,62.39,62.52,13401184,MCD
2008-09-18,63.38,64.23,62.09,63.96,13208400,MCD
2008-09-19,64.66,65.47,63.6,63.98,14007552,MCD
2008-09-22,63.58,64.76,62.22,62.57,12146537,MCD
2008-09-23,62.63,64.5,61.31,61.78,11455878,MCD
2008-09-24,62.0,62.65,60.7,61.43,8890207,MCD
2008-09-25,61.79,62.7,61.79,62.27,8929480,MCD
2008-09-26,62.05,63.34,62.05,63.2,8277830,MCD
2008-09-29,63.09,63.48,59.86,60.16,12665048,MCD
2008-09-30,61.29,61.73,59.88,61.7,12967080,MCD
2008-10-01,61.18,64.02,60.86,63.66,12382212,MCD
2008-10-02,63.64,63.9,61.17,61.88,10905422,MCD
2008-10-03,62.9,62.96,60.02,60.23,11173908,MCD
2008-10-06,58.99,59.84,55.45,57.15,16080194,MCD
2008-10-07,58.94,58.94,52.73,54.97,15347374,MCD
2008-10-08,53.26,55.83,53.25,53.41,20741009,MCD
2008-10-09,55.0,55.71,52.08,52.08,17220713,MCD
2008-10-10,50.04,57.78,45.79,53.35,33088649,MCD
2008-10-13,55.32,57.62,54.75,57.25,14495316,MCD
2008-10-14,59.32,59.84,54.64,56.02,17394985,MCD
2008-10-15,54.98,56.08,51.32,51.55,13076095,MCD
2008-10-16,52.02,55.27,50.8,54.46,17272802,MCD
2008-10-17,53.5,56.13,52.6,53.8,11573478,MCD
2008-10-20,54.87,56.86,54.28,56.84,8881999,MCD
2008-10-21,56.4,57.92,54.76,55.13,10833351,MCD
2008-10-22,55.16,56.18,53.6,54.18,17950809,MCD
2008-10-23,55.39,56.31,52.57,55.58,13356971,MCD
2008-10-24,52.41,54.55,51.7,53.06,13436391,MCD
2008-10-27,53.47,54.31,51.64,51.76,12080911,MCD
2008-10-28,52.76,56.73,52.23,56.62,13510825,MCD
2008-10-29,56.62,59.94,56.01,57.18,17848445,MCD
2008-10-30,58.96,59.5,56.85,57.87,11119225,MCD
2008-10-31,57.88,58.29,56.44,57.93,11162810,MCD
2008-11-03,58.41,58.93,56.59,57.03,7762401,MCD
2008-11-04,57.77,58.24,56.39,57.78,10603328,MCD
2008-11-05,57.52,58.06,55.75,56.0,8466024,MCD
2008-11-06,55.5,56.85,53.44,54.17,11095805,MCD
2008-11-07,53.93,55.85,53.93,55.47,8601339,MCD
2008-11-10,57.15,58.1,55.9,56.48,9061441,MCD
2008-11-11,56.42,57.01,55.62,56.29,9076185,MCD
2008-11-12,55.41,56.25,53.75,54.02,10940906,MCD
2008-11-13,54.15,56.3,52.0,56.25,15680963,MCD
2008-11-14,55.33,58.3,54.63,56.13,12851628,MCD
2008-11-17,55.9,57.11,55.5,55.61,11276409,MCD
2008-11-18,55.02,57.23,54.8,56.51,12905513,MCD
2008-11-19,56.25,57.94,55.26,55.44,16147301,MCD
2008-11-20,54.73,56.3,52.58,52.91,15883638,MCD
2008-11-21,53.68,55.21,51.15,55.15,20693646,MCD
2008-11-24,55.54,56.5,55.0,55.51,13473088,MCD
2008-11-25,56.5,57.11,54.83,56.81,14773529,MCD
2008-11-26,55.66,58.05,55.3,57.9,9378793,MCD
2008-11-28,57.63,58.98,57.06,58.75,3916426,MCD
2008-12-01,58.07,58.74,55.99,56.17,11079485,MCD
2008-12-02,56.87,57.75,55.44,57.05,10215791,MCD
2008-12-03,56.76,59.83,56.5,59.55,13456093,MCD
2008-12-04,59.24,62.08,58.77,60.84,16996402,MCD
2008-12-05,60.1,62.86,58.55,62.72,17843616,MCD
2008-12-08,63.35,63.99,60.4,60.92,16964115,MCD
2008-12-09,60.62,60.97,59.03,59.68,13459594,MCD
2008-12-10,60.22,61.93,59.76,61.66,11412155,MCD
2008-12-11,61.1,62.45,60.62,60.87,11651111,MCD
2008-12-12,59.62,61.18,59.52,60.59,9827740,MCD
2008-12-15,60.69,61.23,60.0,60.69,7964886,MCD
2008-12-16,61.14,63.0,60.91,62.92,13488049,MCD
2008-12-17,62.61,63.59,62.18,62.63,11076231,MCD
2008-12-18,63.02,63.02,60.9,61.29,11394954,MCD
2008-12-19,61.78,62.17,60.16,60.32,15966651,MCD
2008-12-22,60.32,61.4,60.07,61.4,9066405,MCD
2008-12-23,61.58,62.18,60.51,60.65,7178563,MCD
2008-12-24,61.23,61.66,60.75,61.28,2579270,MCD
2008-12-26,61.5,61.57,60.83,61.06,2410013,MCD
2008-12-29,60.99,61.37,59.79,60.38,5786649,MCD
2008-12-30,60.87,61.75,60.4,61.74,5802390,MCD
2008-12-31,61.64,62.39,61.32,62.19,6230469,MCD
2009-01-02,62.38,64.13,62.2,63.75,8653562,MCD
2009-01-05,63.26,63.84,62.89,63.56,7692861,MCD
2009-01-06,63.99,64.46,61.83,62.14,10858920,MCD
2009-01-07,61.93,62.57,60.84,61.24,7910335,MCD
2009-01-08,60.83,60.83,59.7,60.52,9382296,MCD
2009-01-09,60.71,60.95,59.85,60.07,7150697,MCD
2009-01-12,60.1,61.23,59.75,60.16,8683361,MCD
2009-01-13,60.31,60.8,58.82,59.32,9082849,MCD
2009-01-14,58.51,58.62,56.41,57.33,15341042,MCD
2009-01-15,57.2,58.59,56.55,57.98,12167420,MCD
2009-01-16,58.74,59.98,58.54,59.67,12445753,MCD
2009-01-20,59.59,59.8,56.91,57.07,11930516,MCD
2009-01-21,57.98,58.94,57.16,58.7,10261594,MCD
2009-01-22,58.07,59.46,57.69,58.72,10969361,MCD
2009-01-23,57.24,58.72,56.75,58.02,10270643,MCD
2009-01-26,57.23,58.66,56.45,58.4,14136254,MCD
2009-01-27,58.8,59.22,58.3,58.52,9993191,MCD
2009-01-28,59.7,59.7,58.31,59.2,11111574,MCD
2009-01-29,58.78,59.06,58.02,58.14,9559449,MCD
2009-01-30,58.5,58.73,57.37,58.02,9661135,MCD
2009-02-02,57.62,58.44,57.45,57.9,7652054,MCD
2009-02-03,58.29,59.15,57.19,58.88,8104225,MCD
2009-02-04,59.17,59.77,57.5,57.86,9268095,MCD
2009-02-05,57.5,58.58,57.07,58.36,11066473,MCD
2009-02-06,58.12,59.33,58.12,58.46,10788910,MCD
2009-02-09,59.03,59.43,58.05,59.02,12359547,MCD
2009-02-10,59.0,59.02,56.88,57.28,13324715,MCD
2009-02-11,57.49,57.85,56.63,57.08,9579726,MCD
2009-02-12,56.79,57.05,55.63,56.96,12798396,MCD
2009-02-13,57.06,57.59,56.69,56.81,6976699,MCD
2009-02-17,55.9,56.41,55.26,55.68,9744833,MCD
2009-02-18,56.0,56.56,55.55,56.41,9489638,MCD
2009-02-19,55.92,57.11,55.31,55.31,9524951,MCD
2009-02-20,54.88,55.23,54.05,54.57,13541418,MCD
2009-02-23,54.75,55.39,53.69,53.87,10859798,MCD
2009-02-24,54.22,54.94,53.92,54.76,10903584,MCD
2009-02-25,54.4,55.15,53.92,54.29,11533618,MCD
2009-02-26,54.52,54.69,52.06,52.2,10171475,MCD
2009-02-27,51.57,52.92,51.5,52.25,13384769,MCD
2009-03-02,51.8,52.63,51.28,51.85,13245887,MCD
2009-03-03,52.14,53.57,52.14,52.43,14878206,MCD
2009-03-04,53.1,53.7,52.29,53.15,11619401,MCD
2009-03-05,52.36,52.5,50.44,50.86,15555442,MCD
2009-03-06,51.24,52.19,50.9,52.12,18188640,MCD
2009-03-09,51.69,53.46,51.31,52.32,17925403,MCD
2009-03-10,52.83,53.5,52.07,52.6,17335112,MCD
2009-03-11,52.51,52.94,50.69,51.03,16627623,MCD
2009-03-12,51.39,52.43,50.51,52.17,15302928,MCD
2009-03-13,52.67,52.97,51.87,52.38,11354830,MCD
2009-03-16,52.65,52.93,51.55,51.69,9883311,MCD
2009-03-17,51.7,53.7,51.36,53.64,13657696,MCD
2009-03-18,53.44,55.55,53.42,55.42,12899739,MCD
2009-03-19,55.58,55.84,54.3,54.71,10357027,MCD
2009-03-20,54.48,55.23,52.94,53.2,13797331,MCD
2009-03-23,53.97,55.17,53.1,55.16,10847452,MCD
2009-03-24,55.0,55.0,53.38,53.56,9840704,MCD
2009-03-25,54.06,55.04,53.25,55.01,10880942,MCD
2009-03-26,55.49,56.09,54.78,56.06,11095930,MCD
2009-03-27,55.46,55.9,54.84,55.01,6636550,MCD
2009-03-30,54.0,54.17,53.03,53.92,8702772,MCD
2009-03-31,54.3,55.35,54.27,54.57,9045156,MCD
2009-04-01,54.3,55.33,53.87,55.24,8280313,MCD
2009-04-02,55.94,57.06,55.63,56.35,8797767,MCD
2009-04-03,56.2,56.64,55.56,56.64,7175617,MCD
2009-04-06,56.47,56.61,55.6,55.94,6495186,MCD
2009-04-07,55.64,55.77,54.6,55.4,7133170,MCD
2009-04-08,55.46,55.83,55.05,55.56,5825725,MCD
2009-04-09,56.29,57.27,56.16,56.67,7291902,MCD
2009-04-13,56.34,56.66,55.9,56.11,5506396,MCD
2009-04-14,55.8,55.9,54.52,54.82,8602562,MCD
2009-04-15,54.05,54.18,53.03,53.95,12181390,MCD
2009-04-16,54.15,54.85,53.8,54.7,8563458,MCD
2009-04-17,55.09,56.41,54.8,56.09,11687831,MCD
2009-04-20,55.51,55.79,55.14,55.33,7182088,MCD
2009-04-21,55.55,56.15,54.95,55.63,8929630,MCD
2009-04-22,55.78,56.51,54.2,54.25,12703432,MCD
2009-04-23,54.75,55.5,54.01,55.3,9877776,MCD
2009-04-24,55.17,55.45,54.05,54.31,9942543,MCD
2009-04-27,53.9,54.89,53.77,54.49,8146974,MCD
2009-04-28,54.05,55.33,54.0,54.53,7439434,MCD
2009-04-29,55.09,55.18,54.2,54.41,8888094,MCD
2009-04-30,54.71,55.24,53.1,53.29,11167350,MCD
2009-05-01,53.21,53.21,51.76,52.4,11165037,MCD
2009-05-04,52.89,53.97,52.5,52.77,12988629,MCD
2009-05-05,53.0,53.64,52.97,53.16,12385462,MCD
2009-05-06,53.55,54.6,53.39,53.69,12329232,MCD
2009-05-07,54.02,54.37,52.94,53.39,11229525,MCD
2009-05-08,55.1,55.45,54.51,54.92,13643770,MCD
2009-05-11,54.83,54.83,54.04,54.4,9664654,MCD
2009-05-12,54.74,54.81,53.25,53.97,8466996,MCD
2009-05-13,53.52,53.92,53.14,53.49,8667829,MCD
2009-05-14,53.36,54.12,53.24,53.57,8224628,MCD
2009-05-15,53.47,54.54,53.03,53.46,8267738,MCD
2009-05-18,53.51,54.27,53.04,54.2,8255094,MCD
2009-05-19,54.34,54.46,53.72,53.87,6328905,MCD
2009-05-20,55.18,57.0,55.02,56.25,15249232,MCD
2009-05-21,55.68,56.25,55.22,55.69,10265613,MCD
2009-05-22,55.92,57.69,55.69,57.08,10727192,MCD
2009-05-26,56.97,58.92,56.78,58.84,12257852,MCD
2009-05-27,58.68,58.95,57.77,57.82,10435492,MCD
2009-05-28,57.89,58.6,57.4,58.13,8402481,MCD
2009-05-29,58.28,59.03,57.69,58.99,8060143,MCD
2009-06-01,59.18,59.99,58.92,59.85,7746062,MCD
2009-06-02,59.57,60.77,59.48,60.38,9332413,MCD
2009-06-03,59.85,61.01,59.75,60.99,10425536,MCD
2009-06-04,60.65,60.65,59.8,60.24,10236899,MCD
2009-06-05,60.4,60.49,59.35,59.87,10285699,MCD
2009-06-08,58.58,59.18,57.75,58.72,14757327,MCD
2009-06-09,59.02,59.55,58.75,59.08,7952305,MCD
2009-06-10,59.6,59.62,57.87,58.36,9999824,MCD
2009-06-11,58.32,58.71,57.63,57.67,9325824,MCD
2009-06-12,57.72,58.48,57.5,58.36,7063106,MCD
2009-06-15,58.1,58.15,57.24,57.78,7538585,MCD
2009-06-16,57.91,57.91,56.82,57.07,8714170,MCD
2009-06-17,57.21,58.12,57.21,57.37,7216626,MCD
2009-06-18,57.55,58.82,57.21,58.16,6944600,MCD
2009-06-19,58.41,58.83,58.0,58.17,9605437,MCD
2009-06-22,57.8,58.02,57.13,57.2,7651587,MCD
2009-06-23,57.54,57.61,56.64,56.76,7329208,MCD
2009-06-24,57.07,57.1,56.04,56.3,7297486,MCD
2009-06-25,56.21,57.7,56.15,57.46,7841635,MCD
2009-06-26,57.39,57.4,56.75,57.0,8195165,MCD
2009-06-29,57.19,57.35,56.6,57.23,6641532,MCD
2009-06-30,57.3,58.14,57.21,57.49,7334495,MCD
2009-07-01,57.65,58.55,57.65,58.22,5733587,MCD
2009-07-02,57.69,57.83,57.25,57.45,6971312,MCD
2009-07-06,57.08,58.24,56.8,57.99,7533507,MCD
2009-07-07,58.0,58.0,56.75,56.8,8192686,MCD
2009-07-08,57.1,57.19,56.44,57.04,10771446,MCD
2009-07-09,57.25,57.29,56.28,56.77,7793536,MCD
2009-07-10,56.56,57.72,56.56,57.05,6739694,MCD
2009-07-13,57.07,57.53,56.56,57.27,7057365,MCD
2009-07-14,57.24,57.52,56.86,57.46,6670324,MCD
2009-07-15,57.48,57.49,56.71,57.08,11901588,MCD
2009-07-16,57.19,57.33,56.92,57.22,10080788,MCD
2009-07-17,57.34,58.05,57.26,57.84,9768600,MCD
2009-07-20,58.22,58.5,57.98,58.28,8093434,MCD
2009-07-21,58.52,58.67,57.91,58.63,7748829,MCD
2009-07-22,58.53,59.59,58.48,58.82,9147302,MCD
2009-07-23,56.99,57.19,55.62,56.09,34243430,MCD
2009-07-24,56.39,56.47,55.75,56.08,12340674,MCD
2009-07-27,56.22,56.31,55.7,55.97,7798008,MCD
2009-07-28,55.9,56.7,55.8,56.47,8750519,MCD
2009-07-29,56.25,56.96,56.2,56.41,8002501,MCD
2009-07-30,56.61,56.69,55.55,55.59,13849980,MCD
2009-07-31,55.5,55.79,54.92,55.06,13521250,MCD
2009-08-03,55.11,55.39,54.68,55.13,10613414,MCD
2009-08-04,55.32,55.49,54.91,55.01,11785524,MCD
2009-08-05,55.13,55.24,54.8,55.09,9426441,MCD
2009-08-06,55.2,55.25,54.67,54.84,10248911,MCD
2009-08-07,55.08,55.4,54.79,55.2,8137383,MCD
2009-08-10,55.8,56.49,55.75,56.27,11015887,MCD
2009-08-11,56.06,56.37,55.85,56.02,8713862,MCD
2009-08-12,55.91,56.63,55.76,56.26,7224731,MCD
2009-08-13,56.45,56.65,55.56,55.78,9927157,MCD
2009-08-14,55.69,55.8,54.83,55.27,7705972,MCD
2009-08-17,54.77,55.24,54.5,54.5,10440608,MCD
2009-08-18,54.57,55.27,54.43,55.26,10305661,MCD
2009-08-19,55.21,55.99,55.11,55.65,7963705,MCD
2009-08-20,55.76,56.25,55.65,56.14,5522188,MCD
2009-08-21,56.5,56.62,56.05,56.27,7671196,MCD
2009-08-24,56.38,56.38,55.7,55.91,6639573,MCD
2009-08-25,56.18,56.75,56.15,56.45,7446354,MCD
2009-08-26,56.47,57.22,56.3,57.0,8258748,MCD
2009-08-27,57.06,57.18,56.59,57.16,8464338,MCD
2009-08-28,57.02,57.05,55.76,56.07,8686368,MCD
2009-08-31,55.75,56.24,55.65,56.24,7888507,MCD
2009-09-01,56.05,56.4,55.46,55.64,7790099,MCD
2009-09-02,55.64,55.7,54.69,55.37,6958938,MCD
2009-09-03,55.55,55.6,55.06,55.57,5680074,MCD
2009-09-04,55.6,56.24,55.4,56.14,4882958,MCD
2009-09-08,56.4,56.62,56.0,56.22,7479772,MCD
2009-09-09,55.12,55.52,54.69,55.09,17823607,MCD
2009-09-10,55.25,55.39,54.75,54.85,12452012,MCD
2009-09-11,55.11,55.12,54.23,54.39,12206996,MCD
2009-09-14,54.1,54.34,53.88,54.23,10275749,MCD
2009-09-15,54.59,55.29,54.17,54.98,14274775,MCD
2009-09-16,55.29,56.64,55.0,56.47,17383995,MCD
2009-09-17,56.41,56.73,56.05,56.46,9720829,MCD
2009-09-18,56.6,57.0,56.3,57.0,14365773,MCD
2009-09-21,56.54,56.75,55.83,56.14,9828538,MCD
2009-09-22,56.5,56.5,55.58,55.81,8015238,MCD
2009-09-23,55.88,56.27,55.5,55.54,8590843,MCD
2009-09-24,55.68,56.39,55.54,56.12,9272370,MCD
2009-09-25,56.48,57.46,56.42,56.95,11280858,MCD
2009-09-28,57.24,57.67,57.08,57.17,7784160,MCD
2009-09-29,57.18,57.66,57.05,57.17,7543427,MCD
2009-09-30,56.96,57.33,56.22,57.07,9826272,MCD
2009-10-01,56.99,57.14,56.46,56.74,10006583,MCD
2009-10-02,56.27,57.18,56.09,56.71,8861971,MCD
2009-10-05,56.9,57.0,56.29,56.61,8041653,MCD
2009-10-06,56.72,57.64,56.72,57.44,7167511,MCD
2009-10-07,57.23,57.56,56.72,57.14,7284752,MCD
2009-10-08,57.47,57.62,56.81,56.87,8718960,MCD
2009-10-09,56.54,56.77,56.03,56.7,10227879,MCD
2009-10-12,56.93,57.54,56.57,56.68,8553945,MCD
2009-10-13,56.71,57.3,56.68,57.05,6164531,MCD
2009-10-14,57.4,57.93,57.39,57.5,7582530,MCD
2009-10-15,57.27,58.25,57.27,58.2,8140960,MCD
2009-10-16,58.08,59.23,58.06,58.78,9980425,MCD
2009-10-19,58.97,59.45,58.82,59.28,7567164,MCD
2009-10-20,59.6,59.65,58.62,58.92,7609617,MCD
2009-10-21,58.8,59.11,58.0,58.33,9629265,MCD
2009-10-22,59.87,60.6,59.09,59.5,24640970,MCD
2009-10-23,59.5,59.61,59.02,59.43,7631244,MCD
2009-10-26,59.51,59.96,59.12,59.2,9021479,MCD
2009-10-27,59.22,59.28,58.44,59.02,8336580,MCD
2009-10-28,58.65,59.32,58.6,58.64,8753183,MCD
2009-10-29,58.98,59.22,58.6,59.14,6950780,MCD
2009-10-30,59.09,59.5,58.56,58.61,9878761,MCD
2009-11-02,58.84,59.54,58.6,59.16,7584401,MCD
2009-11-03,58.82,59.54,58.82,59.24,6568557,MCD
2009-11-04,59.5,60.85,59.2,60.29,12295546,MCD
2009-11-05,60.46,61.5,60.29,61.48,11003218,MCD
2009-11-06,61.05,62.18,61.03,61.72,10795017,MCD
2009-11-09,62.27,62.88,62.13,62.64,10519758,MCD
2009-11-10,62.49,62.76,61.98,62.28,7409091,MCD
2009-11-11,62.68,63.1,62.45,62.83,6643205,MCD
2009-11-12,62.72,62.81,61.99,62.17,6417434,MCD
2009-11-13,62.23,63.8,62.17,63.58,9699498,MCD
2009-11-16,63.92,64.75,63.71,64.53,12110334,MCD
2009-11-17,64.34,64.48,63.45,63.57,8589285,MCD
2009-11-18,63.61,63.98,63.22,63.98,6986543,MCD
2009-11-19,63.94,63.94,63.05,63.41,5848570,MCD
2009-11-20,63.36,64.19,63.25,63.97,8850868,MCD
2009-11-23,64.3,64.3,63.68,63.99,6871740,MCD
2009-11-24,64.01,64.29,63.27,64.22,8274592,MCD
2009-11-25,64.41,64.6,64.27,64.45,7602464,MCD
2009-11-27,62.98,63.86,62.98,63.6,3557849,MCD
2009-11-30,63.76,63.76,63.03,63.25,6566254,MCD
2009-12-01,63.64,64.05,63.51,63.54,9616214,MCD
2009-12-02,63.5,63.85,62.49,62.5,10522887,MCD
2009-12-03,62.63,62.85,61.95,61.97,10761549,MCD
2009-12-04,62.46,62.7,61.14,61.59,9498738,MCD
2009-12-07,61.66,62.26,61.29,61.93,9036797,MCD
2009-12-08,60.45,60.9,60.04,60.61,14697883,MCD
2009-12-09,60.73,61.03,60.33,60.6,10912073,MCD
2009-12-10,60.98,61.35,60.69,61.05,8035870,MCD
2009-12-11,61.37,61.91,61.19,61.66,5864347,MCD
2009-12-14,62.25,62.4,61.82,62.14,5632856,MCD
2009-12-15,62.24,62.43,61.89,62.0,4953497,MCD
2009-12-16,62.32,62.74,61.93,62.42,5647089,MCD
2009-12-17,62.24,62.48,61.92,61.92,5418462,MCD
2009-12-18,61.99,62.43,61.97,62.17,9854080,MCD
2009-12-21,62.24,63.08,62.14,62.66,4625617,MCD
2009-12-22,62.68,63.09,62.66,62.97,3418533,MCD
2009-12-23,62.97,63.68,62.57,63.36,5889689,MCD
2009-12-24,63.34,63.71,63.25,63.42,2577261,MCD
2009-12-28,63.43,63.7,63.15,63.61,2389320,MCD
2009-12-29,63.68,63.92,63.56,63.59,2628806,MCD
2009-12-30,63.45,63.65,62.81,62.89,6776034,MCD
2009-12-31,62.97,63.07,62.39,62.44,4495207,MCD
2010-01-04,62.63,63.07,62.31,62.78,5839235,MCD
2010-01-05,62.66,62.75,62.19,62.3,7098999,MCD
2010-01-06,62.2,62.41,61.06,61.45,10551872,MCD
2010-01-07,61.25,62.34,61.11,61.9,7517657,MCD
2010-01-08,62.27,62.41,61.6,61.84,6107296,MCD
2010-01-11,62.02,62.43,61.85,62.32,6081665,MCD
2010-01-12,62.03,62.66,62.0,62.66,7199321,MCD
2010-01-13,62.86,63.29,62.56,62.59,8623216,MCD
2010-01-14,62.56,62.73,62.08,62.65,7095599,MCD
2010-01-15,62.67,62.98,62.05,62.28,9429546,MCD
2010-01-19,62.9,63.82,62.77,63.48,8551573,MCD
2010-01-20,63.49,63.6,62.75,63.01,6997129,MCD
2010-01-21,62.97,63.6,62.8,63.2,11725226,MCD
2010-01-22,63.23,64.78,62.81,63.39,15647193,MCD
2010-01-25,63.34,63.6,62.92,63.09,6382645,MCD
2010-01-26,62.75,64.0,62.75,63.81,9297477,MCD
2010-01-27,63.67,64.0,63.3,63.73,8080776,MCD
2010-01-28,63.85,63.87,62.75,62.83,8560954,MCD
2010-01-29,62.82,63.22,62.39,62.43,7591260,MCD
2010-02-01,62.83,63.97,62.83,63.89,8070208,MCD
2010-02-02,63.87,64.05,63.35,64.03,7272515,MCD
2010-02-03,64.63,65.75,64.61,65.21,13695267,MCD
2010-02-04,65.19,65.27,64.02,64.06,10873570,MCD
2010-02-05,64.07,64.34,62.63,63.37,14010935,MCD
2010-02-08,63.48,63.8,62.92,62.92,6976828,MCD
2010-02-09,63.15,63.85,62.77,63.57,10131419,MCD
2010-02-10,63.54,63.83,62.97,63.25,6161389,MCD
2010-02-11,63.25,63.84,62.54,63.79,7478989,MCD
2010-02-12,63.21,63.89,63.19,63.59,6750002,MCD
2010-02-16,63.5,64.18,63.28,64.01,7090121,MCD
2010-02-17,64.21,64.35,63.77,64.26,5424589,MCD
2010-02-18,64.11,64.62,64.0,64.48,4976220,MCD
2010-02-19,64.46,64.89,64.3,64.74,5622582,MCD
2010-02-22,64.93,64.93,64.63,64.77,4274900,MCD
2010-02-23,64.78,65.05,64.7,64.87,7485645,MCD
2010-02-24,64.96,65.55,64.77,65.26,7579688,MCD
2010-02-25,64.29,64.64,63.76,64.38,8499955,MCD
2010-02-26,64.46,64.73,63.85,63.85,8288530,MCD
2010-03-01,63.98,64.14,63.67,63.98,6320241,MCD
2010-03-02,64.42,64.42,63.91,64.07,6271660,MCD
2010-03-03,64.25,64.34,63.45,63.63,6396071,MCD
2010-03-04,63.79,63.79,63.3,63.43,5958183,MCD
2010-03-05,63.72,63.76,63.25,63.67,8154960,MCD
2010-03-08,64.41,65.54,64.23,65.12,11826193,MCD
2010-03-09,64.99,65.5,64.84,65.1,7126830,MCD
2010-03-10,65.02,65.24,64.73,64.94,6900215,MCD
2010-03-11,64.8,65.21,64.67,65.21,4350525,MCD
2010-03-12,65.46,65.98,65.36,65.53,6601633,MCD
2010-03-15,65.7,66.19,65.69,65.93,5715101,MCD
2010-03-16,66.22,66.24,65.8,66.07,5705583,MCD
2010-03-17,66.23,66.44,65.87,66.38,4818776,MCD
2010-03-18,66.47,66.74,66.36,66.68,6208665,MCD
2010-03-19,66.89,66.91,66.0,66.53,10230084,MCD
2010-03-22,66.07,67.25,65.9,67.01,7386441,MCD
2010-03-23,67.14,67.35,66.83,67.35,8057691,MCD
2010-03-24,66.99,67.19,66.58,66.8,6363689,MCD
2010-03-25,67.13,67.44,66.84,66.9,5705548,MCD
2010-03-26,67.09,67.45,66.93,67.26,5984018,MCD
2010-03-29,67.46,67.48,66.59,67.07,6522554,MCD
2010-03-30,67.11,67.49,66.92,67.24,5093740,MCD
2010-03-31,67.15,67.39,66.63,66.72,5765742,MCD
2010-04-01,67.06,67.71,67.06,67.58,5475663,MCD
2010-04-05,67.76,68.2,67.76,68.03,4875549,MCD
2010-04-06,67.77,67.96,67.65,67.81,3318547,MCD
2010-04-07,67.8,68.13,67.26,67.7,6623698,MCD
2010-04-08,67.9,69.03,67.87,68.76,7140985,MCD
2010-04-09,68.66,68.77,68.14,68.68,5623117,MCD
2010-04-12,68.77,68.85,68.37,68.53,4025214,MCD
2010-04-13,68.68,69.05,68.31,68.92,5653909,MCD
2010-04-14,69.18,69.53,69.05,69.42,6194204,MCD
2010-04-15,69.31,69.49,68.97,69.16,4767127,MCD
2010-04-16,69.11,69.28,68.33,69.03,7876494,MCD
2010-04-19,69.0,69.97,68.99,69.92,7158221,MCD
2010-04-20,69.98,70.59,69.95,70.34,7347061,MCD
2010-04-21,70.62,71.19,70.05,70.36,10738134,MCD
2010-04-22,70.25,71.47,70.12,71.03,7139661,MCD
2010-04-23,71.22,71.35,70.75,71.15,5923672,MCD
2010-04-26,71.3,71.42,70.73,71.02,6035959,MCD
2010-04-27,70.71,71.33,70.4,70.53,8155348,MCD
2010-04-28,70.48,70.73,69.76,70.34,7589371,MCD
2010-04-29,70.58,71.7,70.58,71.52,7357314,MCD
2010-04-30,71.53,71.71,70.39,70.59,6966532,MCD
2010-05-03,70.88,71.84,70.65,71.42,5991714,MCD
2010-05-04,71.15,71.3,70.3,70.64,7240877,MCD
2010-05-05,70.4,71.06,70.13,70.66,9578086,MCD
2010-05-06,70.45,71.49,67.49,69.42,16491275,MCD
2010-05-07,69.02,69.32,67.42,68.01,15285567,MCD
2010-05-10,70.07,71.05,69.75,70.58,10903286,MCD
2010-05-11,70.17,71.1,70.13,70.48,6710060,MCD
2010-05-12,70.73,70.94,70.15,70.67,5655556,MCD
2010-05-13,70.71,71.3,70.45,70.5,5735400,MCD
2010-05-14,70.28,70.45,69.1,69.59,9112269,MCD
2010-05-17,69.82,70.25,69.35,70.14,7468112,MCD
2010-05-18,70.53,70.81,69.84,70.02,6899486,MCD
2010-05-19,69.66,69.95,68.9,69.4,7814365,MCD
2010-05-20,68.54,69.36,67.63,67.66,13573163,MCD
2010-05-21,67.07,68.04,65.55,67.86,12615218,MCD
2010-05-24,67.84,68.51,67.26,67.66,6744442,MCD
2010-05-25,66.59,67.84,66.2,67.84,9257929,MCD
2010-05-26,67.89,68.06,66.0,66.01,11525891,MCD
2010-05-27,66.41,67.2,66.02,67.2,9728101,MCD
2010-05-28,67.24,67.63,66.75,66.87,7164730,MCD
2010-06-01,66.23,67.31,66.04,66.36,5367669,MCD
2010-06-02,66.53,67.8,66.2,67.77,5750540,MCD
2010-06-03,67.8,68.25,67.44,67.85,4402406,MCD
2010-06-04,66.82,68.09,66.52,66.7,7557928,MCD
2010-06-07,66.64,67.82,66.25,66.75,9808876,MCD
2010-06-08,67.16,68.45,65.81,68.38,13568262,MCD
2010-06-09,68.68,68.9,68.04,68.26,8925976,MCD
2010-06-10,68.98,69.41,68.71,69.37,6743549,MCD
2010-06-11,68.86,69.55,68.75,69.54,5367611,MCD
2010-06-14,69.95,69.98,69.3,69.3,4525397,MCD
2010-06-15,69.94,70.49,69.85,70.4,6419994,MCD
2010-06-16,70.06,70.5,70.01,70.29,4548420,MCD
2010-06-17,70.55,70.58,69.38,70.05,7016118,MCD
2010-06-18,70.25,70.42,69.81,69.88,8817872,MCD
2010-06-21,70.27,70.5,69.77,69.92,5203430,MCD
2010-06-22,70.01,70.37,68.55,68.64,5488774,MCD
2010-06-23,68.82,69.3,68.47,68.63,5443143,MCD
2010-06-24,68.43,68.54,67.61,67.73,5943006,MCD
2010-06-25,67.71,68.29,67.37,67.42,8047682,MCD
2010-06-28,67.58,67.89,67.25,67.33,4428300,MCD
2010-06-29,66.61,66.79,66.09,66.46,8715915,MCD
2010-06-30,66.29,66.84,65.8,65.87,7204843,MCD
2010-07-01,66.72,66.9,65.31,66.71,10924381,MCD
2010-07-02,66.75,67.0,65.96,66.14,5280990,MCD
2010-07-06,66.52,67.1,65.63,66.11,5941005,MCD
2010-07-07,66.09,67.37,66.0,67.31,6623297,MCD
2010-07-08,67.8,69.15,67.55,69.02,7871733,MCD
2010-07-09,69.08,69.33,68.75,69.22,4512986,MCD
2010-07-12,68.96,70.0,68.96,69.94,5420731,MCD
2010-07-13,70.44,71.07,70.12,70.84,6072053,MCD
2010-07-14,70.5,70.98,70.16,70.9,4476027,MCD
2010-07-15,70.9,71.46,70.43,71.33,5470409,MCD
2010-07-16,71.16,71.28,69.86,69.94,5980918,MCD
2010-07-19,69.97,70.38,69.45,69.91,5072617,MCD
2010-07-20,69.47,70.96,69.44,70.87,5474283,MCD
2010-07-21,70.93,71.0,69.65,70.11,5734312,MCD
2010-07-22,70.51,71.54,70.51,71.4,6723224,MCD
2010-07-23,70.76,71.17,68.94,69.9,12237306,MCD
2010-07-26,70.04,70.87,69.9,70.87,5528878,MCD
2010-07-27,71.03,71.03,69.99,70.4,6215140,MCD
2010-07-28,70.21,70.38,69.37,69.77,6709740,MCD
2010-07-29,70.2,70.25,68.9,69.38,5132522,MCD
2010-07-30,68.92,69.98,68.59,69.73,5991331,MCD
2010-08-02,70.5,70.5,69.93,70.25,5873004,MCD
2010-08-03,70.21,70.84,70.06,70.45,4947223,MCD
2010-08-04,70.38,70.95,70.21,70.69,4570203,MCD
2010-08-05,70.5,70.5,69.84,70.45,5441783,MCD
2010-08-06,70.16,71.8,70.02,71.74,6775485,MCD
2010-08-09,72.41,73.34,72.35,72.92,8924810,MCD
2010-08-10,72.5,72.98,71.97,72.84,5690424,MCD
2010-08-11,72.01,72.32,71.5,71.57,5478735,MCD
2010-08-12,71.04,72.15,71.04,72.06,5643020,MCD
2010-08-13,71.69,72.47,71.69,71.89,5939548,MCD
2010-08-16,71.76,72.12,71.54,71.79,4936619,MCD
2010-08-17,72.08,73.64,71.74,73.22,7395493,MCD
2010-08-18,73.23,73.82,72.8,73.25,6032049,MCD
2010-08-19,73.15,73.4,72.45,72.97,6950471,MCD
2010-08-20,72.87,73.2,72.68,73.08,5566205,MCD
2010-08-23,73.53,73.94,73.33,73.34,5404340,MCD
2010-08-24,72.75,73.1,72.19,72.72,5846423,MCD
2010-08-25,72.3,73.45,72.3,73.19,6706540,MCD
2010-08-26,73.69,73.76,73.11,73.16,5218906,MCD
2010-08-27,73.47,74.07,72.86,73.99,6593250,MCD
2010-08-30,73.31,73.47,72.74,72.74,4195098,MCD
2010-08-31,72.56,73.32,72.55,73.03,5638141,MCD
2010-09-01,73.92,74.6,73.72,74.54,6749552,MCD
2010-09-02,74.75,75.06,74.29,75.02,5886671,MCD
2010-09-03,74.9,75.35,74.42,75.09,7331244,MCD
2010-09-07,74.97,75.98,74.93,75.8,7193707,MCD
2010-09-08,75.94,76.26,75.75,76.08,6816278,MCD
2010-09-09,74.34,76.08,73.66,74.37,14620908,MCD
2010-09-10,74.19,75.13,74.18,75.01,7483957,MCD
2010-09-13,75.25,75.34,74.01,74.57,7855750,MCD
2010-09-14,74.47,74.57,73.81,73.94,6543926,MCD
2010-09-15,73.72,74.83,73.71,74.71,4549325,MCD
2010-09-16,74.62,74.9,74.35,74.8,5078558,MCD
2010-09-17,74.6,74.79,74.13,74.32,7934397,MCD
2010-09-20,74.32,75.35,74.3,75.11,4212163,MCD
2010-09-21,75.32,75.75,74.88,75.51,5302689,MCD
2010-09-22,75.36,75.78,75.0,75.13,5142257,MCD
2010-09-23,75.16,75.43,74.58,74.64,5921829,MCD
2010-09-24,75.4,75.44,74.94,75.1,5848031,MCD
2010-09-27,75.23,75.39,74.75,74.76,5957562,MCD
2010-09-28,74.96,74.96,74.22,74.63,7050285,MCD
2010-09-29,74.57,74.75,74.3,74.45,4671238,MCD
2010-09-30,74.52,74.97,73.87,74.51,7239133,MCD
2010-10-01,75.04,75.2,74.54,74.92,7196116,MCD
2010-10-04,74.91,75.13,74.4,74.95,3904174,MCD
2010-10-05,75.39,75.96,75.25,75.82,5688255,MCD
2010-10-06,75.79,75.95,75.4,75.56,4734967,MCD
2010-10-07,75.51,75.99,75.51,75.86,4480996,MCD
2010-10-08,75.91,76.31,75.64,76.1,4119724,MCD
2010-10-11,76.01,76.25,75.27,75.59,3658513,MCD
2010-10-12,75.71,75.82,74.88,75.58,4705921,MCD
2010-10-13,75.89,76.07,75.41,75.75,4374243,MCD
2010-10-14,75.77,77.09,75.67,77.04,6624056,MCD
2010-10-15,77.47,77.77,76.93,77.48,6264505,MCD
2010-10-18,77.54,77.94,77.16,77.32,5375910,MCD
2010-10-19,77.08,77.62,76.68,76.99,5225997,MCD
2010-10-20,77.27,78.14,77.17,77.41,6420277,MCD
2010-10-21,78.44,79.48,78.27,78.44,7720214,MCD
2010-10-22,78.05,78.75,77.85,78.55,4224534,MCD
2010-10-25,78.99,79.25,78.63,78.7,4102987,MCD
2010-10-26,78.59,79.0,78.58,78.76,4033075,MCD
2010-10-27,78.46,78.62,77.0,77.48,8459164,MCD
2010-10-28,77.72,77.77,77.12,77.48,5348770,MCD
2010-10-29,77.6,79.9,77.4,77.77,4338964,MCD
2010-11-01,78.06,78.63,77.37,77.88,4960521,MCD
2010-11-02,78.39,78.76,78.27,78.4,3702348,MCD
2010-11-03,78.41,78.71,77.82,78.5,4062873,MCD
2010-11-04,79.12,79.47,78.84,79.18,5606904,MCD
2010-11-05,79.39,79.39,78.8,79.3,5248036,MCD
2010-11-08,78.94,79.4,78.7,79.31,4865687,MCD
2010-11-09,79.19,79.25,78.71,79.1,4535198,MCD
2010-11-10,79.07,79.58,78.66,79.5,4014020,MCD
2010-11-11,79.36,79.85,79.32,79.7,4439297,MCD
2010-11-12,79.3,79.45,78.14,78.85,4955315,MCD
2010-11-15,78.98,79.38,78.77,79.07,3744857,MCD
2010-11-16,78.6,78.64,77.12,77.42,6759903,MCD
2010-11-17,77.43,78.52,77.43,78.37,5281265,MCD
2010-11-18,78.63,79.48,78.63,79.02,11083279,MCD
2010-11-19,79.12,79.66,78.76,79.64,10865942,MCD
2010-11-22,79.37,79.53,79.06,79.52,10939452,MCD
2010-11-23,79.05,79.2,78.44,79.01,5465308,MCD
2010-11-24,79.37,79.67,79.25,79.48,4469854,MCD
2010-11-26,79.24,79.27,78.54,78.54,2576957,MCD
2010-11-29,77.94,78.47,77.15,78.26,4977913,MCD
2010-11-30,77.76,78.73,77.5,78.3,5559110,MCD
2010-12-01,79.14,79.58,79.1,79.29,5333181,MCD
2010-12-02,79.47,79.65,79.22,79.38,4994926,MCD
2010-12-03,79.31,79.79,79.05,79.76,3613865,MCD
2010-12-06,79.69,79.94,79.4,79.58,3114417,MCD
2010-12-07,79.96,80.94,79.9,80.34,7737178,MCD
2010-12-08,78.83,78.95,78.12,78.74,9359650,MCD
2010-12-09,79.2,79.21,77.45,77.61,10594726,MCD
2010-12-10,77.65,77.84,77.32,77.56,5321178,MCD
2010-12-13,77.74,77.76,77.08,77.11,6931132,MCD
2010-12-14,77.05,77.37,76.91,77.11,6043256,MCD
2010-12-15,77.23,77.45,76.91,76.98,6126404,MCD
2010-12-16,77.19,77.19,76.53,76.71,6484851,MCD
2010-12-17,76.71,76.96,76.62,76.81,9006558,MCD
2010-12-20,76.95,77.06,76.82,76.92,4759102,MCD
2010-12-21,77.14,77.14,76.51,76.86,4290391,MCD
2010-12-22,77.04,77.37,76.91,77.01,3518083,MCD
2010-12-23,77.01,77.11,76.76,76.96,2866171,MCD
2010-12-27,76.73,76.75,76.23,76.43,2613744,MCD
2010-12-28,76.44,76.61,75.94,76.43,2963548,MCD
2010-12-29,76.75,77.5,76.63,76.99,3585041,MCD
2010-12-30,76.86,77.05,76.52,76.76,2565507,MCD
2010-12-31,76.71,76.86,76.34,76.76,2485028,MCD
2011-01-03,77.1,77.59,76.6,76.6,8021406,MCD
2011-01-04,75.74,75.91,74.11,74.31,36480372,MCD
2011-01-05,74.68,74.9,74.31,74.66,17907936,MCD
2011-01-06,74.9,74.94,74.08,74.21,11717822,MCD
2011-01-07,74.35,74.58,73.59,74.37,11273141,MCD
2011-01-10,74.25,74.46,73.52,73.56,11343103,MCD
2011-01-11,73.84,74.49,73.57,73.9,8660900,MCD
2011-01-12,74.37,74.37,73.46,73.6,10379264,MCD
2011-01-13,73.44,73.55,72.46,72.67,14512583,MCD
2011-01-14,72.4,74.12,72.14,74.06,10571327,MCD
2011-01-18,74.65,75.36,74.31,74.68,11229791,MCD
2011-01-19,75.1,75.44,74.75,75.35,10703043,MCD
2011-01-20,75.39,75.74,74.68,75.16,8294836,MCD
2011-01-21,75.75,75.75,74.64,75.01,9828827,MCD
2011-01-24,74.25,75.85,74.15,75.38,16395496,MCD
2011-01-25,75.54,75.68,75.0,75.48,6964829,MCD
2011-01-26,75.59,75.71,75.15,75.17,6669956,MCD
2011-01-27,75.43,75.45,74.34,74.35,7619897,MCD
2011-01-28,74.37,74.73,73.05,73.28,9084729,MCD
2011-01-31,73.8,73.98,73.35,73.67,6372349,MCD
2011-02-01,74.22,74.26,73.2,73.47,8473300,MCD
2011-02-02,73.49,73.76,73.08,73.64,5842531,MCD
2011-02-03,73.84,74.27,73.81,73.83,11126660,MCD
2011-02-04,73.73,74.5,73.64,74.05,9704709,MCD
2011-02-07,74.13,74.35,73.3,73.45,11620486,MCD
2011-02-08,74.37,75.97,74.2,75.36,11860373,MCD
2011-02-09,75.5,75.99,75.18,75.93,5847167,MCD
2011-02-10,75.98,76.32,75.53,75.76,5437360,MCD
2011-02-11,75.8,76.23,75.51,76.14,4598430,MCD
2011-02-14,76.07,76.45,75.83,76.24,4513432,MCD
2011-02-15,75.87,76.34,75.8,76.15,3823152,MCD
2011-02-16,76.28,76.34,75.76,76.02,4059145,MCD
2011-02-17,75.91,76.13,75.7,75.98,4338411,MCD
2011-02-18,76.08,76.32,75.37,76.13,5446813,MCD
2011-02-22,75.95,76.44,75.52,75.7,7034806,MCD
2011-02-23,75.97,76.45,74.59,75.19,7034435,MCD
2011-02-24,74.98,75.33,74.55,75.21,7305473,MCD
2011-02-25,74.9,75.34,74.42,74.44,6506499,MCD
2011-02-28,74.51,75.87,74.51,75.68,11329771,MCD
2011-03-01,75.71,75.91,74.71,74.89,9068232,MCD
2011-03-02,74.66,74.8,73.64,74.69,7837607,MCD
2011-03-03,75.26,76.63,75.17,76.24,7394017,MCD
2011-03-04,76.11,76.6,75.56,76.03,5418160,MCD
2011-03-07,76.38,77.24,75.94,76.29,7955378,MCD
2011-03-08,75.73,76.05,74.97,75.54,8955945,MCD
2011-03-09,75.68,76.0,75.2,75.78,5339165,MCD
2011-03-10,75.64,77.25,75.29,76.68,8163314,MCD
2011-03-11,76.36,77.04,76.0,76.73,4441262,MCD
2011-03-14,76.1,76.41,75.46,75.67,7980241,MCD
2011-03-15,74.5,75.67,74.34,75.12,6940239,MCD
2011-03-16,74.74,74.75,73.17,73.38,10591829,MCD
2011-03-17,74.13,74.19,73.12,73.4,6134074,MCD
2011-03-18,73.48,73.79,72.89,72.99,9190897,MCD
2011-03-21,73.5,74.23,73.38,73.76,5354620,MCD
2011-03-22,74.0,74.3,73.53,73.87,4500251,MCD
2011-03-23,73.75,74.65,73.67,74.53,5058531,MCD
2011-03-24,74.6,75.0,74.49,74.93,4309880,MCD
2011-03-25,75.0,75.75,74.76,75.25,4654159,MCD
2011-03-28,75.55,75.63,75.0,75.0,3081829,MCD
2011-03-29,74.87,75.45,74.87,75.37,3010121,MCD
2011-03-30,75.5,76.04,75.46,75.81,3481812,MCD
2011-03-31,75.84,76.45,75.76,76.09,4508263,MCD
2011-04-01,76.3,76.5,75.87,75.99,3895712,MCD
2011-04-04,76.31,76.5,76.14,76.39,3286652,MCD
2011-04-05,76.26,76.74,75.97,76.6,4277723,MCD
2011-04-06,76.78,76.91,76.46,76.72,5659227,MCD
2011-04-07,76.34,76.74,75.66,76.01,5419500,MCD
2011-04-08,76.25,76.38,75.78,76.04,3694700,MCD
2011-04-11,76.16,76.5,76.0,76.25,3943675,MCD
2011-04-12,75.83,76.96,75.83,76.66,4771973,MCD
2011-04-13,76.97,77.46,76.5,76.89,4867200,MCD
2011-04-14,76.72,77.22,76.45,77.07,3480436,MCD
2011-04-15,77.29,77.54,76.66,77.38,4607431,MCD
2011-04-18,76.89,77.36,76.4,77.0,4940380,MCD
2011-04-19,76.88,77.0,76.44,76.6,4816218,MCD
2011-04-20,77.18,78.41,77.17,78.4,7961576,MCD
2011-04-21,77.4,77.69,76.5,76.91,9434251,MCD
2011-04-25,77.15,77.25,76.54,77.13,3831686,MCD
2011-04-26,77.2,77.34,76.55,76.94,4856222,MCD
2011-04-27,77.41,77.96,77.01,77.87,5746036,MCD
2011-04-28,78.0,78.44,77.52,78.03,3992567,MCD
2011-04-29,78.04,78.59,77.77,78.31,4496504,MCD
2011-05-02,78.4,78.93,78.35,78.64,4021853,MCD
2011-05-03,78.63,79.09,78.51,78.94,4448385,MCD
2011-05-04,78.91,79.31,78.82,79.07,5495987,MCD
2011-05-05,78.84,79.18,78.2,78.6,6411855,MCD
2011-05-06,78.83,79.37,78.65,78.7,6082238,MCD
2011-05-09,79.46,79.82,79.08,79.31,6275397,MCD
2011-05-10,79.52,79.85,79.27,79.71,4376934,MCD
2011-05-11,79.68,79.97,79.17,79.51,4306635,MCD
2011-05-12,79.3,80.71,79.11,80.66,6401897,MCD
2011-05-13,80.59,80.91,80.38,80.74,5212494,MCD
2011-05-16,80.44,81.25,80.44,81.14,6240577,MCD
2011-05-17,80.7,81.29,80.44,80.93,6492532,MCD
2011-05-18,80.9,81.5,80.73,81.5,4378742,MCD
2011-05-19,81.6,82.63,81.37,82.51,5912264,MCD
2011-05-20,82.79,82.85,81.99,82.33,4792760,MCD
2011-05-23,81.53,82.7,81.49,82.5,6554343,MCD
2011-05-24,82.65,83.08,82.41,82.64,6309826,MCD
2011-05-25,82.57,82.99,82.51,82.72,6591888,MCD
2011-05-26,82.87,82.97,82.2,82.43,7172414,MCD
2011-05-27,82.13,82.2,81.27,81.62,5443289,MCD
2011-05-31,82.13,82.25,81.28,81.54,7163383,MCD
2011-06-01,81.47,81.74,80.98,80.98,5700069,MCD
2011-06-02,80.95,81.27,80.46,80.75,4767079,MCD
2011-06-03,80.1,80.95,80.01,80.54,5752090,MCD
2011-06-06,80.6,81.47,80.43,80.7,6132736,MCD
2011-06-07,81.05,82.23,80.96,81.14,7257348,MCD
2011-06-08,80.18,81.5,80.0,81.15,7867550,MCD
2011-06-09,81.15,81.61,80.62,81.26,4540121,MCD
2011-06-10,81.21,81.38,80.28,80.36,5466496,MCD
2011-06-13,80.43,81.32,80.39,80.73,4376293,MCD
2011-06-14,81.06,81.85,80.8,81.47,5246296,MCD
2011-06-15,81.22,81.89,81.11,81.24,5353743,MCD
2011-06-16,81.38,81.93,80.9,81.81,5259294,MCD
2011-06-17,82.22,82.72,81.85,82.52,7280003,MCD
2011-06-20,82.32,82.97,82.11,82.69,4792721,MCD
2011-06-21,82.77,83.07,82.49,82.8,5818276,MCD
2011-06-22,82.85,83.09,82.48,82.65,4547310,MCD
2011-06-23,82.06,82.34,81.4,82.29,6677353,MCD
2011-06-24,82.29,82.65,81.72,81.84,6467661,MCD
2011-06-27,81.51,82.5,81.51,82.32,4528862,MCD
2011-06-28,82.46,84.41,82.42,84.35,8545115,MCD
2011-06-29,84.41,84.66,84.1,84.57,7180914,MCD
2011-06-30,84.7,84.91,84.24,84.32,4969196,MCD
2011-07-01,84.16,85.8,84.15,85.65,5829700,MCD
2011-07-05,85.41,85.99,85.33,85.64,5093326,MCD
2011-07-06,85.64,86.28,85.3,85.86,5810301,MCD
2011-07-07,86.0,86.29,85.66,86.06,6072268,MCD
2011-07-08,85.6,85.9,85.25,85.6,5200080,MCD
2011-07-11,85.32,85.86,85.1,85.35,5288459,MCD
2011-07-12,85.2,86.05,84.97,84.99,5498551,MCD
2011-07-13,85.25,85.76,84.81,84.96,6545202,MCD
2011-07-14,86.02,86.46,85.56,85.81,6765467,MCD
2011-07-15,85.88,86.05,84.92,85.48,5893698,MCD
2011-07-18,85.48,85.93,85.15,85.4,5408713,MCD
2011-07-19,85.7,86.26,85.56,86.21,4672617,MCD
2011-07-20,86.22,86.58,85.9,86.27,4114019,MCD
2011-07-21,86.67,87.04,86.02,86.54,6110804,MCD
2011-07-22,88.5,89.57,88.44,88.56,11410069,MCD
2011-07-25,87.96,89.0,87.78,88.12,5346256,MCD
2011-07-26,88.06,88.45,87.83,88.02,4730121,MCD
2011-07-27,87.92,88.18,87.08,87.09,6668212,MCD
2011-07-28,86.99,87.77,86.67,86.78,4864218,MCD
2011-07-29,86.15,86.85,85.82,86.48,5707994,MCD
2011-08-01,87.49,87.49,85.6,86.39,4400495,MCD
2011-08-02,86.04,86.58,85.03,85.06,5613315,MCD
2011-08-03,85.11,85.81,85.0,85.54,7635014,MCD
2011-08-04,85.39,86.46,84.25,84.28,10710378,MCD
2011-08-05,84.71,85.53,82.75,85.08,12502903,MCD
2011-08-08,83.63,84.94,82.01,82.11,20606247,MCD
2011-08-09,83.46,86.03,82.57,85.96,15366459,MCD
2011-08-10,84.93,85.46,83.61,84.08,13494226,MCD
2011-08-11,84.73,86.97,84.44,86.28,11112233,MCD
2011-08-12,86.59,86.94,85.78,86.5,6531211,MCD
2011-08-15,86.82,86.87,85.76,86.82,6470320,MCD
2011-08-16,86.45,87.19,85.68,86.67,5627540,MCD
2011-08-17,87.14,87.51,86.44,87.5,5407546,MCD
2011-08-18,86.56,87.27,84.68,85.61,11373784,MCD
2011-08-19,85.82,88.43,85.82,87.23,11686722,MCD
2011-08-22,88.21,88.89,87.33,87.76,7088610,MCD
2011-08-23,87.76,89.56,87.75,89.53,6620828,MCD
2011-08-24,89.06,90.15,88.54,90.13,8175181,MCD
2011-08-25,90.06,90.46,88.36,88.71,8674667,MCD
2011-08-26,88.65,90.48,87.83,89.93,5958506,MCD
2011-08-29,90.6,90.82,90.07,90.79,6261989,MCD
2011-08-30,90.24,91.22,90.1,90.78,6311784,MCD
2011-08-31,91.06,91.2,90.02,90.41,9169302,MCD
2011-09-01,90.27,91.09,90.03,90.07,5475595,MCD
2011-09-02,89.46,89.93,89.01,89.09,5250780,MCD
2011-09-06,87.42,88.95,87.07,88.82,7199986,MCD
2011-09-07,89.48,89.48,88.62,89.29,7067984,MCD
2011-09-08,89.16,90.0,88.61,88.61,7330665,MCD
2011-09-09,86.29,86.46,83.65,85.03,18445072,MCD
2011-09-12,84.44,86.2,84.16,86.19,8272426,MCD
2011-09-13,86.17,86.3,85.17,86.12,6598872,MCD
2011-09-14,86.3,87.79,85.44,86.75,7669994,MCD
2011-09-15,87.55,88.24,87.37,88.07,6755039,MCD
2011-09-16,88.26,88.76,88.04,88.29,7594435,MCD
2011-09-19,87.61,89.22,87.54,88.81,6477296,MCD
2011-09-20,89.24,90.56,89.0,89.31,7942201,MCD
2011-09-21,89.26,89.72,87.48,87.52,5779826,MCD
2011-09-22,85.84,86.97,85.1,85.99,10785625,MCD
2011-09-23,86.1,87.85,85.75,87.37,7615489,MCD
2011-09-26,87.96,89.47,86.73,89.34,7515426,MCD
2011-09-27,90.24,91.0,89.4,89.74,8043755,MCD
2011-09-28,89.74,90.38,87.98,88.03,7021612,MCD
2011-09-29,89.45,89.82,87.38,88.78,8145846,MCD
2011-09-30,87.99,90.17,87.81,87.82,8777026,MCD
2011-10-03,87.43,87.78,86.0,86.02,9185857,MCD
2011-10-04,85.06,86.6,83.74,86.48,10652803,MCD
2011-10-05,86.67,86.77,84.9,85.83,7730535,MCD
2011-10-06,86.45,87.25,86.07,87.11,5861065,MCD
2011-10-07,87.29,87.97,86.59,87.2,5509153,MCD
2011-10-10,88.05,88.52,87.61,88.51,5136994,MCD
2011-10-11,88.83,89.89,88.46,89.34,6868544,MCD
2011-10-12,89.83,89.83,88.03,88.36,7848198,MCD
2011-10-13,88.39,89.94,88.28,89.31,4991617,MCD
2011-10-14,89.98,89.98,89.14,89.94,3702249,MCD
2011-10-17,89.41,89.9,88.51,88.66,4321933,MCD
2011-10-18,88.95,90.0,88.2,89.64,4864060,MCD
2011-10-19,89.92,90.62,89.31,89.62,5681784,MCD
2011-10-20,90.0,90.15,88.38,89.01,6975561,MCD
2011-10-21,91.22,92.45,91.09,92.32,12082754,MCD
2011-10-24,92.07,92.31,91.4,92.01,6654256,MCD
2011-10-25,91.86,92.86,91.45,91.77,6467586,MCD
2011-10-26,92.38,92.67,90.87,91.78,7046664,MCD
2011-10-27,93.31,93.84,92.01,93.51,7009567,MCD
2011-10-28,93.49,93.65,92.49,93.29,4942842,MCD
2011-10-31,92.78,93.68,92.78,92.85,4546915,MCD
2011-11-01,92.31,93.39,91.71,91.91,6507777,MCD
2011-11-02,92.33,92.83,91.67,92.53,5421603,MCD
2011-11-03,92.83,93.15,92.28,93.0,5245465,MCD
2011-11-04,92.84,93.83,92.3,93.81,5615228,MCD
2011-11-07,93.92,94.7,93.22,94.62,4647126,MCD
2011-11-08,94.96,95.45,93.84,94.6,7195546,MCD
2011-11-09,93.41,93.96,92.35,92.65,6667581,MCD
2011-11-10,93.28,93.49,92.59,93.26,4190825,MCD
2011-11-11,93.93,94.95,93.86,94.76,4425424,MCD
2011-11-14,94.35,94.8,93.86,94.06,3232310,MCD
2011-11-15,93.87,94.91,93.7,94.47,5577253,MCD
2011-11-16,93.91,94.33,93.07,93.15,3915804,MCD
2011-11-17,93.14,93.55,91.72,92.29,5435153,MCD
2011-11-18,92.56,93.0,92.19,92.74,4791508,MCD
2011-11-21,92.03,92.62,91.22,92.28,5869628,MCD
2011-11-22,91.9,93.14,91.81,92.65,4695849,MCD
2011-11-23,92.32,92.5,91.7,91.87,4556439,MCD
2011-11-25,91.87,92.45,91.8,92.1,2452402,MCD
2011-11-28,93.19,93.99,93.07,93.76,6101527,MCD
2011-11-29,93.54,93.79,93.11,93.46,5648319,MCD
2011-11-30,94.85,95.54,94.64,95.52,7684535,MCD
2011-12-01,95.44,95.88,95.22,95.5,4860256,MCD
2011-12-02,96.37,96.47,95.32,95.7,4024126,MCD
2011-12-05,96.42,96.59,95.08,95.35,5906891,MCD
2011-12-06,95.47,96.27,94.82,96.01,5348814,MCD
2011-12-07,95.83,96.65,95.5,96.45,5139300,MCD
2011-12-08,97.03,98.29,96.72,96.92,8123608,MCD
2011-12-09,97.67,98.43,97.62,98.03,5721348,MCD
2011-12-12,97.67,98.53,97.2,98.48,5805929,MCD
2011-12-13,98.74,98.95,97.76,98.0,6865206,MCD
2011-12-14,97.76,98.46,97.16,97.61,6347444,MCD
2011-12-15,98.51,98.78,97.86,98.14,5563807,MCD
2011-12-16,98.54,98.62,97.08,97.49,8868057,MCD
2011-12-19,97.92,98.37,96.98,97.24,5169471,MCD
2011-12-20,98.07,98.92,97.93,98.82,5981431,MCD
2011-12-21,98.98,99.5,98.7,99.2,5415727,MCD
2011-12-22,99.24,99.35,98.55,98.6,4752819,MCD
2011-12-23,98.84,100.15,98.76,100.15,3516741,MCD
2011-12-27,100.17,100.82,100.0,100.55,3052093,MCD
2011-12-28,100.73,100.75,99.46,99.58,3111557,MCD
2011-12-29,99.75,101.0,99.6,100.81,3986955,MCD
2011-12-30,100.43,100.82,100.06,100.33,2959942,MCD
2012-01-03,101.33,101.59,98.75,98.84,8897604,MCD
2012-01-04,99.11,100.3,98.76,99.39,6755646,MCD
2012-01-05,99.47,100.4,98.68,99.83,8164454,MCD
2012-01-06,100.09,100.77,99.87,100.6,6775353,MCD
2012-01-09,100.88,100.93,99.51,99.64,4433663,MCD
2012-01-10,100.24,100.45,99.35,99.7,5077049,MCD
2012-01-11,99.62,100.11,99.35,99.93,4628618,MCD
2012-01-12,100.37,100.65,100.07,100.57,4023369,MCD
2012-01-13,100.18,100.43,99.61,100.35,4134750,MCD
2012-01-17,100.59,101.2,100.05,100.55,4556337,MCD
2012-01-18,100.9,101.87,100.74,101.56,4845125,MCD
2012-01-19,101.77,101.8,100.7,101.26,4763286,MCD
2012-01-20,101.39,102.22,101.27,101.74,5630308,MCD
2012-01-23,101.71,101.89,100.04,100.95,6060657,MCD
2012-01-24,101.02,101.02,98.41,98.75,11656042,MCD
2012-01-25,98.41,99.51,98.05,99.23,7544000,MCD
2012-01-26,99.54,99.71,98.69,99.18,4607314,MCD
2012-01-27,98.57,98.94,98.35,98.69,5136505,MCD
2012-01-30,98.04,98.81,97.7,98.69,6105115,MCD
2012-01-31,99.04,99.26,98.25,99.05,6576327,MCD
2012-02-01,99.46,99.49,98.36,98.4,6141677,MCD
2012-02-02,98.26,98.82,98.26,98.62,3984023,MCD
2012-02-03,99.18,100.27,99.04,100.01,5600855,MCD
2012-02-06,99.96,100.0,99.34,99.49,3486537,MCD
2012-02-07,99.57,101.18,99.56,100.91,6029919,MCD
2012-02-08,101.12,101.29,99.6,100.05,5441321,MCD
2012-02-09,100.06,100.46,99.7,99.99,3608760,MCD
2012-02-10,99.52,99.66,98.94,99.47,3875273,MCD
2012-02-13,99.72,99.92,99.28,99.65,2971647,MCD
2012-02-14,99.51,99.64,98.95,99.55,3520803,MCD
2012-02-15,99.66,99.76,98.31,98.61,5264263,MCD
2012-02-16,98.36,99.44,98.36,99.26,3996375,MCD
2012-02-17,99.66,100.25,99.41,99.99,4931647,MCD
2012-02-21,100.12,100.75,100.0,100.49,4474896,MCD
2012-02-22,100.15,100.75,100.15,100.66,3918815,MCD
2012-02-23,100.81,101.04,100.4,100.81,4167178,MCD
2012-02-24,100.76,100.76,100.05,100.32,3661956,MCD
2012-02-27,100.03,100.74,99.5,100.36,4046009,MCD
2012-02-28,99.77,100.1,99.5,99.78,4366086,MCD
2012-02-29,99.86,99.88,99.26,99.28,5464272,MCD
2012-03-01,99.28,99.68,99.14,99.25,4086982,MCD
2012-03-02,99.27,99.64,98.96,99.5,4311799,MCD
2012-03-05,99.42,100.35,98.84,99.94,6313169,MCD
2012-03-06,99.18,100.2,99.1,99.89,6714263,MCD
2012-03-07,100.0,100.44,99.54,100.18,5873416,MCD
2012-03-08,97.0,97.65,96.46,96.96,16847686,MCD
2012-03-09,97.45,97.6,96.53,96.84,7808972,MCD
2012-03-12,97.05,97.48,96.58,96.66,4503354,MCD
2012-03-13,96.99,97.29,96.37,96.78,6350811,MCD
2012-03-14,96.69,97.44,96.68,97.29,7209054,MCD
2012-03-15,97.15,98.19,97.15,98.04,5768120,MCD
2012-03-16,98.42,98.55,97.57,97.66,7337895,MCD
2012-03-19,97.36,98.1,97.32,97.73,4634980,MCD
2012-03-20,97.46,97.85,97.07,97.65,4757082,MCD
2012-03-21,97.53,97.82,96.72,96.72,6042970,MCD
2012-03-22,96.13,96.48,95.77,95.8,7722304,MCD
2012-03-23,95.91,95.94,95.13,95.55,6041834,MCD
2012-03-26,96.16,97.03,96.1,96.97,5645096,MCD
2012-03-27,97.29,97.83,97.07,97.34,4877697,MCD
2012-03-28,97.52,97.84,97.06,97.08,5056250,MCD
2012-03-29,96.95,97.7,96.93,97.64,4111195,MCD
2012-03-30,97.88,98.25,97.76,98.1,4431609,MCD
2012-04-02,97.82,98.81,97.68,98.36,4603324,MCD
2012-04-03,98.31,99.41,98.3,99.4,5422456,MCD
2012-04-04,98.25,98.57,97.15,97.48,7769978,MCD
2012-04-05,97.13,98.66,97.07,98.62,5469430,MCD
2012-04-09,97.74,99.5,97.64,98.88,6712622,MCD
2012-04-10,98.78,98.78,97.31,97.67,7582653,MCD
2012-04-11,98.29,98.73,97.5,98.56,6372243,MCD
2012-04-12,98.72,98.75,97.35,97.64,5772926,MCD
2012-04-13,97.52,97.8,96.96,96.97,5233062,MCD
2012-04-16,97.09,97.9,96.32,96.58,6238308,MCD
2012-04-17,96.92,97.58,96.91,97.11,7592687,MCD
2012-04-18,97.02,97.98,97.02,97.34,5388628,MCD
2012-04-19,97.16,97.24,94.13,95.28,13942224,MCD
2012-04-20,96.91,97.77,95.66,95.94,11026382,MCD
2012-04-23,95.78,95.93,94.84,95.19,5217529,MCD
2012-04-24,95.01,95.45,94.15,94.59,6224454,MCD
2012-04-25,95.15,95.24,94.78,95.22,5699538,MCD
2012-04-26,94.94,96.07,94.94,95.83,4741605,MCD
2012-04-27,96.23,97.53,95.8,97.38,6787586,MCD
2012-04-30,97.61,97.75,97.09,97.45,4507198,MCD
2012-05-01,97.23,98.01,97.13,97.2,5298913,MCD
2012-05-02,96.9,97.71,96.9,97.51,4348210,MCD
2012-05-03,97.47,97.58,96.79,97.04,3941315,MCD
2012-05-04,96.85,96.85,95.75,95.87,4688473,MCD
2012-05-07,95.73,96.02,95.2,95.51,5089606,MCD
2012-05-08,93.9,94.87,92.97,93.55,12379666,MCD
2012-05-09,92.99,93.09,91.56,91.93,8975762,MCD
2012-05-10,92.7,92.73,91.73,91.87,7129439,MCD
2012-05-11,91.69,92.6,91.67,91.9,5366561,MCD
2012-05-14,91.54,91.69,90.66,90.88,6051334,MCD
2012-05-15,90.99,91.74,90.85,91.01,4890378,MCD
2012-05-16,91.12,91.69,90.98,91.43,4949198,MCD
2012-05-17,91.28,91.58,89.5,89.62,9094624,MCD
2012-05-18,90.21,91.11,89.69,89.85,7991146,MCD
2012-05-21,90.01,91.32,89.89,91.27,6622441,MCD
2012-05-22,91.96,91.96,91.0,91.34,5063733,MCD
2012-05-23,90.97,91.57,90.67,91.48,4236433,MCD
2012-05-24,91.86,92.11,90.83,91.53,5010952,MCD
2012-05-25,91.65,91.8,90.8,91.05,3681479,MCD
2012-05-29,91.41,91.73,90.26,90.9,5380218,MCD
2012-05-30,90.4,90.52,89.85,90.11,5377157,MCD
2012-05-31,89.89,90.26,89.26,89.34,6817210,MCD
2012-06-01,87.47,88.13,86.5,86.71,10833434,MCD
2012-06-04,86.6,86.78,86.01,86.32,7035331,MCD
2012-06-05,86.22,87.41,86.01,87.08,7237668,MCD
2012-06-06,87.92,88.66,87.44,88.66,5936270,MCD
2012-06-07,89.6,89.78,88.01,88.38,8321437,MCD
2012-06-08,86.4,88.27,85.92,87.75,12061296,MCD
2012-06-11,88.98,89.05,86.59,86.59,9512791,MCD
2012-06-12,87.0,87.59,86.67,87.51,7763638,MCD
2012-06-13,86.95,88.94,86.88,87.97,8838462,MCD
2012-06-14,88.49,89.92,88.12,89.72,7646392,MCD
2012-06-15,90.14,90.76,89.73,90.5,9520417,MCD
2012-06-18,90.6,90.62,89.92,90.24,6343516,MCD
2012-06-19,89.97,90.26,89.21,89.6,7601536,MCD
2012-06-20,89.59,89.67,88.16,88.65,7917742,MCD
2012-06-21,89.09,89.15,87.53,87.64,5762683,MCD
2012-06-22,88.19,88.59,87.98,88.35,5336910,MCD
2012-06-25,88.0,88.33,87.7,88.12,4524910,MCD
2012-06-26,88.57,89.42,88.55,89.1,4489171,MCD
2012-06-27,89.26,89.5,88.04,88.33,5941094,MCD
2012-06-28,88.02,88.26,87.38,88.18,4926170,MCD
2012-06-29,89.08,89.19,88.06,88.53,6364843,MCD
2012-07-02,88.41,88.41,87.65,88.08,5088436,MCD
2012-07-03,88.21,88.73,87.95,88.58,4604817,MCD
2012-07-05,88.79,89.98,88.7,89.3,5794315,MCD
2012-07-06,89.22,89.93,89.11,89.66,4533163,MCD
2012-07-09,89.64,89.95,89.33,89.8,3784991,MCD
2012-07-10,90.03,90.87,89.65,90.25,6615551,MCD
2012-07-11,90.68,90.81,89.0,89.53,6231544,MCD
2012-07-12,89.27,92.5,89.19,91.93,11741846,MCD
2012-07-13,92.27,92.69,92.07,92.29,6169940,MCD
2012-07-16,92.15,92.27,91.5,91.65,3601297,MCD
2012-07-17,91.99,92.35,91.21,91.89,3754155,MCD
2012-07-18,91.44,92.23,91.0,92.22,5963099,MCD
2012-07-19,92.59,93.32,92.05,92.76,7432241,MCD
2012-07-20,92.09,92.29,91.4,91.58,7272093,MCD
2012-07-23,89.22,89.85,88.25,88.94,12132183,MCD
2012-07-24,89.16,89.47,87.62,88.06,7037218,MCD
2012-07-25,88.36,88.46,87.84,88.04,4262160,MCD
2012-07-26,89.19,89.47,88.59,89.0,4517535,MCD
2012-07-27,89.34,89.69,88.65,89.19,5934041,MCD
2012-07-30,89.32,89.67,89.12,89.33,4431516,MCD
2012-07-31,89.11,89.76,88.81,89.36,4598365,MCD
2012-08-01,89.49,89.85,89.3,89.43,4133515,MCD
2012-08-02,89.07,89.69,88.56,89.59,4332622,MCD
2012-08-03,90.17,90.36,89.29,89.59,4872977,MCD
2012-08-06,89.77,90.43,89.5,89.69,3490116,MCD
2012-08-07,89.71,90.12,88.97,89.01,5342231,MCD
2012-08-08,86.87,87.98,86.15,87.53,14426244,MCD
2012-08-09,87.58,87.96,87.09,87.15,6023788,MCD
2012-08-10,87.25,88.23,87.2,88.2,5747366,MCD
2012-08-13,88.46,88.48,87.72,87.9,4309083,MCD
2012-08-14,88.07,88.28,87.92,88.12,3828360,MCD
2012-08-15,88.27,88.39,87.75,87.81,4346242,MCD
2012-08-16,87.94,88.05,87.44,87.46,5567957,MCD
2012-08-17,87.68,87.86,87.28,87.36,6704279,MCD
2012-08-20,87.17,88.22,87.16,88.17,4824574,MCD
2012-08-21,88.26,89.0,88.05,88.52,4414307,MCD
2012-08-22,88.63,88.8,88.26,88.55,4269702,MCD
2012-08-23,88.66,88.95,88.13,88.25,3005826,MCD
2012-08-24,88.21,89.0,88.1,88.92,3508500,MCD
2012-08-27,89.13,89.82,89.01,89.54,4313710,MCD
2012-08-28,89.44,89.75,88.96,89.14,4429460,MCD
2012-08-29,89.09,89.81,89.01,89.65,4292260,MCD
2012-08-30,88.84,89.02,88.6,88.7,4567862,MCD
2012-08-31,89.04,89.86,88.9,89.49,6064496,MCD
2012-09-04,89.51,89.51,88.7,89.05,4287038,MCD
2012-09-05,89.3,89.46,88.85,89.06,3597774,MCD
2012-09-06,89.59,90.79,89.56,90.67,5925150,MCD
2012-09-07,91.08,91.08,90.42,91.02,4889557,MCD
2012-09-10,90.95,91.5,90.9,91.3,5008206,MCD
2012-09-11,91.87,92.1,91.17,91.2,5595902,MCD
2012-09-12,91.47,91.65,90.61,90.82,5364489,MCD
2012-09-13,90.54,91.89,90.54,91.57,5666762,MCD
2012-09-14,91.87,92.12,91.47,91.7,6395754,MCD
2012-09-17,91.75,92.43,91.72,92.14,5294641,MCD
2012-09-18,92.04,93.1,92.0,93.08,5272908,MCD
2012-09-19,93.24,93.45,92.76,92.83,3980353,MCD
2012-09-20,92.78,93.2,92.75,93.15,3981761,MCD
2012-09-21,93.63,93.91,93.39,93.71,7249950,MCD
2012-09-24,93.33,93.92,93.16,93.71,3722109,MCD
2012-09-25,93.91,94.0,92.82,92.86,4714666,MCD
2012-09-26,92.89,93.35,92.88,93.2,4391987,MCD
2012-09-27,93.38,93.63,93.12,93.27,3840376,MCD
2012-09-28,92.01,92.01,90.4,91.75,9525295,MCD
2012-10-01,92.11,92.5,91.89,91.99,4940600,MCD
2012-10-02,92.17,92.23,90.72,90.93,5979884,MCD
2012-10-03,91.1,91.25,90.27,90.35,6337600,MCD
2012-10-04,90.9,91.19,90.59,91.03,4478222,MCD
2012-10-05,91.49,91.56,90.7,91.0,4166152,MCD
2012-10-08,90.97,91.65,90.81,91.54,3894837,MCD
2012-10-09,91.46,92.6,91.42,92.11,7050324,MCD
2012-10-10,92.94,93.37,92.36,92.4,6712096,MCD
2012-10-11,92.66,93.0,92.36,92.36,4274314,MCD
2012-10-12,92.57,92.7,92.35,92.51,3411134,MCD
2012-10-15,92.78,93.74,92.65,93.5,5630883,MCD
2012-10-16,93.97,94.09,93.64,94.09,4678944,MCD
2012-10-17,93.96,94.16,93.25,93.68,5623861,MCD
2012-10-18,93.67,93.75,92.61,92.86,6818092,MCD
2012-10-19,90.07,90.25,88.55,88.72,19497050,MCD
2012-10-22,88.86,89.08,87.85,88.45,8142830,MCD
2012-10-23,88.02,88.38,87.32,87.96,7763957,MCD
2012-10-24,88.45,88.45,87.09,87.28,6498524,MCD
2012-10-25,87.78,87.79,86.97,87.33,4979817,MCD
2012-10-26,87.46,87.56,86.62,86.71,7684562,MCD
2012-10-31,87.48,87.54,86.37,86.8,6899283,MCD
2012-11-01,87.0,87.1,86.4,86.8,7376694,MCD
2012-11-02,87.35,87.9,86.76,86.86,7909748,MCD
2012-11-05,86.97,87.63,86.7,87.46,5039653,MCD
2012-11-06,87.74,88.13,87.63,87.97,5581555,MCD
2012-11-07,87.81,87.98,86.7,86.86,5971886,MCD
2012-11-08,86.39,87.0,84.96,85.13,11398983,MCD
2012-11-09,84.47,85.1,84.05,84.74,11030494,MCD
2012-11-12,84.95,85.3,84.6,84.88,4101949,MCD
2012-11-13,84.76,85.28,84.52,84.64,4842306,MCD
2012-11-14,84.85,85.61,84.18,84.62,8158969,MCD
2012-11-15,84.39,84.74,83.61,84.05,7639606,MCD
2012-11-16,84.17,84.39,83.31,84.12,6909388,MCD
2012-11-19,84.54,85.05,84.37,85.04,5560386,MCD
2012-11-20,85.17,86.17,85.1,85.68,5822717,MCD
2012-11-21,86.06,86.26,85.29,86.01,3900767,MCD
2012-11-23,86.77,87.07,86.56,87.05,2474400,MCD
2012-11-26,86.53,86.67,85.8,86.24,5619627,MCD
2012-11-27,86.24,86.46,85.82,85.92,4633625,MCD
2012-11-28,85.91,86.66,85.69,86.52,7159905,MCD
2012-11-29,86.44,86.98,86.1,86.49,4873951,MCD
2012-11-30,86.08,87.31,85.95,87.04,7373605,MCD
2012-12-03,87.42,87.43,86.76,87.06,6638959,MCD
2012-12-04,86.64,87.38,86.27,87.2,6109627,MCD
2012-12-05,87.43,87.97,86.73,86.97,5357618,MCD
2012-12-06,87.11,88.39,87.1,88.09,6580156,MCD
2012-12-07,89.09,89.14,88.2,88.48,8086701,MCD
2012-12-10,89.97,90.17,89.01,89.41,9277273,MCD
2012-12-11,89.76,89.81,89.0,89.62,7333180,MCD
2012-12-12,89.87,89.99,89.2,89.31,4219515,MCD
2012-12-13,89.27,89.73,88.93,89.17,4639627,MCD
2012-12-14,88.84,89.39,88.5,88.88,4364214,MCD
2012-12-17,89.14,89.93,89.01,89.91,5961941,MCD
2012-12-18,89.99,90.8,89.92,90.52,5340444,MCD
2012-12-19,90.73,90.85,89.7,89.71,5153251,MCD
2012-12-20,89.97,90.12,89.45,90.04,4299087,MCD
2012-12-21,89.65,90.19,89.11,90.18,10732991,MCD
2012-12-24,89.59,89.69,89.1,89.29,2375013,MCD
2012-12-26,89.12,89.37,88.39,88.74,3054760,MCD
2012-12-27,88.9,89.13,87.76,88.72,4576562,MCD
2012-12-28,88.24,88.54,87.47,87.58,3725945,MCD
2012-12-31,87.42,88.25,86.81,88.21,6237535,MCD
2013-01-02,89.4,90.35,89.33,90.12,7378290,MCD
2013-01-03,90.31,90.7,90.16,90.63,5473827,MCD
2013-01-04,90.62,90.79,89.67,89.85,5374382,MCD
2013-01-07,89.77,91.05,89.25,90.91,5821767,MCD
2013-01-08,90.54,90.96,89.98,90.94,6286318,MCD
2013-01-09,90.8,91.24,90.36,90.81,4822394,MCD
2013-01-10,91.35,91.64,91.02,91.4,4395112,MCD
2013-01-11,91.94,91.98,91.05,91.73,3692537,MCD
2013-01-14,91.76,92.12,91.43,91.53,3828926,MCD
2013-01-15,91.11,91.63,90.86,91.51,3910316,MCD
2013-01-16,91.13,91.32,90.91,91.1,2925728,MCD
2013-01-17,91.45,92.1,91.31,91.76,4045442,MCD
2013-01-18,92.07,92.3,91.85,92.26,5580907,MCD
2013-01-22,92.15,93.33,91.81,92.95,6967679,MCD
2013-01-23,93.45,93.75,92.25,93.48,9368002,MCD
2013-01-24,93.58,93.6,93.02,93.31,5157190,MCD
2013-01-25,93.31,93.94,93.28,93.72,5461535,MCD
2013-01-28,93.94,94.58,93.64,94.36,4564695,MCD
2013-01-29,94.15,94.99,94.05,94.92,4931108,MCD
2013-01-30,94.88,95.1,94.43,94.67,4659564,MCD
2013-01-31,94.6,95.29,94.46,95.29,5747425,MCD
2013-02-01,95.58,96.32,95.5,95.95,5485346,MCD
2013-02-04,95.4,95.78,94.5,94.6,5933405,MCD
2013-02-05,94.59,95.54,94.51,94.91,4953199,MCD
2013-02-06,94.49,95.33,94.41,95.07,4482623,MCD
2013-02-07,95.03,95.06,94.07,94.63,5619682,MCD
2013-02-08,94.39,95.48,94.36,94.87,5331906,MCD
2013-02-11,94.75,95.31,94.6,95.17,3557598,MCD
2013-02-12,95.05,95.34,94.81,95.1,4527080,MCD
2013-02-13,94.64,94.75,93.48,94.0,6663199,MCD
2013-02-14,93.86,93.89,93.19,93.56,5360819,MCD
2013-02-15,93.81,94.31,93.21,93.9,5095513,MCD
2013-02-19,94.14,94.49,93.77,93.85,4402081,MCD
2013-02-20,93.93,94.48,93.75,93.91,4024068,MCD
2013-02-21,93.44,94.45,93.3,94.14,4425756,MCD
2013-02-22,94.27,95.25,93.85,95.25,4422483,MCD
2013-02-25,95.38,96.78,95.26,96.14,9029381,MCD
2013-02-26,96.35,96.57,96.05,96.22,6453541,MCD
2013-02-27,95.36,95.95,95.11,95.73,4327468,MCD
2013-02-28,95.71,96.22,95.51,95.9,3970952,MCD
2013-03-01,95.68,95.82,94.96,95.68,3824220,MCD
2013-03-04,95.6,95.67,94.87,95.07,4637656,MCD
2013-03-05,95.54,96.1,95.33,95.81,5642961,MCD
2013-03-06,95.95,96.82,95.93,96.81,5054337,MCD
2013-03-07,96.64,97.16,96.64,97.09,4566416,MCD
2013-03-08,98.13,98.95,98.03,98.71,8838507,MCD
2013-03-11,98.46,98.89,98.28,98.89,4854667,MCD
2013-03-12,98.86,98.87,98.53,98.76,3856650,MCD
2013-03-13,98.74,99.47,98.54,99.38,3897651,MCD
2013-03-14,99.36,99.38,98.9,99.31,3650711,MCD
2013-03-15,98.97,99.7,98.82,99.67,6391139,MCD
2013-03-18,98.95,99.34,98.21,98.57,3935097,MCD
2013-03-19,98.78,98.99,98.2,98.4,4648709,MCD
2013-03-20,98.59,98.9,98.59,98.77,3535453,MCD
2013-03-21,98.5,98.88,98.42,98.53,3523530,MCD
2013-03-22,98.52,99.62,98.52,99.27,4168785,MCD
2013-03-25,99.46,99.6,98.12,98.24,4932416,MCD
2013-03-26,98.35,98.66,98.26,98.5,4434102,MCD
2013-03-27,98.19,99.28,98.18,98.9,4403334,MCD
2013-03-28,98.88,99.78,98.67,99.69,3955215,MCD
2013-04-01,99.41,99.68,98.85,99.05,3156340,MCD
2013-04-02,99.4,100.42,99.02,100.26,5137101,MCD
2013-04-03,100.21,100.5,99.06,99.25,4454313,MCD
2013-04-04,99.54,100.81,99.53,100.63,5860552,MCD
2013-04-05,100.17,101.48,99.81,101.42,5694371,MCD
2013-04-08,101.09,101.5,100.85,101.5,4163570,MCD
2013-04-09,101.5,101.5,100.57,101.06,3690581,MCD
2013-04-10,101.12,101.74,101.01,101.49,3159451,MCD
2013-04-11,101.34,102.47,101.34,101.99,4049305,MCD
2013-04-12,101.5,103.7,101.5,103.59,5714024,MCD
2013-04-15,103.14,103.44,102.13,102.15,5648442,MCD
2013-04-16,102.4,103.05,102.02,103.04,3199659,MCD
2013-04-17,102.56,103.11,102.0,102.54,4191501,MCD
2013-04-18,102.08,102.23,100.1,101.91,5697716,MCD
2013-04-19,100.58,101.44,99.45,99.92,8228507,MCD
2013-04-22,99.35,99.66,98.38,99.32,5620671,MCD
2013-04-23,99.27,100.24,99.21,99.76,5757565,MCD
2013-04-24,100.09,101.24,100.09,101.02,4593139,MCD
2013-04-25,101.27,101.63,100.85,100.94,3532335,MCD
2013-04-26,100.83,100.99,100.4,100.89,3113532,MCD
2013-04-29,101.56,102.52,101.15,102.18,3418086,MCD
2013-04-30,102.27,102.36,101.56,102.14,4207634,MCD
2013-05-01,101.98,102.44,101.33,101.38,2720066,MCD
2013-05-02,101.46,102.34,101.12,102.06,3821271,MCD
2013-05-03,102.92,103.34,102.55,102.92,4109560,MCD
2013-05-06,102.76,102.8,102.05,102.07,3314175,MCD
2013-05-07,102.09,102.52,101.79,102.29,4304619,MCD
2013-05-08,102.28,102.28,100.76,100.95,5229038,MCD
2013-05-09,100.78,101.23,99.46,99.69,10628965,MCD
2013-05-10,99.95,100.2,99.4,100.2,5037306,MCD
2013-05-13,100.02,100.7,99.8,100.38,3154049,MCD
2013-05-14,100.48,101.49,100.44,101.2,3811530,MCD
2013-05-15,101.3,102.03,101.3,101.95,3403959,MCD
2013-05-16,101.58,101.78,100.84,101.12,4252920,MCD
2013-05-17,101.1,101.9,100.8,101.54,4017259,MCD
2013-05-20,101.24,101.94,101.24,101.54,2233047,MCD
2013-05-21,101.65,102.62,101.42,102.14,4079810,MCD
2013-05-22,102.18,102.4,101.41,101.74,4649625,MCD
2013-05-23,101.14,101.51,100.35,101.03,13743083,MCD
2013-05-24,100.66,100.66,99.73,100.29,13161055,MCD
2013-05-28,101.06,101.94,100.88,101.24,14083839,MCD
2013-05-29,100.64,100.64,98.28,99.05,8774680,MCD
2013-05-30,98.42,98.59,96.79,97.07,8029026,MCD
2013-05-31,96.89,97.71,96.56,96.57,5445869,MCD
2013-06-03,96.77,97.99,96.57,97.96,4224507,MCD
2013-06-04,98.01,98.68,97.64,98.37,4902970,MCD
2013-06-05,98.13,98.16,96.12,96.42,5394802,MCD
2013-06-06,96.4,96.83,95.16,96.68,5818436,MCD
2013-06-07,97.06,98.69,97.0,98.28,5036706,MCD
2013-06-10,99.8,100.18,99.12,99.53,5719391,MCD
2013-06-11,99.02,99.49,98.07,98.23,4807498,MCD
2013-06-12,98.74,99.1,98.07,98.24,4485137,MCD
2013-06-13,98.1,99.07,97.87,98.88,2928559,MCD
2013-06-14,98.83,99.42,98.23,98.42,3342795,MCD
2013-06-17,99.3,99.69,98.3,98.74,4885470,MCD
2013-06-18,98.98,100.04,98.95,99.75,3340008,MCD
2013-06-19,99.71,100.06,98.53,98.81,3518597,MCD
2013-06-20,98.37,98.68,96.62,96.79,5550903,MCD
2013-06-21,97.36,97.75,96.89,97.23,7228054,MCD
2013-06-24,96.54,97.71,96.02,97.29,4244521,MCD
2013-06-25,97.91,97.99,97.14,97.52,3212088,MCD
2013-06-26,98.36,99.14,98.04,98.84,3589053,MCD
2013-06-27,99.45,99.82,99.13,99.65,4497099,MCD
2013-06-28,99.51,100.11,98.93,99.0,5388555,MCD
2013-07-01,99.35,100.3,99.26,99.82,4054069,MCD
2013-07-02,99.82,100.5,99.39,99.93,3851243,MCD
2013-07-03,99.95,100.56,99.71,100.35,1685494,MCD
2013-07-05,100.69,100.84,99.25,99.86,3934780,MCD
2013-07-08,100.28,100.5,99.55,99.88,4065027,MCD
2013-07-09,100.24,100.37,99.2,99.99,4121319,MCD
2013-07-10,100.15,100.36,99.4,99.98,3524760,MCD
2013-07-11,100.75,100.96,99.76,100.79,4064588,MCD
2013-07-12,100.59,101.81,100.5,101.58,4767336,MCD
2013-07-15,101.6,101.73,100.7,100.75,4481772,MCD
2013-07-16,100.18,101.12,99.47,100.88,4407298,MCD
2013-07-17,100.05,100.35,99.3,100.1,5382576,MCD
2013-07-18,100.48,100.77,99.99,100.18,3401764,MCD
2013-07-19,100.2,100.41,99.53,100.27,4509538,MCD
2013-07-22,97.75,97.93,97.06,97.58,13210800,MCD
2013-07-23,97.55,97.72,96.68,96.76,6993812,MCD
2013-07-24,97.21,97.4,96.3,96.66,5198765,MCD
2013-07-25,96.67,97.59,96.56,97.49,4209397,MCD
2013-07-26,97.25,98.08,96.92,98.03,4561726,MCD
2013-07-29,97.96,98.03,97.39,97.87,3592685,MCD
2013-07-30,98.0,98.54,97.84,98.37,4127414,MCD
2013-07-31,98.32,98.54,97.63,98.08,5343015,MCD
2013-08-01,98.62,99.24,98.32,99.0,3955196,MCD
2013-08-02,98.81,99.2,98.45,99.2,3225092,MCD
2013-08-05,99.01,99.44,98.83,99.31,3326914,MCD
2013-08-06,99.33,99.4,98.37,98.69,3507437,MCD
2013-08-07,98.6,98.99,98.27,98.33,3263252,MCD
2013-08-08,98.64,98.99,97.44,98.04,4862328,MCD
2013-08-09,97.9,98.4,97.07,97.62,4041753,MCD
2013-08-12,97.49,97.8,97.0,97.04,3259088,MCD
2013-08-13,97.02,97.1,96.11,96.45,5189038,MCD
2013-08-14,96.24,96.37,95.64,96.11,5451285,MCD
2013-08-15,95.55,95.91,95.2,95.39,4208312,MCD
2013-08-16,95.2,95.5,95.01,95.03,3324432,MCD
2013-08-19,95.12,95.99,95.05,95.48,3126170,MCD
2013-08-20,95.51,95.9,95.36,95.5,2828269,MCD
2013-08-21,95.41,95.82,95.11,95.11,3433036,MCD
2013-08-22,95.37,95.69,95.21,95.46,15364421,MCD
2013-08-23,95.57,95.68,94.91,95.13,12274162,MCD
2013-08-26,95.36,95.94,95.1,95.31,3064998,MCD
2013-08-27,94.86,95.19,94.01,94.84,4513014,MCD
2013-08-28,95.0,96.32,95.0,96.08,5483919,MCD
2013-08-29,95.65,95.98,94.7,94.86,4799988,MCD
2013-08-30,95.0,95.13,94.14,94.36,3993056,MCD
2013-09-03,95.1,95.28,94.12,94.52,3672198,MCD
2013-09-04,94.5,95.36,94.34,95.16,2900062,MCD
2013-09-05,95.33,96.46,95.08,95.66,4279928,MCD
2013-09-06,95.87,96.75,95.25,96.26,4485964,MCD
2013-09-09,96.22,96.79,96.21,96.45,3532245,MCD
2013-09-10,97.1,97.36,96.5,96.89,4985274,MCD
2013-09-11,96.66,97.46,96.37,97.46,3926084,MCD
2013-09-12,97.48,97.85,97.07,97.18,4277280,MCD
2013-09-13,97.34,97.65,97.13,97.35,2668835,MCD
2013-09-16,97.88,98.17,97.4,97.71,3509749,MCD
2013-09-17,97.58,98.36,97.49,97.92,3257118,MCD
2013-09-18,97.87,98.99,97.64,98.7,4281968,MCD
2013-09-19,98.5,98.51,97.0,97.92,6431102,MCD
2013-09-20,97.7,98.05,96.9,96.9,8086706,MCD
2013-09-23,96.97,97.58,96.82,97.28,3301697,MCD
2013-09-24,97.14,98.6,96.86,97.78,4810232,MCD
2013-09-25,97.8,97.99,97.41,97.62,4053225,MCD
2013-09-26,97.89,98.32,97.79,98.19,3604873,MCD
2013-09-27,97.89,97.99,97.0,97.12,3533956,MCD
2013-09-30,96.46,96.69,95.11,96.21,4407331,MCD
2013-10-01,96.18,96.39,95.85,96.13,3250483,MCD
2013-10-02,95.58,95.88,94.01,95.28,7250305,MCD
2013-10-03,95.15,95.2,94.61,94.67,4860086,MCD
2013-10-04,94.61,94.8,94.4,94.7,3051114,MCD
2013-10-07,94.26,94.8,94.14,94.36,3037268,MCD
2013-10-08,94.27,94.58,93.94,93.94,3651978,MCD
2013-10-09,93.82,93.96,93.14,93.27,5165531,MCD
2013-10-10,94.22,94.44,93.5,94.44,4534902,MCD
2013-10-11,94.69,94.8,94.33,94.74,4132942,MCD
2013-10-14,94.41,94.88,94.18,94.72,3429694,MCD
2013-10-15,93.99,94.2,93.45,93.8,5883517,MCD
2013-10-16,94.3,95.24,94.14,95.22,4709003,MCD
2013-10-17,95.19,95.52,94.65,95.47,3869592,MCD
2013-10-18,95.7,95.7,94.52,95.2,7287683,MCD
2013-10-21,93.7,94.85,93.24,94.59,9137786,MCD
2013-10-22,94.68,95.49,94.21,95.12,5143987,MCD
2013-10-23,95.08,95.2,93.93,94.21,4588807,MCD
2013-10-24,94.41,94.81,94.24,94.68,3644643,MCD
2013-10-25,94.78,94.95,94.36,94.78,3056638,MCD
2013-10-28,94.69,95.72,94.68,95.37,3841887,MCD
2013-10-29,95.62,96.1,95.3,96.05,3980651,MCD
2013-10-30,96.17,96.45,95.73,96.03,3406606,MCD
2013-10-31,96.2,96.7,96.11,96.52,4271333,MCD
2013-11-01,96.52,97.5,96.52,97.24,5127389,MCD
2013-11-04,97.26,97.5,96.83,97.31,5024673,MCD
2013-11-05,97.38,97.75,97.02,97.41,4344574,MCD
2013-11-06,97.66,98.19,97.47,97.9,4365896,MCD
2013-11-07,97.96,98.09,96.78,97.2,4922582,MCD
2013-11-08,97.17,97.3,96.32,97.01,5052404,MCD
2013-11-11,96.83,97.49,96.8,97.09,2573993,MCD
2013-11-12,97.07,97.76,96.85,97.66,3852185,MCD
2013-11-13,97.47,98.12,97.31,98.11,4164823,MCD
2013-11-14,98.18,98.7,97.18,97.56,6594646,MCD
2013-11-15,97.45,97.71,96.4,96.92,7104309,MCD
2013-11-18,96.9,97.79,96.9,97.65,4973958,MCD
2013-11-19,97.52,98.29,97.36,97.98,3836588,MCD
2013-11-20,97.57,98.05,97.18,97.54,3815319,MCD
2013-11-21,97.8,98.09,97.59,97.7,12891588,MCD
2013-11-22,97.84,98.51,97.37,98.27,16497517,MCD
2013-11-25,98.75,99.27,98.65,98.92,20420844,MCD
2013-11-26,98.8,99.09,98.15,98.2,5523493,MCD
2013-11-27,97.62,97.66,96.95,97.06,3501911,MCD
2013-11-29,97.25,97.6,97.08,97.37,2920344,MCD
2013-12-02,97.29,97.29,96.33,96.51,4810072,MCD
2013-12-03,96.75,96.75,96.07,96.38,4852490,MCD
2013-12-04,95.66,96.13,95.36,95.71,4951290,MCD
2013-12-05,95.37,95.82,95.2,95.43,5076459,MCD
2013-12-06,95.94,96.94,95.9,96.8,5811319,MCD
2013-12-09,96.14,96.5,95.45,95.72,5056897,MCD
2013-12-10,95.68,95.7,95.07,95.43,4190870,MCD
2013-12-11,95.51,95.72,95.17,95.26,5194472,MCD
2013-12-12,95.41,95.68,94.04,94.1,5720002,MCD
2013-12-13,94.19,94.62,94.05,94.44,3277477,MCD
2013-12-16,95.07,95.78,94.9,95.45,4868141,MCD
2013-12-17,95.35,95.58,94.27,94.38,4463611,MCD
2013-12-18,94.66,95.95,94.57,95.93,5526829,MCD
2013-12-19,95.86,96.3,94.93,95.14,5476594,MCD
2013-12-20,95.62,96.51,95.34,96.51,8039529,MCD
2013-12-23,96.72,96.95,96.05,96.3,3299343,MCD
2013-12-24,96.14,96.75,96.14,96.54,1155930,MCD
2013-12-26,96.77,96.91,96.63,96.84,1978344,MCD
2013-12-27,96.87,97.28,96.8,96.91,1987129,MCD
2013-12-30,96.88,97.15,96.79,97.01,2292954,MCD
2013-12-31,96.95,97.08,96.63,97.03,2560970,MCD
2014-01-02,96.81,97.03,96.26,96.41,2932283,MCD
2014-01-03,96.9,97.03,96.5,96.54,2966051,MCD
2014-01-06,96.62,96.62,95.52,95.85,5028393,MCD
2014-01-07,96.38,97.08,96.13,96.38,4887121,MCD
2014-01-08,95.55,95.71,95.0,95.41,7670246,MCD
2014-01-09,96.24,96.35,95.25,95.46,7712713,MCD
2014-01-10,95.83,96.22,95.64,95.8,5520132,MCD
2014-01-13,95.83,95.83,94.59,94.83,5777612,MCD
2014-01-14,94.81,95.4,94.8,95.22,3842225,MCD
2014-01-15,95.49,95.67,95.15,95.46,3572048,MCD
2014-01-16,95.4,96.3,95.19,96.06,5069474,MCD
2014-01-17,96.02,96.13,94.77,94.93,6056698,MCD
2014-01-21,95.36,95.96,95.01,95.08,6483756,MCD
2014-01-22,95.07,95.32,94.69,94.88,4983494,MCD
2014-01-23,94.55,95.95,94.5,95.32,7150912,MCD
2014-01-24,94.73,95.96,94.39,94.43,6952410,MCD
2014-01-27,94.29,94.68,93.92,94.07,6608685,MCD
2014-01-28,94.33,94.64,94.1,94.18,3686206,MCD
2014-01-29,93.96,94.3,92.87,93.15,8017792,MCD
2014-01-30,93.39,94.0,92.92,93.8,4988702,MCD
2014-01-31,93.05,94.55,92.95,94.17,6028697,MCD
2014-02-03,94.54,94.74,92.91,93.02,6908865,MCD
2014-02-04,92.86,93.47,92.59,93.09,6531117,MCD
2014-02-05,92.8,93.84,92.22,93.58,4958957,MCD
2014-02-06,93.87,95.19,93.69,94.94,5361338,MCD
2014-02-07,95.09,95.95,94.62,95.92,6610561,MCD
2014-02-10,95.75,95.93,94.52,94.86,6975657,MCD
2014-02-11,95.06,95.84,94.83,95.34,5365373,MCD
2014-02-12,95.44,95.67,94.79,94.89,4269118,MCD
2014-02-13,94.69,95.58,94.5,95.46,3618018,MCD
2014-02-14,95.3,95.97,95.11,95.78,3537846,MCD
2014-02-18,96.03,96.57,95.54,96.02,5458110,MCD
2014-02-19,95.78,96.66,95.46,95.55,4505475,MCD
2014-02-20,95.66,96.11,95.48,95.75,2975158,MCD
2014-02-21,96.04,97.0,96.04,96.45,5289923,MCD
2014-02-24,96.43,96.94,96.24,96.5,4487632,MCD
2014-02-25,96.46,96.72,95.89,96.62,4233964,MCD
2014-02-26,96.63,96.74,95.71,95.89,4265938,MCD
2014-02-27,95.24,95.41,94.65,95.08,4183929,MCD
2014-02-28,95.11,95.46,94.86,95.15,5108016,MCD
2014-03-03,94.24,94.8,94.0,94.32,5150380,MCD
2014-03-04,95.25,95.27,94.86,94.98,4655238,MCD
2014-03-05,95.34,95.61,94.94,95.02,3913441,MCD
2014-03-06,95.06,95.67,94.75,95.58,4363227,MCD
2014-03-07,95.74,95.79,94.97,95.5,3726306,MCD
2014-03-10,95.26,95.68,94.97,95.2,4395086,MCD
2014-03-11,95.94,98.92,95.71,98.78,16375774,MCD
2014-03-12,98.41,99.07,98.15,98.71,6702123,MCD
2014-03-13,98.9,98.9,97.01,97.37,5480267,MCD
2014-03-14,97.33,97.89,97.01,97.58,5510673,MCD
2014-03-17,98.14,98.2,97.46,97.6,5554918,MCD
2014-03-18,97.8,97.99,97.22,97.31,3269489,MCD
2014-03-19,97.27,97.29,95.78,96.1,5556948,MCD
2014-03-20,95.94,96.95,95.81,96.6,4242571,MCD
2014-03-21,97.22,97.4,95.47,95.47,12640611,MCD
2014-03-24,96.09,96.74,95.99,96.18,6401178,MCD
2014-03-25,96.44,96.49,95.83,95.91,4929902,MCD
2014-03-26,96.04,96.56,95.84,95.84,4126987,MCD
2014-03-27,95.77,96.36,95.52,96.16,3755967,MCD
2014-03-28,96.27,97.44,96.21,97.24,4344100,MCD
2014-03-31,97.44,98.45,97.3,98.03,4853293,MCD
2014-04-01,98.1,98.52,97.63,97.9,4493973,MCD
2014-04-02,98.15,98.23,97.34,97.59,3701174,MCD
2014-04-03,98.03,98.11,97.35,97.66,2576064,MCD
2014-04-04,97.77,98.42,97.39,97.87,5413601,MCD
2014-04-07,97.58,98.24,96.57,97.01,6000476,MCD
2014-04-08,96.98,98.22,96.52,98.08,5585144,MCD
2014-04-09,98.08,98.54,97.9,98.35,3669495,MCD
2014-04-10,98.55,99.85,98.16,99.43,8874797,MCD
2014-04-11,99.15,99.73,99.06,99.29,6553636,MCD
2014-04-14,99.66,100.16,99.32,100.11,6155873,MCD
2014-04-15,100.7,100.94,100.07,100.83,5886192,MCD
2014-04-16,101.0,101.12,100.49,100.83,3532731,MCD
2014-04-17,100.73,101.0,100.25,100.25,4545196,MCD
2014-04-21,99.8,100.39,99.25,99.67,6358323,MCD
2014-04-22,100.02,100.27,98.89,99.32,8934500,MCD
2014-04-23,99.35,99.99,99.01,99.13,4179128,MCD
2014-04-24,99.52,100.1,99.13,99.84,4765762,MCD
2014-04-25,99.85,100.75,99.38,100.73,5048938,MCD
2014-04-28,100.98,101.18,99.65,100.31,7444635,MCD
2014-04-29,100.21,101.78,99.81,101.5,6630910,MCD
2014-04-30,101.55,101.76,101.04,101.38,4524399,MCD
2014-05-01,100.68,101.04,100.33,100.96,3531410,MCD
2014-05-02,101.11,102.28,100.99,101.43,4934023,MCD
2014-05-05,101.38,101.38,100.59,101.14,3483458,MCD
2014-05-06,101.06,101.3,100.8,100.95,3075103,MCD
2014-05-07,101.26,102.11,100.95,101.96,4322592,MCD
2014-05-08,102.0,102.18,101.43,101.95,3384503,MCD
2014-05-09,101.85,102.95,101.82,102.93,3649434,MCD
2014-05-12,102.95,103.33,102.78,102.86,3817396,MCD
2014-05-13,103.32,103.62,102.5,103.53,3955362,MCD
2014-05-14,103.69,103.78,102.54,103.03,3826313,MCD
2014-05-15,102.78,103.0,102.15,102.5,3810901,MCD
2014-05-16,102.55,103.39,102.35,103.14,5080977,MCD
2014-05-19,102.81,102.83,101.74,102.09,3865156,MCD
2014-05-20,102.05,102.44,101.44,101.53,3123726,MCD
2014-05-21,101.71,102.58,101.55,102.56,2735638,MCD
2014-05-22,102.65,102.98,102.23,102.45,3376045,MCD
2014-05-23,102.52,102.85,101.77,102.0,4179128,MCD
2014-05-27,102.2,102.9,102.07,102.36,5093357,MCD
2014-05-28,101.84,102.04,100.86,101.3,8936443,MCD
2014-05-29,101.27,101.49,100.87,101.34,4124605,MCD
2014-05-30,101.25,101.46,100.71,101.43,4232438,MCD
2014-06-02,101.39,102.5,101.32,102.03,3006780,MCD
2014-06-03,101.64,102.0,101.41,101.45,3363473,MCD
2014-06-04,101.36,102.47,101.27,102.44,3595798,MCD
2014-06-05,102.34,102.6,101.75,102.45,2411257,MCD
2014-06-06,102.41,102.62,101.78,101.96,2955593,MCD
2014-06-09,101.59,102.0,101.18,101.38,3802693,MCD
2014-06-10,101.61,101.61,100.68,100.88,5961217,MCD
2014-06-11,100.74,100.96,100.33,100.42,6606053,MCD
2014-06-12,100.41,101.01,99.54,99.76,5609115,MCD
2014-06-13,99.41,100.59,99.41,100.49,4018653,MCD
2014-06-16,100.42,101.17,100.24,101.1,4038584,MCD
2014-06-17,100.91,101.84,100.82,101.27,6479749,MCD
2014-06-18,101.74,101.79,100.91,101.35,5447375,MCD
2014-06-19,101.04,102.03,101.04,101.91,3376565,MCD
2014-06-20,102.2,102.3,101.66,101.92,5418106,MCD
2014-06-23,101.64,101.99,101.51,101.91,2919197,MCD
2014-06-24,101.84,102.18,101.41,101.47,4589622,MCD
2014-06-25,101.09,101.9,101.03,101.61,3662169,MCD
2014-06-26,101.61,101.89,101.07,101.51,2783202,MCD
2014-06-27,101.25,101.67,101.15,101.46,2785864,MCD
2014-06-30,101.27,101.48,100.5,100.74,4270525,MCD
2014-07-01,100.43,101.36,100.24,101.0,3787745,MCD
2014-07-02,101.02,101.08,100.35,100.53,3222376,MCD
2014-07-03,101.32,101.32,100.74,100.98,2295812,MCD
2014-07-07,100.75,100.75,99.82,100.17,3951704,MCD
2014-07-08,99.79,100.57,99.73,100.09,3115055,MCD
2014-07-09,100.3,101.25,100.26,101.07,5604936,MCD
2014-07-10,100.22,101.05,100.16,100.58,3274862,MCD
2014-07-11,100.66,100.81,100.03,100.37,2812462,MCD
2014-07-14,100.69,100.73,100.3,100.47,4163000,MCD
2014-07-15,100.32,100.37,99.86,100.3,3793351,MCD
2014-07-16,99.65,99.8,98.76,99.27,7135370,MCD
2014-07-17,98.96,99.09,98.35,98.37,4104240,MCD
2014-07-18,98.64,99.09,98.13,98.99,4050442,MCD
2014-07-21,98.52,98.63,97.55,97.55,6510632,MCD
2014-07-22,95.39,96.85,95.1,96.27,12398494,MCD
2014-07-23,95.51,95.82,94.82,95.35,9484381,MCD
2014-07-24,95.48,95.62,95.27,95.35,7781720,MCD
2014-07-25,95.36,95.85,95.32,95.72,4992812,MCD
2014-07-28,95.5,95.97,95.39,95.78,4863067,MCD
2014-07-29,95.89,96.42,95.71,95.82,6712670,MCD
2014-07-30,96.19,96.34,95.57,95.95,6059213,MCD
2014-07-31,95.22,95.36,94.56,94.56,6829388,MCD
2014-08-01,94.3,94.73,94.2,94.3,4576448,MCD
2014-08-04,94.3,94.35,93.52,94.31,7652678,MCD
2014-08-05,94.0,94.3,93.35,93.43,5494852,MCD
2014-08-06,93.39,93.95,93.36,93.47,3727958,MCD
2014-08-07,93.82,94.0,93.24,93.31,3264614,MCD
2014-08-08,93.07,93.84,92.92,93.55,6506196,MCD
2014-08-11,93.73,93.92,93.46,93.53,4291741,MCD
2014-08-12,93.43,93.65,93.15,93.56,3235939,MCD
2014-08-13,93.75,94.32,93.55,93.96,3599864,MCD
2014-08-14,93.65,93.89,93.26,93.66,5644922,MCD
2014-08-15,94.07,94.47,93.41,93.79,4284507,MCD
2014-08-18,94.15,94.74,93.93,94.25,4398807,MCD
2014-08-19,94.6,94.75,94.26,94.45,3338257,MCD
2014-08-20,94.45,94.66,94.0,94.19,4157886,MCD
2014-08-21,94.31,94.76,94.24,94.53,5981567,MCD
2014-08-22,94.53,94.86,94.27,94.45,3594144,MCD
2014-08-25,94.85,95.37,94.41,94.44,4614287,MCD
2014-08-26,94.39,94.79,94.05,94.11,6394543,MCD
2014-08-27,94.23,94.68,93.6,94.65,9027320,MCD
2014-08-28,93.65,94.76,93.51,94.14,5497461,MCD
2014-08-29,94.2,94.2,93.51,93.72,4640333,MCD
2014-09-02,93.24,93.7,92.69,92.8,6736236,MCD
2014-09-03,93.27,93.49,93.04,93.14,4865259,MCD
2014-09-04,93.02,93.23,92.8,93.01,4849754,MCD
2014-09-05,93.1,93.12,92.8,93.07,4011037,MCD
2014-09-08,92.8,92.82,92.2,92.5,5260721,MCD
2014-09-09,92.6,92.7,90.96,91.09,9795162,MCD
2014-09-10,90.84,93.06,90.53,93.0,12031430,MCD
2014-09-11,92.94,93.29,92.42,92.96,5964095,MCD
2014-09-12,92.94,93.84,92.82,93.34,8033091,MCD
2014-09-15,93.26,93.91,93.25,93.47,6254980,MCD
2014-09-16,93.27,94.11,93.25,93.75,5827958,MCD
2014-09-17,93.68,93.83,93.18,93.53,5747402,MCD
2014-09-18,93.43,93.9,93.26,93.48,5494150,MCD
2014-09-19,93.95,94.93,93.8,94.36,9043095,MCD
2014-09-22,94.12,94.47,93.82,93.93,4875669,MCD
2014-09-23,93.7,94.15,93.44,93.51,4708175,MCD
2014-09-24,93.7,95.32,93.66,95.0,7817920,MCD
2014-09-25,94.94,95.31,94.06,94.16,4578539,MCD
2014-09-26,94.05,94.88,94.02,94.7,3462523,MCD
2014-09-29,94.26,97.3,93.98,96.22,16489076,MCD
2014-09-30,96.23,96.36,94.34,94.81,10036422,MCD
2014-10-01,94.37,95.08,94.01,94.19,5339524,MCD
2014-10-02,94.03,94.6,94.0,94.12,4123290,MCD
2014-10-03,95.29,95.29,94.51,94.86,3948919,MCD
2014-10-06,94.36,94.43,93.69,93.84,4278576,MCD
2014-10-07,93.51,93.54,92.8,92.81,6095819,MCD
2014-10-08,93.08,93.94,92.81,93.83,5593781,MCD
2014-10-09,93.77,94.0,92.71,92.72,5069103,MCD
2014-10-10,92.76,93.45,92.3,92.3,5846707,MCD
2014-10-13,92.13,92.42,90.66,90.73,6182343,MCD
2014-10-14,90.81,91.74,90.63,91.1,5539480,MCD
2014-10-15,90.49,90.98,89.57,90.44,10469312,MCD
2014-10-16,89.39,90.29,89.34,89.91,7526459,MCD
2014-10-17,90.41,91.14,89.64,91.04,7074463,MCD
2014-10-20,90.96,91.59,90.71,91.59,5408134,MCD
2014-10-21,89.95,91.45,89.7,91.01,11422211,MCD
2014-10-22,90.7,91.51,90.6,90.94,6455551,MCD
2014-10-23,91.84,92.1,90.88,91.02,5966894,MCD
2014-10-24,90.7,91.79,90.55,91.67,5263046,MCD
2014-10-27,91.52,92.09,91.5,92.01,4078298,MCD
2014-10-28,92.48,92.6,91.68,92.6,5083262,MCD
2014-10-29,92.65,93.12,92.0,92.73,5300445,MCD
2014-10-30,92.57,93.39,92.49,93.38,3965528,MCD
2014-10-31,93.9,94.01,92.83,93.73,6800889,MCD
2014-11-03,93.78,93.78,93.02,93.61,4069904,MCD
2014-11-04,93.93,94.63,93.77,94.47,5802179,MCD
2014-11-05,95.0,95.07,94.39,94.64,4123841,MCD
2014-11-06,94.74,94.93,94.42,94.66,3597279,MCD
2014-11-07,94.4,95.1,94.06,95.1,4674632,MCD
2014-11-10,95.56,95.69,94.98,95.11,5123874,MCD
2014-11-11,95.22,95.42,94.93,95.14,3429027,MCD
2014-11-12,94.93,95.38,94.83,95.33,2725702,MCD
2014-11-13,95.5,96.22,95.18,95.48,4099804,MCD
2014-11-14,95.38,97.18,95.27,96.21,7793438,MCD
2014-11-17,96.06,96.08,95.6,95.97,3596519,MCD
2014-11-18,96.04,96.95,95.37,96.41,6268097,MCD
2014-11-19,96.74,97.3,96.43,96.56,6631311,MCD
2014-11-20,96.54,97.3,96.5,96.64,4551916,MCD
2014-11-21,97.47,97.5,96.42,96.68,5483712,MCD
2014-11-24,96.83,97.42,96.53,97.17,5222895,MCD
2014-11-25,97.2,97.34,96.85,97.0,5368952,MCD
2014-11-26,96.36,96.39,95.92,96.22,3667981,MCD
2014-11-28,95.98,97.4,95.97,96.81,3442853,MCD
2014-12-01,96.15,96.94,95.64,95.78,5273749,MCD
2014-12-02,95.21,97.0,94.76,95.11,10389676,MCD
2014-12-03,94.8,95.56,94.78,95.5,5324034,MCD
2014-12-04,95.39,95.99,95.14,95.66,5365429,MCD
2014-12-05,95.78,96.61,95.65,96.31,6209305,MCD
2014-12-08,93.41,97.5,92.23,92.61,11792656,MCD
2014-12-09,91.3,92.0,91.01,91.36,10066782,MCD
2014-12-10,91.04,91.29,89.51,90.0,12020817,MCD
2014-12-11,90.09,91.15,90.02,90.97,8972720,MCD
2014-12-12,90.66,91.39,90.43,90.62,8696756,MCD
2014-12-15,90.96,91.1,88.25,88.46,10121636,MCD
2014-12-16,88.07,90.75,87.62,88.72,15106676,MCD
2014-12-17,88.93,92.05,88.5,91.65,14009957,MCD
2014-12-18,92.28,93.74,91.65,93.67,11277129,MCD
2014-12-19,93.51,94.32,92.95,93.22,10284328,MCD
2014-12-22,93.28,94.02,93.03,93.89,5342248,MCD
2014-12-23,94.36,94.82,94.01,94.22,3596392,MCD
2014-12-24,94.22,94.54,93.74,93.83,1736839,MCD
2014-12-26,94.1,94.93,93.95,94.78,3884255,MCD
2014-12-29,94.32,95.46,94.26,95.04,4183224,MCD
2014-12-30,94.85,95.0,94.07,94.25,3257735,MCD
2014-12-31,93.75,94.8,93.57,93.7,4589312,MCD
2015-01-02,94.13,95.0,93.05,93.26,6019693,MCD
2015-01-05,93.3,93.68,92.22,92.23,6211872,MCD
2015-01-06,92.67,93.81,91.88,92.4,6484094,MCD
2015-01-07,93.26,94.05,92.86,94.01,6400320,MCD
2015-01-08,94.23,94.98,94.05,94.36,5476740,MCD
2015-01-09,93.97,93.97,92.78,93.21,4283293,MCD
2015-01-12,93.53,93.81,92.6,93.01,3989585,MCD
2015-01-13,93.95,94.44,92.42,92.83,5971237,MCD
2015-01-14,91.45,92.05,91.12,91.54,7745521,MCD
2015-01-15,91.97,92.35,90.96,91.38,5737468,MCD
2015-01-16,91.05,91.69,90.74,91.49,6926995,MCD
2015-01-20,91.64,91.88,90.23,90.8,6967278,MCD
2015-01-21,90.16,90.46,89.54,90.34,8682226,MCD
2015-01-22,90.62,90.97,89.84,90.89,7536416,MCD
2015-01-23,90.92,91.64,89.43,89.56,11495980,MCD
2015-01-26,89.39,90.7,89.29,90.67,7753275,MCD
2015-01-27,89.96,90.31,89.56,89.57,6640833,MCD
2015-01-28,89.74,89.82,88.77,88.78,6921322,MCD
2015-01-29,91.5,93.5,91.26,93.27,19146887,MCD
2015-01-30,92.65,93.3,92.31,92.44,12385371,MCD
2015-02-02,92.05,92.66,91.43,92.51,6751432,MCD
2015-02-03,92.64,93.98,92.45,93.92,7373047,MCD
2015-02-04,93.5,94.43,93.5,94.05,6464783,MCD
2015-02-05,94.1,94.83,94.0,94.34,5564108,MCD
2015-02-06,94.15,94.48,93.65,93.99,4662736,MCD
2015-02-09,93.3,93.45,92.54,92.72,8203013,MCD
2015-02-10,93.33,94.23,92.97,94.02,4697610,MCD
2015-02-11,94.16,94.33,93.3,94.21,5153937,MCD
2015-02-12,94.05,95.6,93.77,95.09,7910116,MCD
2015-02-13,95.4,95.85,94.93,95.65,6762195,MCD
2015-02-17,95.12,95.39,94.09,94.35,5971992,MCD
2015-02-18,94.23,94.79,94.0,94.58,5617510,MCD
2015-02-19,94.5,94.55,93.74,94.19,6312190,MCD
2015-02-20,94.16,94.49,93.56,94.19,8154994,MCD
2015-02-23,94.12,94.41,93.95,94.31,5681950,MCD
2015-02-24,94.08,95.33,93.69,94.98,5643590,MCD
2015-02-25,94.91,99.31,94.86,98.66,16751573,MCD
2015-02-26,97.43,99.88,97.0,99.51,16098778,MCD
2015-02-27,99.17,99.3,98.49,98.9,7552453,MCD
2015-03-02,98.62,101.09,98.31,100.0,12363347,MCD
2015-03-03,99.97,100.44,99.55,99.74,8149729,MCD
2015-03-04,99.81,100.48,99.18,100.25,9179359,MCD
2015-03-05,99.01,99.92,98.46,99.11,9438793,MCD
2015-03-06,98.27,98.99,96.96,97.13,9677859,MCD
2015-03-09,96.81,98.25,96.81,97.71,8460337,MCD
2015-03-10,96.91,97.12,96.1,96.29,7838923,MCD
2015-03-11,96.3,96.77,94.94,94.96,9391099,MCD
2015-03-12,95.42,96.44,95.28,96.25,8765071,MCD
2015-03-13,96.24,97.05,95.75,96.35,5152750,MCD
2015-03-16,96.93,97.47,96.74,97.15,4772244,MCD
2015-03-17,96.9,97.15,95.99,96.17,4530709,MCD
2015-03-18,96.01,97.24,95.33,97.0,5830963,MCD
2015-03-19,96.86,97.01,95.98,95.98,3615389,MCD
2015-03-20,96.32,97.72,96.12,97.05,10014005,MCD
2015-03-23,96.8,99.12,96.8,98.62,9232037,MCD
2015-03-24,98.46,99.84,98.07,99.36,7549944,MCD
2015-03-25,99.03,99.61,98.11,98.14,6030541,MCD
2015-03-26,97.6,97.97,96.2,97.64,10445795,MCD
2015-03-27,97.36,97.85,96.77,96.96,4642382,MCD
2015-03-30,97.43,98.32,97.37,97.88,4074543,MCD
2015-03-31,97.82,98.43,97.44,97.44,5616991,MCD
2015-04-01,96.81,97.02,96.0,96.29,7484752,MCD
2015-04-02,95.96,96.24,94.71,95.83,6614276,MCD
2015-04-06,95.75,96.82,95.45,96.28,4501296,MCD
2015-04-07,96.24,96.79,96.1,96.35,4443683,MCD
2015-04-08,96.73,97.5,95.98,96.85,4445210,MCD
2015-04-09,96.85,97.43,96.21,96.55,4790037,MCD
2015-04-10,96.9,97.95,96.56,97.8,5937847,MCD
2015-04-13,97.41,97.75,97.07,97.44,5197891,MCD
2015-04-14,97.16,97.74,96.97,97.58,4961149,MCD
2015-04-15,97.0,97.55,96.28,96.44,6604429,MCD
2015-04-16,96.37,97.44,95.5,95.63,5071657,MCD
2015-04-17,95.13,95.34,94.46,94.88,6933576,MCD
2015-04-20,95.0,96.26,95.0,96.18,4382441,MCD
2015-04-21,96.19,96.55,94.54,94.87,5981687,MCD
2015-04-22,97.0,99.35,96.24,97.84,19254300,MCD
2015-04-23,97.44,97.52,96.56,97.0,6336484,MCD
2015-04-24,96.99,99.08,96.84,98.74,7741339,MCD
2015-04-27,98.74,98.94,96.26,96.44,7282677,MCD
2015-04-28,96.27,96.89,95.78,96.83,4357419,MCD
2015-04-29,96.58,97.67,96.07,97.02,5697231,MCD
2015-04-30,96.65,97.37,96.41,96.55,8300290,MCD
2015-05-01,96.73,97.97,96.73,97.8,6280298,MCD
2015-05-04,96.57,98.63,96.05,96.13,8426262,MCD
2015-05-05,96.39,96.47,95.57,96.13,7637026,MCD
2015-05-06,96.1,96.66,95.88,96.39,6614471,MCD
2015-05-07,96.27,97.33,96.12,96.78,5019232,MCD
2015-05-08,98.19,99.15,97.79,98.23,7543054,MCD
2015-05-11,98.07,98.39,97.15,97.51,4123700,MCD
2015-05-12,97.39,98.35,96.92,97.95,4848072,MCD
2015-05-13,98.07,98.49,97.28,97.35,6526893,MCD
2015-05-14,97.66,97.87,97.28,97.71,4743954,MCD
2015-05-15,97.74,99.04,97.54,98.04,7607217,MCD
2015-05-18,97.97,98.25,97.62,98.02,4100835,MCD
2015-05-19,98.09,101.08,97.65,100.68,10809150,MCD
2015-05-20,100.88,100.98,99.42,100.11,6185077,MCD
2015-05-21,99.89,99.96,99.06,99.28,4730442,MCD
2015-05-22,99.15,99.48,98.84,98.99,4559491,MCD
2015-05-26,98.85,99.2,98.04,98.46,7123129,MCD
2015-05-27,98.97,99.22,98.2,98.66,8129531,MCD
2015-05-28,98.0,98.21,96.2,96.48,10204033,MCD
2015-05-29,97.59,97.77,95.84,95.93,6439140,MCD
2015-06-01,95.84,96.91,95.84,96.22,4919173,MCD
2015-06-02,96.3,96.97,95.81,96.29,4430255,MCD
2015-06-03,96.38,97.07,95.97,96.52,4165709,MCD
2015-06-04,96.3,96.97,96.01,96.31,4702848,MCD
2015-06-05,95.93,96.09,95.47,95.54,3959308,MCD
2015-06-08,96.0,96.04,95.25,95.32,4594648,MCD
2015-06-09,95.52,95.56,94.49,94.73,7770880,MCD
2015-06-10,95.02,95.63,94.81,95.3,4828577,MCD
2015-06-11,95.5,96.33,95.5,95.59,4203867,MCD
2015-06-12,95.42,95.54,95.0,95.06,3702368,MCD
2015-06-15,94.74,95.0,94.02,94.3,5861757,MCD
2015-06-16,94.25,94.67,94.1,94.63,3094773,MCD
2015-06-17,94.54,95.52,94.54,95.22,3940986,MCD
2015-06-18,95.69,96.63,95.28,96.17,5100999,MCD
2015-06-19,96.39,97.14,95.98,96.08,8279349,MCD
2015-06-22,96.31,97.03,96.14,96.87,3893258,MCD
2015-06-23,97.59,97.96,97.12,97.18,4541658,MCD
2015-06-24,96.75,97.45,96.64,96.64,3927133,MCD
2015-06-25,96.7,96.9,95.78,95.79,4322309,MCD
2015-06-26,96.13,97.35,95.93,97.29,6039506,MCD
2015-06-29,96.62,97.23,95.42,95.44,8412817,MCD
2015-06-30,95.93,96.3,94.54,95.07,6656019,MCD
2015-07-01,95.1,95.82,94.73,95.76,4446181,MCD
2015-07-02,96.13,96.6,95.58,96.17,3250897,MCD
2015-07-06,95.89,96.28,95.25,95.65,3852466,MCD
2015-07-07,95.93,96.78,95.24,96.68,4794388,MCD
2015-07-08,95.65,96.59,95.65,95.84,4914297,MCD
2015-07-09,96.64,97.27,96.44,96.49,5482465,MCD
2015-07-10,97.25,97.78,96.95,97.65,5179204,MCD
2015-07-13,98.0,98.5,97.7,98.43,4578676,MCD
2015-07-14,98.12,99.05,97.96,98.78,5746119,MCD
2015-07-15,98.15,99.63,97.85,99.07,7572526,MCD
2015-07-16,99.11,99.11,97.21,97.86,7696176,MCD
2015-07-17,97.7,98.22,97.0,97.5,6429758,MCD
2015-07-20,97.78,98.21,97.4,97.49,4947041,MCD
2015-07-21,97.6,97.72,96.96,97.32,4206703,MCD
2015-07-22,97.71,98.25,97.43,97.58,5392596,MCD
2015-07-23,98.9,99.0,96.15,97.09,10380706,MCD
2015-07-24,97.41,97.41,96.09,96.1,5554624,MCD
2015-07-27,96.0,96.75,95.7,96.04,5818602,MCD
2015-07-28,96.48,97.42,96.32,97.33,4862990,MCD
2015-07-29,97.48,98.39,97.0,98.21,6006535,MCD
2015-07-30,97.59,99.34,97.59,99.17,5372529,MCD
2015-07-31,99.65,101.1,99.3,99.86,7646980,MCD
2015-08-03,100.0,100.18,99.02,99.42,4427299,MCD
2015-08-04,99.47,99.52,98.77,99.14,2842075,MCD
2015-08-05,99.83,100.14,99.26,99.8,3560581,MCD
2015-08-06,99.72,100.18,99.21,99.35,6740241,MCD
2015-08-07,99.29,99.42,98.45,98.92,3463672,MCD
2015-08-10,99.49,99.95,98.87,99.39,3994544,MCD
2015-08-11,98.69,99.16,98.4,98.81,3584996,MCD
2015-08-12,98.27,98.43,97.23,98.28,4207236,MCD
2015-08-13,98.07,99.82,97.99,99.37,4636402,MCD
2015-08-14,99.05,99.56,98.72,99.27,3185582,MCD
2015-08-17,99.0,100.91,98.92,100.66,5204060,MCD
2015-08-18,100.0,101.44,100.0,100.76,4257289,MCD
2015-08-19,100.45,101.88,100.19,101.1,5988961,MCD
2015-08-20,100.73,101.0,99.74,99.76,6589216,MCD
2015-08-21,99.38,99.39,97.13,97.13,10826711,MCD
2015-08-24,91.58,95.88,87.5,92.87,13732868,MCD
2015-08-25,95.47,95.48,91.03,91.21,10456417,MCD
2015-08-26,92.93,95.2,91.47,95.15,15507423,MCD
2015-08-27,95.88,97.37,95.57,97.33,9553409,MCD
2015-08-28,96.05,96.66,95.78,96.25,5500564,MCD
2015-08-31,95.77,95.88,94.85,95.02,4672190,MCD
2015-09-01,92.77,94.28,92.6,93.47,7223913,MCD
2015-09-02,95.63,96.12,94.55,96.04,6601289,MCD
2015-09-03,96.8,97.43,95.58,96.01,6109157,MCD
2015-09-04,95.05,95.58,94.31,94.85,4410886,MCD
2015-09-08,96.31,96.88,95.49,96.78,5648795,MCD
2015-09-09,97.29,97.39,95.22,95.43,4831037,MCD
2015-09-10,94.96,95.85,94.75,95.25,5972880,MCD
2015-09-11,95.47,97.42,95.26,97.41,6281811,MCD
2015-09-14,97.36,97.66,96.63,96.97,4557201,MCD
2015-09-15,97.29,98.59,96.74,98.19,4459833,MCD
2015-09-16,98.65,98.74,97.53,98.69,5100187,MCD
2015-09-17,98.57,98.97,97.39,97.84,7584642,MCD
2015-09-18,96.82,97.7,96.25,97.05,9665904,MCD
2015-09-21,97.48,98.17,97.01,97.9,4530717,MCD
2015-09-22,97.12,98.08,96.71,97.2,6118747,MCD
2015-09-23,97.24,97.85,97.01,97.38,2965774,MCD
2015-09-24,96.83,97.43,96.3,97.29,4103322,MCD
2015-09-25,97.89,98.7,97.46,97.59,4820658,MCD
2015-09-28,97.0,97.74,95.78,95.96,6454900,MCD
2015-09-29,97.46,97.79,96.8,97.48,6834493,MCD
2015-09-30,98.21,98.7,97.76,98.53,5413804,MCD
2015-10-01,98.5,99.0,97.67,98.78,4305315,MCD
2015-10-02,97.33,99.81,97.13,99.79,4246611,MCD
2015-10-05,100.27,101.64,100.2,101.17,5894664,MCD
2015-10-06,101.26,102.3,101.16,101.9,6947516,MCD
2015-10-07,100.75,101.9,100.34,101.77,6504796,MCD
2015-10-08,101.85,103.47,101.77,102.95,8051563,MCD
2015-10-09,103.0,103.44,102.27,102.76,5565677,MCD
2015-10-12,102.68,103.31,102.51,103.24,3321015,MCD
2015-10-13,102.85,103.51,102.63,103.38,4309214,MCD
2015-10-14,104.15,104.93,102.43,102.82,9074293,MCD
2015-10-15,102.57,105.2,101.6,103.66,10068613,MCD
2015-10-16,104.72,105.01,103.41,104.82,6749182,MCD
2015-10-19,104.24,105.15,104.15,104.49,6742684,MCD
2015-10-20,104.05,104.35,103.42,103.84,4868407,MCD
2015-10-21,103.98,104.25,102.08,102.54,7979647,MCD
2015-10-22,110.4,111.0,108.38,110.87,25004228,MCD
2015-10-23,111.18,112.87,111.1,112.59,11636564,MCD
2015-10-26,112.23,113.96,111.82,112.18,11274400,MCD
2015-10-27,112.27,112.35,110.59,111.64,8900970,MCD
2015-10-28,111.69,112.95,111.4,112.94,4378108,MCD
2015-10-29,112.66,112.95,111.89,112.62,3745884,MCD
2015-10-30,112.88,113.29,112.25,112.25,6395762,MCD
2015-11-02,112.46,112.84,111.23,112.11,5599082,MCD
2015-11-03,111.92,112.31,111.27,112.08,4557500,MCD
2015-11-04,112.19,112.53,111.31,112.4,6791526,MCD
2015-11-05,112.6,113.45,112.15,112.85,4990503,MCD
2015-11-06,112.4,113.44,112.16,113.31,4598317,MCD
2015-11-09,113.45,113.48,112.4,112.93,8420732,MCD
2015-11-10,112.77,114.99,110.75,113.22,12558362,MCD
2015-11-11,113.67,114.43,113.54,113.85,8394168,MCD
2015-11-12,113.5,113.74,112.06,112.11,5676578,MCD
2015-11-13,111.85,112.36,109.91,109.97,8312707,MCD
2015-11-16,109.85,111.06,109.6,111.06,6729554,MCD
2015-11-17,111.04,111.82,110.46,110.94,6014155,MCD
2015-11-18,111.3,112.59,110.84,112.53,5176872,MCD
2015-11-19,112.53,113.71,112.3,113.3,5253525,MCD
2015-11-20,113.36,114.17,113.19,113.91,6448687,MCD
2015-11-23,114.01,114.9,113.91,114.47,4941241,MCD
2015-11-24,113.9,114.56,113.36,114.28,5534798,MCD
2015-11-25,114.27,114.92,113.95,114.4,7477153,MCD
2015-11-27,113.71,114.39,113.53,114.23,2763685,MCD
2015-11-30,114.38,114.49,113.56,114.16,7368118,MCD
2015-12-01,114.52,114.93,113.79,114.45,5317686,MCD
2015-12-02,114.1,114.27,113.45,113.72,5686431,MCD
2015-12-03,113.61,114.44,112.91,113.39,6558595,MCD
2015-12-04,113.75,116.39,113.42,116.2,7778164,MCD
2015-12-07,115.81,116.51,115.75,116.42,4810666,MCD
2015-12-08,115.95,116.86,115.26,116.53,4814227,MCD
2015-12-09,116.21,117.3,115.9,116.58,7604711,MCD
2015-12-10,116.61,117.51,116.2,117.2,5299897,MCD
2015-12-11,115.86,116.61,115.62,116.08,5736380,MCD
2015-12-14,116.17,117.07,114.65,116.26,7642742,MCD
2015-12-15,117.5,118.24,116.84,116.93,6118270,MCD
2015-12-16,117.49,118.75,116.49,117.84,6306287,MCD
2015-12-17,118.34,118.9,117.49,117.5,5275921,MCD
2015-12-18,116.74,117.28,115.89,116.66,11238875,MCD
2015-12-21,116.96,117.74,116.61,117.69,3344606,MCD
2015-12-22,117.96,118.04,116.64,117.72,4091991,MCD
2015-12-23,118.02,118.85,117.75,118.8,3641874,MCD
2015-12-24,118.75,118.99,118.5,118.57,1659340,MCD
2015-12-28,118.1,118.9,118.05,118.75,2777327,MCD
2015-12-29,119.0,120.23,118.82,120.07,3213942,MCD
2015-12-30,119.64,119.99,119.22,119.43,2400802,MCD
2015-12-31,118.82,119.18,117.94,118.14,3723186,MCD
2016-01-04,117.25,117.73,115.87,117.58,9694609,MCD
2016-01-05,117.41,119.23,117.29,119.2,6314015,MCD
2016-01-06,118.0,119.27,117.81,118.4,6543760,MCD
2016-01-07,117.44,117.97,115.59,115.66,7477876,MCD
2016-01-08,115.75,117.47,115.26,115.48,6103431,MCD
2016-01-11,115.65,117.06,115.58,116.69,6392820,MCD
2016-01-12,117.03,117.74,116.17,117.44,5639728,MCD
2016-01-13,117.69,117.87,115.08,115.12,6956724,MCD
2016-01-14,115.59,117.13,113.0,116.62,9055005,MCD
2016-01-15,114.26,116.45,114.21,115.18,10148438,MCD
2016-01-19,116.63,117.71,115.96,117.5,9120214,MCD
2016-01-20,116.97,118.0,114.38,115.78,11903252,MCD
2016-01-21,116.51,118.44,115.79,117.84,9826175,MCD
2016-01-22,118.44,118.75,117.37,118.4,9005647,MCD
2016-01-25,121.85,121.9,118.2,119.2,15108925,MCD
2016-01-26,119.6,121.3,119.0,120.43,8275222,MCD
2016-01-27,120.88,121.62,119.83,120.87,7081277,MCD
2016-01-28,121.1,122.6,120.2,122.38,7456467,MCD
2016-01-29,122.77,124.35,122.75,123.78,10321219,MCD
2016-02-01,123.08,124.83,123.02,124.61,6186614,MCD
2016-02-02,124.05,124.34,123.1,123.95,7633214,MCD
2016-02-03,124.36,124.58,120.84,121.47,9289788,MCD
2016-02-04,121.04,121.24,118.72,120.66,7577192,MCD
2016-02-05,120.65,120.65,114.96,115.4,13222990,MCD
2016-02-08,114.05,116.36,112.71,116.05,11299518,MCD
2016-02-09,115.54,117.8,115.35,117.01,7496672,MCD
2016-02-10,118.02,118.53,117.26,117.54,5716552,MCD
2016-02-11,115.74,117.5,115.69,116.73,7523670,MCD
2016-02-12,116.72,118.33,116.1,117.93,8534917,MCD
2016-02-16,118.42,119.18,117.6,119.18,10510953,MCD
2016-02-17,119.18,119.4,116.72,118.64,12717518,MCD
2016-02-18,118.81,119.46,116.93,117.17,9704961,MCD
2016-02-19,117.0,117.35,115.81,116.53,10744738,MCD
2016-02-22,117.33,118.16,116.87,117.67,6187593,MCD
2016-02-23,117.35,118.15,116.85,116.9,5245846,MCD
2016-02-24,116.32,117.33,115.8,117.06,5346989,MCD
2016-02-25,117.43,118.5,117.16,118.37,6032129,MCD
2016-02-26,117.98,118.27,116.17,117.06,5190277,MCD
2016-02-29,116.8,118.36,116.71,117.19,6265988,MCD
2016-03-01,117.91,119.19,117.77,118.85,4731139,MCD
2016-03-02,118.56,118.73,117.66,118.48,4263799,MCD
2016-03-03,117.48,117.48,115.32,116.69,9128701,MCD
2016-03-04,116.72,117.45,115.9,117.18,5834292,MCD
2016-03-07,117.03,117.57,116.12,117.15,5635944,MCD
2016-03-08,116.21,119.08,116.21,118.42,6221599,MCD
2016-03-09,119.24,120.2,118.46,119.64,6424249,MCD
2016-03-10,119.91,120.86,118.66,119.98,6171431,MCD
2016-03-11,120.49,122.01,120.36,121.55,7036711,MCD
2016-03-14,121.81,123.49,121.45,122.9,7910720,MCD
2016-03-15,122.3,123.76,122.21,123.43,5061379,MCD
2016-03-16,123.33,124.06,122.67,123.52,6708901,MCD
2016-03-17,123.27,123.85,123.11,123.16,6096408,MCD
2016-03-18,123.43,124.12,122.75,124.08,14727122,MCD
2016-03-21,123.66,124.5,123.05,123.81,4041301,MCD
2016-03-22,123.79,124.39,123.56,123.82,3484693,MCD
2016-03-23,124.1,125.0,123.86,124.19,4129873,MCD
2016-03-24,123.69,124.0,122.66,123.29,5796994,MCD
2016-03-28,124.0,124.2,123.12,123.17,4775803,MCD
2016-03-29,123.43,124.57,123.34,123.97,7187634,MCD
2016-03-30,124.9,126.1,124.6,125.83,4845136,MCD
2016-03-31,126.15,126.96,125.61,125.68,7679618,MCD
2016-04-01,125.19,127.39,124.87,127.02,5210636,MCD
2016-04-04,127.05,127.87,126.88,127.57,4238231,MCD
2016-04-05,126.84,127.78,126.39,127.38,6279899,MCD
2016-04-06,127.47,127.69,126.84,127.52,5619540,MCD
2016-04-07,127.37,128.52,127.02,128.14,4713337,MCD
2016-04-08,128.28,128.74,127.28,127.96,3624278,MCD
2016-04-11,128.35,128.69,127.45,127.56,6967387,MCD
2016-04-12,128.08,128.28,126.89,127.61,5205450,MCD
2016-04-13,127.71,127.92,126.08,126.89,4978440,MCD
2016-04-14,127.14,128.09,127.04,127.51,4812444,MCD
2016-04-15,127.08,128.04,126.96,127.78,3098381,MCD
2016-04-18,127.95,128.91,127.68,128.85,4524251,MCD
2016-04-19,128.91,129.35,128.12,128.86,4605325,MCD
2016-04-20,129.31,129.8,128.51,128.55,5002274,MCD
2016-04-21,128.55,128.75,125.6,125.79,7927205,MCD
2016-04-22,128.17,128.4,125.36,125.5,9302586,MCD
2016-04-25,125.07,127.53,125.01,127.46,6975113,MCD
2016-04-26,127.42,128.34,127.03,127.71,4081315,MCD
2016-04-27,127.94,128.56,127.78,128.3,4435386,MCD
2016-04-28,127.86,128.85,127.44,127.92,3385547,MCD
2016-04-29,127.93,127.93,126.1,126.49,6270760,MCD
2016-05-02,126.65,128.22,126.5,128.2,4823184,MCD
2016-05-03,127.4,128.99,127.38,128.4,4040741,MCD
2016-05-04,127.57,130.43,127.57,129.33,6613180,MCD
2016-05-05,129.31,129.98,129.0,129.28,4519732,MCD
2016-05-06,129.38,130.58,128.59,130.58,4417097,MCD
2016-05-09,130.65,131.5,130.35,130.83,5004256,MCD
2016-05-10,130.85,131.96,130.85,131.6,4076687,MCD
2016-05-11,131.24,131.62,129.14,129.14,6874179,MCD
2016-05-12,129.74,130.54,129.16,130.12,4286808,MCD
2016-05-13,129.74,130.16,128.71,128.83,6162402,MCD
2016-05-16,128.51,129.73,128.05,129.64,4343215,MCD
2016-05-17,129.6,129.97,127.3,127.69,5820763,MCD
2016-05-18,127.05,127.47,125.73,126.21,7293117,MCD
2016-05-19,125.48,125.6,124.68,125.29,6254504,MCD
2016-05-20,124.74,125.0,122.14,122.56,9732235,MCD
2016-05-23,122.76,123.73,122.47,122.81,7077225,MCD
2016-05-24,123.39,124.77,123.01,123.95,4494068,MCD
2016-05-25,123.75,123.99,123.03,123.26,5305724,MCD
2016-05-26,123.38,123.98,123.23,123.79,3709787,MCD
2016-05-27,124.27,124.68,123.12,123.25,3220817,MCD
2016-05-31,123.3,123.41,121.62,122.06,7995178,MCD
2016-06-01,121.6,122.74,121.5,121.97,5057195,MCD
2016-06-02,120.7,121.51,120.55,121.17,4740240,MCD
2016-06-03,121.09,121.67,120.34,121.35,4643011,MCD
2016-06-06,121.79,122.17,121.2,122.0,4901956,MCD
2016-06-07,122.34,123.38,121.9,121.9,4562104,MCD
2016-06-08,121.98,122.49,120.89,122.11,3925901,MCD
2016-06-09,122.07,123.09,122.07,122.79,4583522,MCD
2016-06-10,121.8,122.66,121.61,122.36,4347385,MCD
2016-06-13,121.95,123.96,121.85,122.99,5436736,MCD
2016-06-14,122.54,123.19,121.93,122.51,6351355,MCD
2016-06-15,123.19,123.32,122.13,122.25,4168099,MCD
2016-06-16,121.84,122.63,120.95,122.47,3931956,MCD
2016-06-17,122.23,122.71,121.42,122.27,8331396,MCD
2016-06-20,123.32,124.08,123.27,123.42,5951035,MCD
2016-06-21,123.92,124.0,122.31,122.63,4749755,MCD
2016-06-22,121.31,121.45,120.05,120.62,6578905,MCD
2016-06-23,121.48,121.75,120.64,121.21,3832757,MCD
2016-06-24,118.76,121.11,118.29,119.44,6985935,MCD
2016-06-27,118.16,118.16,116.08,116.3,14159800,MCD
2016-06-28,117.2,118.64,116.83,118.5,6172978,MCD
2016-06-29,119.16,119.96,119.0,119.49,5020404,MCD
2016-06-30,119.68,120.45,119.3,120.34,4808068,MCD
2016-07-01,119.72,120.86,119.66,120.4,3798100,MCD
2016-07-05,120.12,120.8,120.1,120.76,5191103,MCD
2016-07-06,119.29,120.96,119.0,120.63,5102758,MCD
2016-07-07,120.89,121.24,120.41,120.92,3621346,MCD
2016-07-08,121.22,121.69,121.08,121.31,3809635,MCD
2016-07-11,121.69,122.12,121.46,122.0,4266347,MCD
2016-07-12,122.0,122.59,121.96,122.25,3742030,MCD
2016-07-13,122.36,123.02,122.16,122.82,3464177,MCD
2016-07-14,123.7,124.21,123.01,123.93,6011933,MCD
2016-07-15,124.42,124.44,123.39,123.61,3688425,MCD
2016-07-18,124.0,124.0,123.39,123.8,5254727,MCD
2016-07-19,124.08,126.6,123.75,126.5,6277670,MCD
2016-07-20,126.84,126.87,125.56,126.06,3353313,MCD
2016-07-21,126.42,127.23,125.93,127.18,3596912,MCD
2016-07-22,127.29,128.6,127.29,128.26,4304163,MCD
2016-07-25,127.95,127.95,126.86,127.4,6210059,MCD
2016-07-26,123.5,124.35,120.97,121.71,14563682,MCD
2016-07-27,121.69,121.79,119.24,119.48,9939199,MCD
2016-07-28,119.59,120.18,118.36,119.42,6239355,MCD
2016-07-29,119.14,119.66,117.43,117.65,7460860,MCD
2016-08-01,117.88,118.39,117.74,118.01,4208757,MCD
2016-08-02,118.18,118.71,117.11,117.7,4504168,MCD
2016-08-03,117.77,118.02,117.14,117.52,4120014,MCD
2016-08-04,117.85,118.55,117.58,118.3,4313219,MCD
2016-08-05,118.78,119.45,118.6,119.21,3883771,MCD
2016-08-08,119.17,119.37,118.2,118.29,3589327,MCD
2016-08-09,117.98,119.13,117.6,118.31,3491668,MCD
2016-08-10,118.0,118.94,117.65,118.8,2941743,MCD
2016-08-11,118.87,119.75,118.85,119.38,3490215,MCD
2016-08-12,119.57,120.02,119.28,119.52,3015659,MCD
2016-08-15,119.02,119.25,118.52,118.52,3391619,MCD
2016-08-16,118.31,118.53,117.92,117.94,3333942,MCD
2016-08-17,117.98,117.98,116.52,117.1,5184865,MCD
2016-08-18,117.24,117.36,116.8,117.13,3710532,MCD
2016-08-19,116.8,116.8,115.0,115.01,7065676,MCD
2016-08-22,115.0,115.73,114.65,115.42,4484694,MCD
2016-08-23,115.91,116.12,115.05,115.19,4305419,MCD
2016-08-24,115.15,115.4,114.73,114.87,4135442,MCD
2016-08-25,115.1,115.78,114.88,115.43,6694088,MCD
2016-08-26,115.63,115.72,113.96,114.44,5294499,MCD
2016-08-29,114.6,115.65,114.5,115.41,4982952,MCD
2016-08-30,115.41,115.87,114.6,115.36,5085332,MCD
2016-08-31,115.51,116.0,115.2,115.66,5394668,MCD
2016-09-01,115.51,115.81,114.86,115.4,3966619,MCD
2016-09-02,115.93,116.11,115.7,115.83,3410123,MCD
2016-09-06,117.09,119.24,116.91,117.25,6337938,MCD
2016-09-07,117.27,117.49,116.44,116.92,2647685,MCD
2016-09-08,116.82,117.11,116.04,116.17,3085582,MCD
2016-09-09,115.6,115.76,114.58,114.58,4961070,MCD
2016-09-12,114.47,116.18,114.13,115.95,5014014,MCD
2016-09-13,115.61,115.61,114.48,114.73,4162162,MCD
2016-09-14,115.0,115.66,114.82,115.18,4530713,MCD
2016-09-15,114.88,116.24,114.77,116.14,3674687,MCD
2016-09-16,115.68,116.26,114.83,115.28,9500452,MCD
2016-09-19,115.83,116.41,114.96,115.21,3741507,MCD
2016-09-20,115.72,116.63,115.5,116.45,3841800,MCD
2016-09-21,116.49,117.05,115.96,116.93,4528903,MCD
2016-09-22,117.46,117.95,117.28,117.36,3808802,MCD
2016-09-23,116.49,117.52,116.35,117.17,2775956,MCD
2016-09-26,116.8,116.94,116.28,116.53,3022356,MCD
2016-09-27,116.95,117.2,116.37,116.88,3745396,MCD
2016-09-28,116.38,116.53,114.46,115.18,5638874,MCD
2016-09-29,115.2,115.97,114.73,114.79,4924448,MCD
2016-09-30,114.69,115.71,114.69,115.36,4188694,MCD
2016-10-03,115.01,115.15,114.41,114.64,3085770,MCD
2016-10-04,114.99,115.51,113.42,113.5,4742913,MCD
2016-10-05,113.91,114.83,113.38,113.41,3720334,MCD
2016-10-06,113.25,114.22,112.4,113.92,3899954,MCD
2016-10-07,113.97,114.34,113.22,113.45,4153139,MCD
2016-10-10,114.21,114.99,114.16,114.71,3290302,MCD
2016-10-11,114.65,115.23,113.56,113.68,3943282,MCD
2016-10-12,113.6,115.23,113.54,114.71,3340166,MCD
2016-10-13,114.14,115.74,114.07,115.41,4464728,MCD
2016-10-14,114.9,115.11,114.07,114.09,5312532,MCD
2016-10-17,113.91,114.4,112.1,112.41,5655748,MCD
2016-10-18,112.89,113.09,111.23,111.25,6198363,MCD
2016-10-19,111.71,111.77,111.12,111.26,6433443,MCD
2016-10-20,111.3,111.3,110.33,110.57,7250742,MCD
2016-10-21,113.27,114.5,112.75,113.93,10108048,MCD
2016-10-24,114.25,114.5,112.64,113.57,6173488,MCD
2016-10-25,113.5,113.54,112.67,112.72,4878955,MCD
2016-10-26,112.27,112.7,111.4,112.11,3763114,MCD
2016-10-27,112.17,112.49,111.78,112.08,2960726,MCD
2016-10-28,112.26,112.35,111.53,112.1,3304686,MCD
2016-10-31,112.46,112.73,111.79,112.57,4181577,MCD
2016-11-01,112.65,112.77,111.95,112.25,3935634,MCD
2016-11-02,112.1,112.77,111.82,112.39,3512534,MCD
2016-11-03,112.74,112.85,111.52,111.72,3890687,MCD
2016-11-04,111.99,112.0,110.83,111.04,3457385,MCD
2016-11-07,112.0,113.28,111.88,112.82,3842380,MCD
2016-11-08,113.01,114.25,113.0,114.11,3300157,MCD
2016-11-09,112.09,115.42,111.8,114.98,5099493,MCD
2016-11-10,115.03,115.04,113.78,114.51,4437714,MCD
2016-11-11,114.67,114.96,114.17,114.22,4331192,MCD
2016-11-14,114.99,118.75,114.72,117.86,7093249,MCD
2016-11-15,117.58,118.48,117.02,118.32,4447865,MCD
2016-11-16,118.86,119.6,118.46,119.21,5371085,MCD
2016-11-17,118.89,119.5,118.28,119.45,2833579,MCD
2016-11-18,119.26,120.24,118.91,120.0,3655358,MCD
2016-11-21,119.8,120.5,118.96,119.5,3603269,MCD
2016-11-22,119.5,120.29,118.88,119.69,3699103,MCD
2016-11-23,119.73,120.76,119.73,120.14,2872059,MCD
2016-11-25,120.08,120.99,119.92,120.66,1709105,MCD
2016-11-28,120.38,121.87,120.23,121.82,5931717,MCD
2016-11-29,120.38,120.79,119.02,120.68,6370935,MCD
2016-11-30,120.22,120.49,119.27,119.27,5696096,MCD
2016-12-01,118.96,118.96,117.87,118.47,4444978,MCD
2016-12-02,118.0,118.5,117.71,118.24,3348723,MCD
2016-12-05,119.45,120.34,119.03,119.29,5191935,MCD
2016-12-06,119.29,119.65,118.6,119.25,3367984,MCD
2016-12-07,119.41,120.13,118.46,119.92,4059907,MCD
2016-12-08,120.05,121.15,119.5,120.45,3255709,MCD
2016-12-09,120.57,121.27,120.21,121.26,2623713,MCD
2016-12-12,121.57,122.25,121.26,121.74,4172434,MCD
2016-12-13,121.78,122.92,121.76,122.68,4307966,MCD
2016-12-14,122.87,123.4,122.39,122.84,4967405,MCD
2016-12-15,122.97,123.36,121.77,122.36,4402760,MCD
2016-12-16,122.89,123.84,122.54,123.24,10793788,MCD
2016-12-19,123.23,123.66,122.77,122.99,3545487,MCD
2016-12-20,123.18,123.9,122.71,123.33,2768822,MCD
2016-12-21,123.15,123.76,123.1,123.18,2762883,MCD
2016-12-22,123.12,124.0,123.09,123.72,3037126,MCD
2016-12-23,123.37,123.83,123.07,123.14,2164391,MCD
2016-12-27,123.3,123.65,122.97,123.07,1919649,MCD
2016-12-28,122.93,123.35,122.61,122.68,1980189,MCD
2016-12-29,122.76,123.36,122.76,122.79,1943461,MCD
2016-12-30,122.79,123.16,121.44,121.72,3574609,MCD
2017-01-03,121.86,122.0,118.96,119.62,5123752,MCD
2017-01-04,119.0,119.74,118.18,119.48,3780783,MCD
2017-01-05,119.34,120.2,119.1,119.7,4261070,MCD
2017-01-06,118.93,121.5,118.52,120.76,4089186,MCD
2017-01-09,120.76,121.06,120.33,120.43,3021844,MCD
2017-01-10,120.46,120.85,119.73,120.25,3108394,MCD
2017-01-11,120.93,121.5,120.62,120.88,3565185,MCD
2017-01-12,120.3,122.31,120.2,122.1,3480802,MCD
2017-01-13,122.24,122.24,121.1,121.5,2877498,MCD
2017-01-17,120.75,122.8,120.7,122.75,4077567,MCD
2017-01-18,122.81,123.0,121.8,122.71,3395003,MCD
2017-01-19,122.24,123.0,122.04,122.18,3155158,MCD
2017-01-20,122.26,122.95,122.02,122.26,4887114,MCD
2017-01-23,121.69,122.08,119.82,121.38,7022556,MCD
2017-01-24,121.97,122.06,120.52,121.05,3495211,MCD
2017-01-25,121.49,121.92,120.95,121.79,3968263,MCD
2017-01-26,121.86,122.38,121.76,121.88,2497470,MCD
2017-01-27,122.27,122.99,121.48,122.86,3592676,MCD
2017-01-30,122.81,123.21,122.3,123.02,3777994,MCD
2017-01-31,123.02,123.34,122.1,122.57,3733323,MCD
2017-02-01,121.9,122.5,121.7,122.42,3233576,MCD
2017-02-02,122.54,123.98,122.26,123.22,3236564,MCD
2017-02-03,123.31,124.51,123.28,124.24,3183438,MCD
2017-02-06,124.09,124.9,123.95,124.45,2760306,MCD
2017-02-07,124.95,125.42,124.59,124.59,2847175,MCD
2017-02-08,124.58,125.36,124.49,124.67,2835161,MCD
2017-02-09,124.47,125.0,124.36,124.48,2493605,MCD
2017-02-10,124.68,126.11,124.52,125.82,3681436,MCD
2017-02-13,126.02,126.68,125.49,125.54,2993779,MCD
2017-02-14,125.5,126.07,125.27,125.81,2663089,MCD
2017-02-15,125.66,126.79,125.45,126.48,2974932,MCD
2017-02-16,126.75,127.82,126.31,126.7,3006011,MCD
2017-02-17,126.78,127.88,126.68,127.8,3677392,MCD
2017-02-21,127.16,128.32,127.16,128.04,4495173,MCD
2017-02-22,127.52,128.11,126.4,127.85,3670720,MCD
2017-02-23,127.93,128.9,127.44,128.27,3177951,MCD
2017-02-24,128.36,128.74,127.75,128.65,3537175,MCD
2017-02-27,127.68,127.75,126.78,126.99,5184016,MCD
2017-02-28,127.08,127.93,126.58,127.65,4619284,MCD
2017-03-01,128.02,130.0,127.62,129.05,5471550,MCD
2017-03-02,129.05,129.81,128.15,128.23,6738068,MCD
2017-03-03,128.19,128.66,127.44,127.9,4071613,MCD
2017-03-06,127.9,128.34,127.4,128.03,3271529,MCD
2017-03-07,128.06,128.31,127.34,128.07,3332350,MCD
2017-03-08,128.07,128.36,127.47,128.09,3571805,MCD
2017-03-09,127.95,128.72,127.69,128.14,3266027,MCD
2017-03-10,128.56,128.59,127.72,127.98,3178943,MCD
2017-03-13,128.01,128.27,127.35,127.61,3130804,MCD
2017-03-14,127.65,128.23,127.5,127.8,2492670,MCD
2017-03-15,128.21,128.3,127.47,127.88,3529288,MCD
2017-03-16,128.3,128.9,127.93,127.98,3945669,MCD
2017-03-17,128.57,129.98,128.42,128.64,12532692,MCD
2017-03-20,128.99,129.48,128.47,128.78,3415501,MCD
2017-03-21,129.22,129.75,128.18,128.52,4062394,MCD
2017-03-22,128.58,129.15,128.41,129.1,3174246,MCD
2017-03-23,129.14,129.59,128.81,129.0,2774527,MCD
2017-03-24,129.38,129.68,129.16,129.34,3568234,MCD
2017-03-27,129.08,129.82,129.02,129.49,2540421,MCD
2017-03-28,129.46,129.77,128.94,129.45,3487426,MCD
2017-03-29,129.0,129.67,128.63,128.84,3197762,MCD
2017-03-30,128.75,129.53,128.6,129.32,2018028,MCD
2017-03-31,129.39,130.19,129.3,129.61,3041677,MCD
2017-04-03,129.5,129.71,128.86,129.61,3287117,MCD
2017-04-04,129.14,129.53,128.65,129.29,3413965,MCD
2017-04-05,129.89,131.58,129.65,130.41,4052194,MCD
2017-04-06,130.31,130.66,129.96,130.15,3857127,MCD
2017-04-07,130.02,130.4,129.62,129.96,2176598,MCD
2017-04-10,129.95,130.65,129.52,129.98,2709287,MCD
2017-04-11,130.62,131.24,129.8,131.2,3677631,MCD
2017-04-12,131.31,131.56,130.87,131.26,3195534,MCD
2017-04-13,131.0,131.14,130.57,130.76,2429242,MCD
2017-04-17,131.25,131.87,130.91,131.35,3236373,MCD
2017-04-18,132.01,132.8,131.8,132.3,3617373,MCD
2017-04-19,132.64,133.0,132.34,132.64,3132760,MCD
2017-04-20,132.65,133.44,132.64,133.27,2697250,MCD
2017-04-21,133.55,133.88,133.15,133.41,3466098,MCD
2017-04-24,134.24,134.76,133.26,134.23,5040990,MCD
2017-04-25,138.14,141.99,137.18,141.7,10893766,MCD
2017-04-26,141.7,142.0,140.34,140.84,7132234,MCD
2017-04-27,141.88,142.79,140.85,140.87,5183662,MCD
2017-04-28,140.39,140.76,139.78,139.93,4779887,MCD
2017-05-01,139.86,141.45,139.84,141.15,3747202,MCD
2017-05-02,140.98,141.81,140.72,141.23,3774136,MCD
2017-05-03,142.2,142.7,141.4,142.62,4278614,MCD
2017-05-04,142.62,143.67,142.26,143.45,4178808,MCD
2017-05-05,143.42,143.98,142.58,143.96,2452736,MCD
2017-05-08,143.93,144.5,143.66,144.24,2813463,MCD
2017-05-09,144.09,144.98,144.0,144.36,3053786,MCD
2017-05-10,143.86,144.64,143.73,144.52,2273313,MCD
2017-05-11,144.08,144.4,143.4,144.21,1941939,MCD
2017-05-12,144.5,145.5,144.46,145.36,2747921,MCD
2017-05-15,145.43,146.4,145.43,146.28,3332792,MCD
2017-05-16,146.55,147.67,146.28,147.29,3540887,MCD
2017-05-17,146.64,147.46,146.24,146.41,3875597,MCD
2017-05-18,146.41,147.24,145.81,147.01,2730870,MCD
2017-05-19,147.25,148.83,146.84,148.15,4071176,MCD
2017-05-22,148.3,148.88,147.93,148.19,3294675,MCD
2017-05-23,148.22,148.53,147.65,147.82,3262308,MCD
2017-05-24,147.94,149.99,147.0,149.5,3390450,MCD
2017-05-25,149.81,149.95,149.27,149.78,3408113,MCD
2017-05-26,149.87,150.24,149.25,149.86,3258239,MCD
2017-05-30,149.95,150.33,149.52,149.93,3113940,MCD
2017-05-31,150.12,151.14,149.6,150.89,6415744,MCD
2017-06-01,150.79,152.39,150.35,152.39,4349787,MCD
2017-06-02,152.52,153.9,152.15,153.74,4316652,MCD
2017-06-05,153.63,153.66,152.76,152.79,2633659,MCD
2017-06-06,152.37,152.59,151.21,151.23,3661935,MCD
2017-06-07,151.23,152.01,150.73,151.94,2922873,MCD
2017-06-08,152.0,152.15,151.01,151.43,3709866,MCD
2017-06-09,151.88,152.0,150.9,151.48,4143139,MCD
2017-06-12,151.0,151.08,148.04,148.47,5902610,MCD
2017-06-13,148.86,150.25,148.62,149.82,4267682,MCD
2017-06-14,150.32,151.08,149.91,150.68,2675487,MCD
2017-06-15,149.9,151.52,149.65,151.17,2517538,MCD
2017-06-16,150.98,152.89,150.92,151.99,5443905,MCD
2017-06-19,152.39,153.18,151.84,153.14,3263818,MCD
2017-06-20,154.27,155.28,153.84,154.07,3614426,MCD
2017-06-21,154.18,154.42,153.61,153.73,2448456,MCD
2017-06-22,153.78,154.91,153.68,154.8,2003838,MCD
2017-06-23,155.0,155.45,154.43,154.64,2214734,MCD
2017-06-26,155.18,155.46,153.52,153.96,2360865,MCD
2017-06-27,154.0,154.82,153.46,153.72,2139026,MCD
2017-06-28,154.04,154.68,153.74,154.3,1302825,MCD
2017-06-29,154.58,154.58,152.15,153.13,1975891,MCD
2017-06-30,153.3,153.77,152.72,153.16,2508213,MCD
2017-07-03,153.44,153.87,152.48,152.5,1100668,MCD
2017-07-05,152.82,153.57,151.99,153.07,2497334,MCD
2017-07-06,152.7,153.46,152.33,153.09,2019798,MCD
2017-07-07,153.37,156.56,153.15,156.27,4117750,MCD
2017-07-10,156.28,156.53,155.16,155.52,2402682,MCD
2017-07-11,155.09,155.88,154.01,154.91,2008830,MCD
2017-07-12,155.41,156.75,155.27,156.58,2094889,MCD
2017-07-13,156.49,156.54,154.34,155.04,3169726,MCD
2017-07-14,154.99,155.5,154.73,155.28,2440151,MCD
2017-07-17,155.43,155.44,154.7,155.26,2408743,MCD
2017-07-18,155.0,155.27,153.37,153.96,3890738,MCD
2017-07-19,154.13,154.46,153.48,153.89,3072177,MCD
2017-07-20,154.03,155.22,153.55,154.21,2240178,MCD
2017-07-21,154.06,154.7,153.29,153.92,3522350,MCD
2017-07-24,154.0,154.22,151.77,151.85,5307438,MCD
2017-07-25,157.75,159.98,156.54,159.07,9511383,MCD
2017-07-26,158.76,159.0,155.68,156.51,4678963,MCD
2017-07-27,156.42,157.43,155.54,156.95,4624114,MCD
2017-07-28,156.36,156.66,155.07,155.85,3964456,MCD
2017-07-31,,,154.85,155.14,4280364,MCD
2017-08-01,154.98,155.9,153.71,154.04,4185050,MCD
2017-08-02,153.76,156.65,153.71,156.59,3325986,MCD
2017-08-03,156.56,156.77,154.41,154.72,3666110,MCD
2017-08-04,154.61,154.82,153.23,153.82,4435402,MCD
2017-08-07,154.14,155.39,154.0,154.97,3252104,MCD
2017-08-08,154.67,155.24,154.1,154.92,4234291,MCD
2017-08-09,155.3,155.68,154.35,154.92,3006466,MCD
2017-08-10,154.33,157.2,154.25,156.62,3874541,MCD
2017-08-11,156.88,158.4,156.63,157.3,2925044,MCD
2017-08-14,157.45,157.9,156.46,157.26,2809051,MCD
2017-08-15,157.84,158.58,157.34,157.62,2160072,MCD
2017-08-16,157.89,159.38,157.6,158.9,2921762,MCD
2017-08-17,158.75,159.53,157.81,157.89,3071602,MCD
2017-08-18,157.99,158.28,157.02,157.76,2595695,MCD
2017-08-21,158.17,158.64,157.54,158.36,2195074,MCD
2017-08-22,158.5,159.94,158.39,159.64,2122581,MCD
2017-08-23,159.3,159.37,158.38,158.81,2190674,MCD
2017-08-24,159.11,159.68,158.33,158.41,1634784,MCD
2017-08-25,158.89,159.34,158.53,158.82,2019582,MCD
2017-08-28,159.04,159.96,158.66,159.67,2027283,MCD
2017-08-29,159.2,159.76,158.73,159.38,3283371,MCD
2017-08-30,158.4,159.64,158.32,159.53,2236471,MCD
2017-08-31,159.77,160.0,159.35,159.97,2717014,MCD
2017-09-01,159.87,160.2,159.5,159.81,1878291,MCD
2017-09-05,159.0,159.78,158.07,159.1,4005591,MCD
2017-09-06,159.23,159.37,158.22,158.22,4143348,MCD
2017-09-07,158.47,160.06,158.33,159.9,2965378,MCD
2017-09-08,159.53,160.38,159.18,159.71,2984223,MCD
2017-09-11,160.0,161.72,159.92,161.53,2333557,MCD
2017-09-12,160.21,160.72,155.77,156.33,10324140,MCD
2017-09-13,156.74,157.78,156.0,157.0,4705601,MCD
2017-09-14,157.0,157.35,156.05,157.0,3109655,MCD
2017-09-15,157.79,158.0,156.88,156.92,7425112,MCD
2017-09-18,157.72,157.79,156.35,156.68,3832243,MCD
2017-09-19,157.27,157.9,156.33,157.43,3554601,MCD
2017-09-20,157.9,159.89,157.76,159.88,3641093,MCD
2017-09-21,159.87,160.09,158.51,159.03,2503437,MCD
2017-09-22,158.88,159.74,158.56,158.91,2442658,MCD
2017-09-25,158.47,158.69,156.1,156.26,3661538,MCD
2017-09-26,156.25,156.84,153.27,153.35,6420043,MCD
2017-09-27,153.51,154.69,153.44,154.05,3892677,MCD
2017-09-28,156.16,158.31,155.48,157.49,4210238,MCD
2017-09-29,157.51,158.04,156.12,156.68,3670057,MCD
2017-10-02,156.0,157.18,155.8,156.96,2406969,MCD
2017-10-03,156.75,157.46,156.36,156.86,2188429,MCD
2017-10-04,156.83,157.42,156.65,157.21,1823061,MCD
2017-10-05,157.3,158.92,157.3,158.8,2796033,MCD
2017-10-06,158.58,160.13,158.58,159.6,3548478,MCD
2017-10-09,159.61,160.49,159.5,160.12,2120035,MCD
2017-10-10,159.69,161.58,159.59,160.58,2910445,MCD
2017-10-11,160.9,163.24,160.58,162.73,648618,MCD
2017-10-12,162.99,164.4,162.77,163.91,3023607,MCD
2017-10-13,164.45,165.51,164.08,165.37,2957929,MCD
2017-10-16,165.44,165.74,164.44,165.01,2133063,MCD
2017-10-17,164.92,166.02,164.75,165.4,2379725,MCD
2017-10-18,165.29,166.25,163.89,165.77,2798259,MCD
2017-10-19,165.82,166.95,164.92,166.5,2478221,MCD
2017-10-20,167.23,167.9,165.5,166.3,5577713,MCD
2017-10-23,166.1,166.1,163.09,163.34,6214780,MCD
2017-10-24,165.26,166.48,163.59,163.88,7855167,MCD
2017-10-25,163.41,165.12,163.0,163.58,3716202,MCD
2017-10-26,164.14,164.65,163.75,164.01,2934412,MCD
2017-10-27,164.09,165.85,163.77,165.39,2298244,MCD
2017-10-30,165.0,166.56,164.66,166.23,2050964,MCD
2017-10-31,166.25,167.41,166.13,166.91,2873004,MCD
2017-11-01,165.72,167.99,165.57,166.37,2186059,MCD
2017-11-02,166.99,168.47,166.5,168.1,2290972,MCD
2017-11-03,168.0,169.45,167.6,168.65,1960340,MCD
2017-11-06,168.9,170.42,168.6,170.07,3088388,MCD
2017-11-07,170.1,170.82,169.52,170.77,2506006,MCD
2017-11-08,170.17,170.92,169.45,170.1,2605530,MCD
2017-11-09,168.72,169.2,166.1,167.0,4218989,MCD
2017-11-10,166.4,166.8,163.52,165.59,4226775,MCD
2017-11-13,165.47,167.95,165.08,167.37,2605607,MCD
2017-11-14,166.84,168.42,166.57,168.11,2180883,MCD
2017-11-15,167.69,168.69,167.15,167.32,2019256,MCD
2017-11-16,167.68,168.89,167.53,168.09,2293402,MCD
2017-11-17,167.54,167.7,166.16,166.72,2221422,MCD
2017-11-20,167.33,167.85,166.76,166.93,2442260,MCD
2017-11-21,167.55,169.26,167.51,168.3,2653109,MCD
2017-11-22,169.27,170.35,168.67,169.05,2719456,MCD
2017-11-24,168.88,169.56,168.82,169.11,963233,MCD
2017-11-27,168.9,169.18,168.09,168.96,2082561,MCD
2017-11-28,169.23,171.38,169.04,171.34,2909928,MCD
2017-11-29,171.7,172.02,169.05,170.43,4590301,MCD
2017-11-30,170.24,173.17,169.34,171.97,6023705,MCD
2017-12-01,172.77,173.15,170.39,172.87,4279176,MCD
2017-12-04,173.27,173.48,170.43,170.65,3943113,MCD
2017-12-05,173.64,174.25,172.46,172.99,3228719,MCD
2017-12-06,173.48,174.44,173.0,173.48,2619230,MCD
2017-12-07,172.55,173.29,171.92,172.91,2284815,MCD
2017-12-08,173.04,173.54,172.51,173.15,2241149,MCD
2017-12-11,172.94,173.25,172.22,173.25,2340780,MCD
2017-12-12,172.23,173.2,171.85,172.23,2805872,MCD
2017-12-13,172.44,173.96,172.4,173.55,2554009,MCD
2017-12-14,173.66,174.08,172.83,173.14,2667075,MCD
2017-12-15,174.3,175.09,173.68,174.06,7435241,MCD
2017-12-18,174.87,175.78,174.11,174.2,2426273,MCD
2017-12-19,174.39,174.9,173.08,173.39,3122460,MCD
2017-12-20,173.83,173.88,171.71,172.17,2749398,MCD
2017-12-21,172.6,172.75,171.67,171.85,2343276,MCD
2017-12-22,171.82,172.04,170.55,171.42,3234143,MCD
2017-12-26,171.09,171.64,170.82,171.29,1280227,MCD
2017-12-27,171.33,172.74,170.84,172.67,1596817,MCD
2017-12-28,173.26,173.55,172.62,173.1,1800068,MCD
2017-12-29,172.98,172.98,171.92,172.12,2201771,MCD
2006-01-03,46.36,46.66,45.57,46.23,23413900,WMT
2006-01-04,46.24,46.5,46.1,46.32,14090700,WMT
2006-01-05,46.0,46.4,45.29,45.69,20759200,WMT
2006-01-06,45.69,45.88,45.1,45.88,21135000,WMT
2006-01-09,45.89,46.15,45.56,45.71,14890700,WMT
2006-01-10,45.5,46.03,45.46,45.86,13422500,WMT
2006-01-11,46.06,46.6,45.76,46.57,14179400,WMT
2006-01-12,46.25,46.39,45.67,45.74,11425700,WMT
2006-01-13,45.68,45.89,45.31,45.4,10260500,WMT
2006-01-17,45.4,45.42,44.7,44.95,17118300,WMT
2006-01-18,44.65,45.39,44.61,44.88,13217700,WMT
2006-01-19,45.18,45.89,45.06,45.8,18141900,WMT
2006-01-20,45.64,45.7,44.81,45.0,19354600,WMT
2006-01-23,45.0,45.47,44.54,45.25,15824700,WMT
2006-01-24,45.55,45.91,45.5,45.72,18189800,WMT
2006-01-25,45.7,46.17,45.66,45.97,18986800,WMT
2006-01-26,46.21,46.51,45.83,46.32,16798600,WMT
2006-01-27,45.99,46.52,44.88,45.84,13386000,WMT
2006-01-30,46.4,46.95,46.21,46.41,15269600,WMT
2006-01-31,46.44,46.53,46.03,46.11,12926900,WMT
2006-02-01,46.05,46.38,45.57,46.14,15189400,WMT
2006-02-02,46.3,46.48,45.47,46.28,18513100,WMT
2006-02-03,45.99,46.21,45.44,45.49,11329700,WMT
2006-02-06,45.44,45.51,45.05,45.08,12185300,WMT
2006-02-07,45.0,45.47,44.68,44.74,16191300,WMT
2006-02-08,44.78,45.51,44.52,45.4,12347600,WMT
2006-02-09,45.48,45.97,45.33,45.7,13131800,WMT
2006-02-10,45.6,45.95,45.31,45.75,8037800,WMT
2006-02-13,45.47,45.82,45.47,45.51,7161400,WMT
2006-02-14,45.42,46.64,45.28,46.45,14872500,WMT
2006-02-15,46.29,46.93,45.89,46.89,11835300,WMT
2006-02-16,46.85,47.02,46.35,46.63,9074400,WMT
2006-02-17,46.63,46.63,45.8,46.1,15355200,WMT
2006-02-21,45.71,46.46,45.47,45.74,15376000,WMT
2006-02-22,45.93,45.99,45.44,45.48,9911800,WMT
2006-02-23,45.5,45.95,45.34,45.7,14826400,WMT
2006-02-24,45.7,45.75,45.26,45.45,9652200,WMT
2006-02-27,45.55,45.88,45.55,45.76,9051700,WMT
2006-02-28,45.57,45.81,45.22,45.36,12302300,WMT
2006-03-01,45.36,45.51,45.03,45.15,12046100,WMT
2006-03-02,45.01,45.48,44.93,45.06,12518600,WMT
2006-03-03,44.87,45.5,44.86,45.33,9508600,WMT
2006-03-06,45.49,45.54,44.97,45.12,9749500,WMT
2006-03-07,45.19,45.36,45.05,45.27,11246500,WMT
2006-03-08,45.2,45.63,45.16,45.27,14478100,WMT
2006-03-09,45.2,45.39,45.11,45.24,7233700,WMT
2006-03-10,45.44,45.48,45.21,45.33,9322100,WMT
2006-03-13,45.35,45.46,45.22,45.27,8838700,WMT
2006-03-14,45.19,45.58,45.16,45.54,13740500,WMT
2006-03-15,45.5,45.57,45.22,45.32,13992300,WMT
2006-03-16,45.56,46.44,45.42,46.36,18556100,WMT
2006-03-17,46.6,46.79,46.29,46.69,12439100,WMT
2006-03-20,47.03,48.07,46.99,47.76,19702100,WMT
2006-03-21,48.2,48.45,47.72,48.11,13890400,WMT
2006-03-22,47.2,48.22,47.74,48.1,9027400,WMT
2006-03-23,48.19,48.87,48.05,48.54,14733200,WMT
2006-03-24,48.7,48.72,48.02,48.19,9733500,WMT
2006-03-27,48.19,48.3,47.9,47.95,8663800,WMT
2006-03-28,47.95,48.32,47.66,47.75,10044300,WMT
2006-03-29,47.8,48.18,47.5,48.05,8681900,WMT
2006-03-30,48.05,48.18,47.31,47.66,9793600,WMT
2006-03-31,47.94,47.94,47.2,47.24,10092000,WMT
2006-04-03,47.27,47.31,46.53,46.77,14109000,WMT
2006-04-04,46.69,46.77,46.35,46.5,8716100,WMT
2006-04-05,46.58,46.97,46.5,46.87,7763700,WMT
2006-04-06,46.88,47.09,46.35,46.56,8763900,WMT
2006-04-07,46.5,46.77,45.81,46.02,12458500,WMT
2006-04-10,45.98,46.0,45.51,45.7,9585100,WMT
2006-04-11,45.6,45.76,45.27,45.5,9653700,WMT
2006-04-12,45.78,45.96,45.65,45.9,9285300,WMT
2006-04-13,45.96,46.01,45.62,45.77,7199000,WMT
2006-04-17,45.8,46.28,45.63,45.82,9225100,WMT
2006-04-18,46.14,46.52,46.07,46.4,10545900,WMT
2006-04-19,46.32,46.7,46.25,46.47,10743300,WMT
2006-04-20,46.37,46.71,46.26,46.4,9125500,WMT
2006-04-21,46.6,46.6,45.68,45.82,10118100,WMT
2006-04-24,45.62,45.74,45.4,45.54,12143600,WMT
2006-04-25,45.66,45.93,45.5,45.63,9205900,WMT
2006-04-26,45.75,46.03,45.67,45.98,10583100,WMT
2006-04-27,45.78,46.08,45.62,45.64,12791700,WMT
2006-04-28,45.58,45.67,44.99,45.03,15376900,WMT
2006-05-01,45.92,46.58,45.54,45.93,18547300,WMT
2006-05-02,46.12,46.26,45.9,46.16,9598300,WMT
2006-05-03,46.32,46.84,46.29,46.69,11794600,WMT
2006-05-04,46.92,46.98,46.12,46.4,10585300,WMT
2006-05-05,46.6,47.34,46.52,47.25,9080900,WMT
2006-05-08,47.25,47.9,47.1,47.57,9878300,WMT
2006-05-09,47.69,48.17,47.58,47.87,14506900,WMT
2006-05-10,47.71,48.09,47.58,47.78,9449800,WMT
2006-05-11,47.9,47.9,47.03,47.25,11204500,WMT
2006-05-12,47.26,47.45,46.53,46.54,11409700,WMT
2006-05-15,46.25,47.56,46.08,47.43,17054400,WMT
2006-05-16,47.87,48.31,47.69,48.07,17686300,WMT
2006-05-17,47.65,47.68,46.83,46.84,15514900,WMT
2006-05-18,47.02,47.39,46.65,47.22,10941200,WMT
2006-05-19,47.45,47.48,46.89,47.32,13027900,WMT
2006-05-22,47.29,47.77,47.1,47.35,9915300,WMT
2006-05-23,47.6,47.99,47.5,47.52,11022600,WMT
2006-05-24,47.53,48.14,47.37,48.03,16235700,WMT
2006-05-25,48.82,49.83,48.65,49.45,25807000,WMT
2006-05-26,49.6,50.0,49.45,49.65,17474400,WMT
2006-05-30,48.62,48.71,48.23,48.3,19274100,WMT
2006-05-31,48.48,48.72,48.1,48.45,12049600,WMT
2006-06-01,48.25,48.57,47.92,48.39,13468300,WMT
2006-06-02,48.17,48.35,47.32,47.83,13777200,WMT
2006-06-05,47.77,48.04,47.1,47.19,12446300,WMT
2006-06-06,47.34,47.49,46.55,47.03,16464300,WMT
2006-06-07,47.07,47.73,46.92,47.04,9688200,WMT
2006-06-08,47.09,47.54,46.84,47.3,16265500,WMT
2006-06-09,47.15,47.49,47.0,47.13,7469900,WMT
2006-06-12,47.1,47.42,46.92,46.99,7468900,WMT
2006-06-13,47.09,47.93,47.03,47.53,14181500,WMT
2006-06-14,47.56,47.9,47.37,47.71,10429800,WMT
2006-06-15,47.74,48.75,47.31,48.66,15733400,WMT
2006-06-16,48.56,49.16,48.2,48.31,16742300,WMT
2006-06-19,48.45,48.9,48.0,48.27,11618700,WMT
2006-06-20,48.25,48.59,48.21,48.43,8701000,WMT
2006-06-21,48.3,49.0,48.3,48.9,12334300,WMT
2006-06-22,48.71,49.19,48.27,48.48,8466500,WMT
2006-06-23,48.35,48.63,47.76,47.94,8247000,WMT
2006-06-26,48.09,48.2,47.8,48.07,6776400,WMT
2006-06-27,47.95,48.27,47.57,47.63,8423100,WMT
2006-06-28,47.65,47.93,47.36,47.92,7287900,WMT
2006-06-29,48.11,48.72,47.91,48.71,10967400,WMT
2006-06-30,48.7,48.85,48.16,48.17,11126700,WMT
2006-07-03,47.75,48.05,47.1,47.57,9097300,WMT
2006-07-05,47.21,47.34,46.76,47.02,11523700,WMT
2006-07-06,46.83,47.14,46.51,46.72,10174000,WMT
2006-07-07,46.48,46.63,45.88,46.0,10526400,WMT
2006-07-10,46.25,46.73,46.05,46.18,7308800,WMT
2006-07-11,46.0,46.21,45.41,46.13,13206100,WMT
2006-07-12,46.21,46.25,45.11,45.15,13258500,WMT
2006-07-13,44.55,44.62,43.71,44.16,26307100,WMT
2006-07-14,43.93,44.03,42.81,43.05,20072300,WMT
2006-07-17,43.23,43.93,42.72,43.02,17697300,WMT
2006-07-18,42.76,43.23,42.31,43.17,20375600,WMT
2006-07-19,43.28,44.33,43.23,44.2,17886000,WMT
2006-07-20,44.35,44.61,44.15,44.29,10256600,WMT
2006-07-21,44.51,44.51,43.56,43.72,12978700,WMT
2006-07-24,44.03,44.89,44.03,44.43,11650300,WMT
2006-07-25,44.21,44.8,43.94,44.67,10678900,WMT
2006-07-26,44.45,44.47,43.63,43.67,12347700,WMT
2006-07-27,43.97,44.0,43.47,43.53,8706800,WMT
2006-07-28,43.77,44.54,43.77,44.46,12360300,WMT
2006-07-31,45.02,45.12,44.33,44.5,13481700,WMT
2006-08-01,44.35,44.38,43.79,44.09,9645100,WMT
2006-08-02,44.3,44.43,44.0,44.37,7990700,WMT
2006-08-03,44.27,45.13,44.17,44.73,11035800,WMT
2006-08-04,45.15,45.45,44.65,44.87,9733000,WMT
2006-08-07,44.6,45.05,44.5,44.82,7341500,WMT
2006-08-08,44.82,44.99,44.37,44.46,7690500,WMT
2006-08-09,44.78,44.88,43.86,43.9,10279700,WMT
2006-08-10,43.9,44.94,43.75,44.89,12140900,WMT
2006-08-11,44.9,44.94,44.3,44.69,8244500,WMT
2006-08-14,44.84,45.43,44.73,45.1,10971000,WMT
2006-08-15,44.78,44.89,44.05,44.55,18589800,WMT
2006-08-16,44.55,44.68,44.05,44.43,16454100,WMT
2006-08-17,44.5,45.0,44.33,44.63,12368200,WMT
2006-08-18,44.72,44.74,44.3,44.49,9083600,WMT
2006-08-21,44.3,44.38,44.02,44.09,9482300,WMT
2006-08-22,44.2,44.37,43.98,44.07,8267400,WMT
2006-08-23,44.1,44.15,43.48,43.76,10584100,WMT
2006-08-24,43.94,43.96,43.66,43.7,7480100,WMT
2006-08-25,43.6,44.06,43.52,43.88,7720700,WMT
2006-08-28,44.2,44.65,44.16,44.43,11202300,WMT
2006-08-29,44.65,44.65,44.06,44.49,9858600,WMT
2006-08-30,44.63,44.94,44.2,44.62,12154600,WMT
2006-08-31,44.93,44.98,44.52,44.72,8785400,WMT
2006-09-01,45.0,45.8,44.02,45.45,11383200,WMT
2006-09-05,45.71,45.89,45.36,45.57,10560600,WMT
2006-09-06,45.44,45.65,45.15,45.4,10110000,WMT
2006-09-07,45.4,46.04,45.3,45.54,16008700,WMT
2006-09-08,45.69,46.81,45.55,46.72,14054400,WMT
2006-09-11,46.7,47.5,46.3,47.49,17150400,WMT
2006-09-12,47.65,48.64,47.47,48.07,18437100,WMT
2006-09-13,47.95,48.37,47.55,48.08,11169300,WMT
2006-09-14,47.84,48.41,47.58,48.37,10160700,WMT
2006-09-15,48.64,48.84,48.15,48.22,17222300,WMT
2006-09-18,48.02,48.53,47.66,48.1,10830900,WMT
2006-09-19,48.24,48.5,48.0,48.5,11422800,WMT
2006-09-20,48.77,49.02,48.42,48.87,13711900,WMT
2006-09-21,48.87,49.06,48.21,48.46,13052700,WMT
2006-09-22,47.83,48.62,47.6,48.29,11771800,WMT
2006-09-25,48.25,49.0,48.03,48.82,12197700,WMT
2006-09-26,48.93,49.85,48.8,49.25,15309000,WMT
2006-09-27,49.06,49.76,49.04,49.5,15717800,WMT
2006-09-28,49.5,49.84,49.03,49.81,12773800,WMT
2006-09-29,49.61,49.95,49.31,49.32,12582400,WMT
2006-10-02,48.62,48.86,48.03,48.44,18006100,WMT
2006-10-03,48.46,49.5,48.06,49.46,14986500,WMT
2006-10-04,48.31,49.61,48.13,49.55,24777900,WMT
2006-10-05,49.47,49.47,48.1,48.41,25072000,WMT
2006-10-06,48.42,48.98,48.24,48.32,15445600,WMT
2006-10-09,48.19,48.53,47.97,48.22,9645400,WMT
2006-10-10,48.49,48.49,47.88,48.12,9663000,WMT
2006-10-11,48.03,48.45,47.87,48.31,10006100,WMT
2006-10-12,48.49,48.67,48.08,48.32,12425800,WMT
2006-10-13,48.28,48.52,48.12,48.46,8802500,WMT
2006-10-16,48.31,48.46,48.11,48.32,6619800,WMT
2006-10-17,48.2,48.32,47.64,48.28,11116000,WMT
2006-10-18,48.43,48.57,48.16,48.35,10282600,WMT
2006-10-19,48.43,48.99,48.39,48.49,10102100,WMT
2006-10-20,48.73,49.73,48.65,49.37,18955600,WMT
2006-10-23,49.37,52.15,49.03,51.28,53101700,WMT
2006-10-24,51.3,51.9,51.05,51.3,18782600,WMT
2006-10-25,51.05,51.78,50.55,50.85,17283400,WMT
2006-10-26,50.77,51.75,50.65,51.75,14230000,WMT
2006-10-27,51.58,51.6,50.63,50.73,12533200,WMT
2006-10-30,49.22,49.72,49.1,49.53,26089000,WMT
2006-10-31,49.6,49.78,49.12,49.28,17583400,WMT
2006-11-01,49.38,49.7,48.65,48.85,16788800,WMT
2006-11-02,47.67,48.37,47.66,48.29,24382500,WMT
2006-11-03,48.3,48.47,47.2,47.53,18018200,WMT
2006-11-06,47.74,48.21,47.2,47.49,17431300,WMT
2006-11-07,47.69,47.99,47.41,47.65,17884700,WMT
2006-11-08,47.3,47.51,47.03,47.03,30113000,WMT
2006-11-09,47.11,47.21,46.31,46.39,27230900,WMT
2006-11-10,46.31,46.69,46.31,46.47,13199500,WMT
2006-11-13,46.47,46.84,45.97,46.32,24182100,WMT
2006-11-14,47.83,48.2,47.19,47.66,28622400,WMT
2006-11-15,47.77,48.08,47.58,47.68,16478700,WMT
2006-11-16,47.96,47.99,47.5,47.91,11076400,WMT
2006-11-17,47.75,47.82,47.41,47.5,15821200,WMT
2006-11-20,47.5,48.24,47.42,47.72,12336700,WMT
2006-11-21,47.76,47.98,47.6,47.81,8744200,WMT
2006-11-22,47.88,48.21,47.76,48.03,10822200,WMT
2006-11-24,47.76,48.05,47.55,47.9,5086400,WMT
2006-11-27,47.44,47.69,46.55,46.61,23503700,WMT
2006-11-28,46.53,46.89,46.48,46.71,13365400,WMT
2006-11-29,46.89,47.33,46.63,46.89,12673400,WMT
2006-11-30,46.5,46.73,46.02,46.1,24244400,WMT
2006-12-01,46.0,46.1,45.42,45.87,25024700,WMT
2006-12-04,46.25,46.51,45.87,46.29,14500800,WMT
2006-12-05,46.25,46.55,46.07,46.48,10470900,WMT
2006-12-06,46.49,46.75,46.36,46.54,9845200,WMT
2006-12-07,46.7,46.8,46.36,46.37,14216700,WMT
2006-12-08,46.3,46.62,46.25,46.35,10541800,WMT
2006-12-11,46.45,46.45,45.92,46.0,16515400,WMT
2006-12-12,45.92,46.17,45.58,45.65,18034100,WMT
2006-12-13,45.9,46.03,45.8,45.9,17372300,WMT
2006-12-14,46.12,46.61,45.91,46.52,18438700,WMT
2006-12-15,46.63,46.89,46.39,46.45,16090700,WMT
2006-12-18,46.5,46.8,46.28,46.37,12871200,WMT
2006-12-19,46.13,46.24,45.5,46.09,17349900,WMT
2006-12-20,46.0,46.13,45.87,45.87,13937500,WMT
2006-12-21,45.95,46.06,45.61,45.71,11344600,WMT
2006-12-22,45.5,45.8,45.0,45.54,11099300,WMT
2006-12-26,44.8,46.29,44.8,46.11,10493600,WMT
2006-12-27,45.75,46.25,45.75,46.16,12125700,WMT
2006-12-28,45.81,46.2,45.81,46.01,7100800,WMT
2006-12-29,46.2,46.61,46.03,46.18,10810500,WMT
2007-01-03,47.09,48.3,47.06,47.55,35688700,WMT
2007-01-04,47.8,47.99,47.32,47.78,17077300,WMT
2007-01-05,47.5,47.8,47.15,47.39,13556900,WMT
2007-01-08,46.91,47.31,46.9,47.0,16396500,WMT
2007-01-09,47.0,47.67,47.0,47.39,14656600,WMT
2007-01-10,47.05,47.62,46.51,47.28,13312200,WMT
2007-01-11,47.27,47.73,47.21,47.6,14823200,WMT
2007-01-12,47.62,48.11,47.21,47.98,13913600,WMT
2007-01-16,47.93,48.48,47.79,48.31,14482400,WMT
2007-01-17,48.32,48.41,48.09,48.2,11305400,WMT
2007-01-18,48.2,48.78,48.08,48.39,13656400,WMT
2007-01-19,48.49,48.74,48.19,48.31,11960300,WMT
2007-01-22,48.16,48.27,47.6,47.96,12719900,WMT
2007-01-23,47.78,48.15,47.46,47.81,11274300,WMT
2007-01-24,48.07,48.7,47.99,48.61,13491700,WMT
2007-01-25,48.61,48.64,48.09,48.15,11841300,WMT
2007-01-26,48.05,48.36,47.47,47.67,11058400,WMT
2007-01-29,48.15,48.15,47.5,47.63,9537000,WMT
2007-01-30,47.75,47.84,46.91,47.28,16342800,WMT
2007-01-31,47.2,47.96,47.04,47.69,14935600,WMT
2007-02-01,47.51,48.08,47.44,47.78,13235400,WMT
2007-02-02,47.75,48.42,47.64,48.08,12611800,WMT
2007-02-05,48.44,48.9,48.42,48.52,14215300,WMT
2007-02-06,48.61,48.77,48.32,48.58,8963800,WMT
2007-02-07,48.39,48.75,48.28,48.58,10084500,WMT
2007-02-08,48.36,48.6,48.13,48.31,10791800,WMT
2007-02-09,48.37,48.54,47.67,47.97,12406000,WMT
2007-02-12,48.15,48.24,47.68,47.74,10331008,WMT
2007-02-13,47.8,48.17,47.74,47.98,10068877,WMT
2007-02-14,48.08,48.13,47.75,47.87,12275669,WMT
2007-02-15,47.9,48.54,47.82,48.36,11296500,WMT
2007-02-16,48.35,48.85,48.25,48.48,17104100,WMT
2007-02-20,49.81,50.29,49.41,50.26,36503100,WMT
2007-02-21,50.26,50.42,49.87,49.97,23789800,WMT
2007-02-22,50.09,50.18,49.55,49.69,10633000,WMT
2007-02-23,49.66,49.89,49.29,49.57,11052300,WMT
2007-02-26,49.71,50.05,49.45,49.98,10664132,WMT
2007-02-27,49.6,49.78,48.2,48.2,20771700,WMT
2007-02-28,48.2,48.66,48.01,48.31,21342400,WMT
2007-03-01,47.78,48.2,47.19,47.89,20456761,WMT
2007-03-02,47.85,48.32,47.71,47.81,18359700,WMT
2007-03-05,47.81,48.27,47.44,48.08,14354000,WMT
2007-03-06,47.47,48.29,47.75,48.04,14954800,WMT
2007-03-07,48.05,48.25,47.61,47.93,13327000,WMT
2007-03-08,48.05,48.15,47.38,47.88,20395700,WMT
2007-03-09,47.78,48.13,47.15,47.42,13950500,WMT
2007-03-12,47.32,47.63,47.1,47.26,12197200,WMT
2007-03-13,46.98,47.13,46.03,46.18,23987200,WMT
2007-03-14,46.18,46.22,45.06,45.73,27585500,WMT
2007-03-15,45.75,46.16,45.49,46.0,13292100,WMT
2007-03-16,46.22,46.8,45.75,46.21,18994400,WMT
2007-03-19,46.5,46.82,46.38,46.59,12079644,WMT
2007-03-20,46.48,47.4,46.44,47.3,15267000,WMT
2007-03-21,47.22,47.85,46.95,47.77,13643400,WMT
2007-03-22,47.62,48.2,47.56,48.01,15574610,WMT
2007-03-23,48.01,48.15,47.75,47.91,7993950,WMT
2007-03-26,47.84,47.92,47.15,47.84,12706070,WMT
2007-03-27,47.57,47.8,47.03,47.49,12950422,WMT
2007-03-28,47.17,47.19,46.46,46.64,18080798,WMT
2007-03-29,46.93,47.04,46.36,46.72,12563500,WMT
2007-03-30,46.86,47.09,46.64,46.95,15187217,WMT
2007-04-02,47.06,47.52,46.85,47.4,13746240,WMT
2007-04-03,47.51,48.29,47.47,48.1,17161930,WMT
2007-04-04,48.1,48.32,47.9,48.05,10975527,WMT
2007-04-05,48.05,48.45,47.86,48.27,9515337,WMT
2007-04-09,48.27,48.55,47.89,48.47,8537786,WMT
2007-04-10,48.45,48.45,47.94,47.94,9750637,WMT
2007-04-11,47.95,48.11,47.06,47.27,17736118,WMT
2007-04-12,47.38,47.5,46.9,47.26,11572036,WMT
2007-04-13,47.4,47.42,46.83,47.41,12421536,WMT
2007-04-16,47.63,48.12,47.51,48.07,14249911,WMT
2007-04-17,48.19,48.43,47.89,48.17,12391265,WMT
2007-04-18,48.0,48.18,47.83,47.97,7993479,WMT
2007-04-19,47.75,48.38,47.65,48.34,8050832,WMT
2007-04-20,48.59,49.84,48.51,49.76,23422057,WMT
2007-04-23,49.73,49.95,48.84,48.93,14056734,WMT
2007-04-24,48.56,48.98,48.13,48.69,19136264,WMT
2007-04-25,48.77,49.1,48.63,48.81,14504594,WMT
2007-04-26,48.78,49.06,48.57,48.7,9231043,WMT
2007-04-27,48.52,48.69,48.32,48.34,9302130,WMT
2007-04-30,48.25,48.66,47.87,47.92,13988695,WMT
2007-05-01,47.92,48.56,47.51,48.33,14782903,WMT
2007-05-02,48.3,48.74,48.17,48.28,12278480,WMT
2007-05-03,48.52,48.75,48.2,48.36,10983756,WMT
2007-05-04,48.4,48.5,48.05,48.27,9605736,WMT
2007-05-07,48.43,48.88,48.28,48.61,8910869,WMT
2007-05-08,48.37,48.64,48.08,48.1,10172559,WMT
2007-05-09,48.07,48.28,47.84,47.93,15225778,WMT
2007-05-10,47.5,48.33,47.45,47.75,17851073,WMT
2007-05-11,47.84,47.91,47.41,47.78,15889487,WMT
2007-05-14,47.64,48.0,47.49,47.84,12971905,WMT
2007-05-15,47.84,48.1,47.41,47.84,19379754,WMT
2007-05-16,47.49,47.74,46.98,47.18,19029340,WMT
2007-05-17,47.47,47.47,47.02,47.11,12633994,WMT
2007-05-18,47.32,47.37,47.18,47.27,13743096,WMT
2007-05-21,47.13,47.4,46.62,46.62,21022286,WMT
2007-05-22,46.57,46.8,46.47,46.54,11197166,WMT
2007-05-23,46.88,47.14,46.32,46.33,16399933,WMT
2007-05-24,46.41,46.95,46.35,46.65,14731315,WMT
2007-05-25,46.8,47.0,46.64,46.91,8795922,WMT
2007-05-29,47.17,47.54,46.76,46.94,14948959,WMT
2007-05-30,46.65,47.15,46.47,47.12,16038807,WMT
2007-05-31,47.1,47.8,47.1,47.6,17564706,WMT
2007-06-01,47.6,49.94,47.73,49.47,49106040,WMT
2007-06-04,50.0,51.44,50.15,51.21,54685065,WMT
2007-06-05,50.91,51.2,50.36,50.52,32730495,WMT
2007-06-06,50.16,51.04,50.15,50.75,25274011,WMT
2007-06-07,50.39,50.75,49.61,49.76,24804767,WMT
2007-06-08,49.76,50.15,49.6,50.08,14736576,WMT
2007-06-11,49.9,50.12,49.55,49.81,12639778,WMT
2007-06-12,49.81,49.81,48.9,48.91,19065712,WMT
2007-06-13,49.18,49.54,48.97,49.5,14142800,WMT
2007-06-14,49.3,49.65,48.98,49.28,13367844,WMT
2007-06-15,49.34,49.68,49.21,49.34,22787954,WMT
2007-06-18,49.32,49.45,49.07,49.11,11032852,WMT
2007-06-19,48.93,48.97,47.77,48.81,14847890,WMT
2007-06-20,48.81,49.25,48.56,48.59,20544736,WMT
2007-06-21,48.71,48.79,48.08,48.39,16520249,WMT
2007-06-22,48.25,48.43,47.83,47.83,20504077,WMT
2007-06-25,48.0,48.12,47.69,47.82,17822391,WMT
2007-06-26,47.91,48.49,47.75,47.97,16074984,WMT
2007-06-27,47.83,48.49,47.76,48.46,17901735,WMT
2007-06-28,48.33,48.5,48.17,48.21,13553189,WMT
2007-06-29,48.5,48.65,47.87,48.11,14132965,WMT
2007-07-02,48.2,48.49,48.14,48.33,10545237,WMT
2007-07-03,48.34,48.47,48.13,48.47,6212131,WMT
2007-07-05,48.36,48.46,48.08,48.09,11198581,WMT
2007-07-06,48.09,48.49,47.99,48.39,13106644,WMT
2007-07-09,48.41,48.83,48.26,48.5,10701248,WMT
2007-07-10,48.39,48.39,47.49,47.58,16732537,WMT
2007-07-11,47.7,47.89,47.23,47.68,13685856,WMT
2007-07-12,48.9,49.24,47.68,48.83,24975118,WMT
2007-07-13,48.76,49.26,48.67,49.15,13101017,WMT
2007-07-16,49.14,49.14,48.7,48.94,11749564,WMT
2007-07-17,48.76,48.88,48.3,48.35,14099319,WMT
2007-07-18,48.43,48.74,47.96,48.04,19624000,WMT
2007-07-19,48.36,48.98,48.1,48.79,15415600,WMT
2007-07-20,48.5,48.87,47.92,48.06,18975700,WMT
2007-07-23,48.3,48.4,47.95,48.11,12695400,WMT
2007-07-24,47.72,48.66,47.72,48.02,21879900,WMT
2007-07-25,48.4,48.45,47.55,47.87,15488100,WMT
2007-07-26,47.51,47.77,46.53,46.82,26748855,WMT
2007-07-27,46.72,46.88,45.73,45.94,23421300,WMT
2007-07-30,46.2,46.46,45.8,46.21,17950500,WMT
2007-07-31,46.34,46.81,45.9,45.95,27187600,WMT
2007-08-01,46.05,46.25,45.48,46.22,22036933,WMT
2007-08-02,46.2,47.11,46.08,46.73,16675798,WMT
2007-08-03,46.7,47.0,45.5,45.52,20450800,WMT
2007-08-06,45.7,47.05,45.7,47.02,20651300,WMT
2007-08-07,46.8,47.48,46.55,47.06,19249600,WMT
2007-08-08,47.07,48.42,46.7,48.42,24433400,WMT
2007-08-09,47.5,48.0,46.39,46.45,23577900,WMT
2007-08-10,46.21,47.27,45.7,46.07,21670500,WMT
2007-08-13,46.07,46.73,46.08,46.17,15568400,WMT
2007-08-14,43.8,44.19,43.52,43.82,63331900,WMT
2007-08-15,43.98,43.98,43.09,43.28,28780454,WMT
2007-08-16,43.05,43.95,42.92,43.5,36268163,WMT
2007-08-17,44.69,44.7,43.19,43.49,30443200,WMT
2007-08-20,43.7,43.82,42.96,43.59,22958904,WMT
2007-08-21,43.59,43.75,43.19,43.7,19598516,WMT
2007-08-22,43.79,43.89,43.43,43.75,18914300,WMT
2007-08-23,43.75,43.83,43.03,43.17,23770300,WMT
2007-08-24,43.16,43.92,43.13,43.74,17961600,WMT
2007-08-27,43.77,44.03,43.56,43.82,19788828,WMT
2007-08-28,43.65,44.2,43.4,43.4,27931000,WMT
2007-08-29,43.57,44.32,43.45,44.19,22592500,WMT
2007-08-30,43.21,43.65,43.16,43.32,23954100,WMT
2007-08-31,43.55,43.94,43.35,43.63,20827800,WMT
2007-09-04,43.51,43.64,43.27,43.3,19388520,WMT
2007-09-05,43.22,43.22,42.35,42.45,30787550,WMT
2007-09-06,43.35,43.6,42.65,42.76,29431850,WMT
2007-09-07,42.44,42.88,42.31,42.39,25383850,WMT
2007-09-10,42.59,42.68,42.09,42.27,18231100,WMT
2007-09-11,42.39,43.02,42.31,42.94,18897700,WMT
2007-09-12,42.94,43.2,42.58,42.71,15652000,WMT
2007-09-13,42.71,43.47,42.77,43.06,17141500,WMT
2007-09-14,42.81,43.54,42.65,43.32,14842688,WMT
2007-09-17,43.23,43.54,42.99,43.32,14025600,WMT
2007-09-18,43.49,44.65,43.35,44.44,27919292,WMT
2007-09-19,44.57,45.05,44.41,44.75,22193299,WMT
2007-09-20,44.68,44.83,43.96,44.32,16768616,WMT
2007-09-21,44.57,44.79,44.15,44.23,21043000,WMT
2007-09-24,44.32,44.47,43.86,43.97,16756700,WMT
2007-09-25,43.29,43.3,42.68,43.16,21317789,WMT
2007-09-26,43.3,43.6,42.95,43.3,19147550,WMT
2007-09-27,43.56,44.02,43.48,43.61,14205608,WMT
2007-09-28,43.61,44.0,43.51,43.65,13055700,WMT
2007-10-01,43.83,44.67,43.66,44.47,15185900,WMT
2007-10-02,44.45,45.11,44.36,44.87,18352900,WMT
2007-10-03,44.69,45.6,44.49,45.13,17053842,WMT
2007-10-04,45.06,45.34,44.77,45.0,9553600,WMT
2007-10-05,45.45,45.88,44.97,45.37,13122640,WMT
2007-10-08,45.2,45.4,45.08,45.27,8070302,WMT
2007-10-09,45.03,45.49,44.63,45.21,12247740,WMT
2007-10-10,45.1,45.74,45.1,45.59,15829950,WMT
2007-10-11,47.35,47.7,46.72,46.9,41096637,WMT
2007-10-12,46.98,47.28,46.8,47.06,13999844,WMT
2007-10-15,47.01,47.07,46.26,46.45,16446000,WMT
2007-10-16,46.28,46.3,45.58,45.86,18018457,WMT
2007-10-17,46.14,46.36,45.28,45.99,23915600,WMT
2007-10-18,45.78,46.04,45.34,45.89,19021740,WMT
2007-10-19,45.84,46.02,44.96,44.98,22972008,WMT
2007-10-22,44.8,45.46,44.64,45.25,21219500,WMT
2007-10-23,45.51,45.58,43.5,43.93,38072000,WMT
2007-10-24,44.1,44.18,43.27,43.87,22283653,WMT
2007-10-25,43.96,44.25,43.28,43.88,21283800,WMT
2007-10-26,44.55,44.81,44.11,44.64,17033787,WMT
2007-10-29,44.72,45.14,44.62,45.01,13704638,WMT
2007-10-30,44.74,45.85,44.69,45.37,16429900,WMT
2007-10-31,45.71,45.81,44.53,45.21,22124900,WMT
2007-11-01,44.7,44.94,43.94,44.03,19867460,WMT
2007-11-02,44.16,44.38,43.66,44.19,18035484,WMT
2007-11-05,44.25,44.38,43.78,44.03,12579161,WMT
2007-11-06,44.01,44.4,43.81,44.29,12562395,WMT
2007-11-07,44.0,44.59,43.82,43.93,17609567,WMT
2007-11-08,44.19,44.38,42.82,43.62,20800175,WMT
2007-11-09,43.15,43.41,42.5,42.9,20431584,WMT
2007-11-12,42.98,44.57,42.66,43.32,25479405,WMT
2007-11-13,45.0,46.35,45.0,45.97,40737408,WMT
2007-11-14,46.24,47.08,46.12,46.51,29116776,WMT
2007-11-15,46.29,47.06,45.87,46.2,21830687,WMT
2007-11-16,46.42,46.6,45.62,46.34,18925102,WMT
2007-11-19,46.0,46.35,45.25,45.47,14990452,WMT
2007-11-20,45.45,46.21,44.7,45.5,25569419,WMT
2007-11-21,45.03,45.41,44.68,44.86,17479400,WMT
2007-11-23,45.23,46.25,44.87,45.73,13584674,WMT
2007-11-26,46.0,46.38,45.0,45.03,21991689,WMT
2007-11-27,45.27,46.18,45.15,45.83,21014248,WMT
2007-11-28,46.08,47.52,46.0,47.23,28587793,WMT
2007-11-29,46.8,47.85,46.76,47.54,14765180,WMT
2007-11-30,47.7,48.23,47.6,47.9,16397296,WMT
2007-12-03,47.71,48.31,47.57,47.87,12276003,WMT
2007-12-04,47.49,48.56,47.49,48.19,16460498,WMT
2007-12-05,48.54,49.12,48.51,48.9,17449175,WMT
2007-12-06,48.49,49.41,48.0,49.27,20289367,WMT
2007-12-07,49.26,49.39,48.8,49.02,14387063,WMT
2007-12-10,49.06,49.68,48.92,49.43,12558030,WMT
2007-12-11,49.41,50.05,48.62,49.03,26059332,WMT
2007-12-12,49.62,49.64,47.61,48.23,23945992,WMT
2007-12-13,47.81,48.48,47.75,48.33,16650861,WMT
2007-12-14,48.17,48.2,47.6,47.63,13588168,WMT
2007-12-17,47.6,48.16,47.26,47.83,16507424,WMT
2007-12-18,48.08,48.55,46.87,48.24,16863857,WMT
2007-12-19,48.15,48.49,47.85,48.08,13124609,WMT
2007-12-20,48.08,48.34,47.32,47.85,14158610,WMT
2007-12-21,47.82,48.5,47.8,48.21,23281285,WMT
2007-12-24,48.12,49.08,48.12,48.74,6324941,WMT
2007-12-26,48.2,48.5,47.92,48.38,9346925,WMT
2007-12-27,48.21,48.3,47.62,47.77,10760827,WMT
2007-12-28,48.0,48.47,47.77,48.08,8610869,WMT
2007-12-31,47.84,48.08,47.33,47.53,12176334,WMT
2008-01-02,47.41,47.63,46.46,46.9,19918549,WMT
2008-01-03,46.72,46.9,46.23,46.38,19800990,WMT
2008-01-04,45.91,46.37,45.37,45.72,20353769,WMT
2008-01-07,45.8,46.81,45.59,46.56,20326462,WMT
2008-01-08,46.59,47.08,45.88,45.97,19017039,WMT
2008-01-09,45.97,47.0,45.24,46.9,27198098,WMT
2008-01-10,47.1,48.77,47.1,48.4,35694739,WMT
2008-01-11,48.06,48.61,47.5,47.72,28184957,WMT
2008-01-14,47.98,47.98,43.11,47.67,20562589,WMT
2008-01-15,46.99,47.43,46.77,46.99,24482588,WMT
2008-01-16,46.68,48.05,46.68,47.49,25324426,WMT
2008-01-17,47.55,47.93,47.1,47.48,27911430,WMT
2008-01-18,47.89,48.51,47.42,47.58,33709334,WMT
2008-01-22,46.47,49.53,46.09,49.2,45128691,WMT
2008-01-23,48.5,50.36,48.31,50.16,50422195,WMT
2008-01-24,50.21,50.24,48.48,48.91,35716552,WMT
2008-01-25,49.09,49.26,47.99,48.09,24975655,WMT
2008-01-28,48.06,48.78,47.9,48.71,23440847,WMT
2008-01-29,49.1,49.19,48.13,49.01,21743946,WMT
2008-01-30,48.8,50.0,48.5,49.16,24486650,WMT
2008-01-31,48.85,51.3,48.73,50.74,46220473,WMT
2008-02-01,50.9,51.48,50.31,51.18,25747539,WMT
2008-02-04,51.0,51.25,49.83,50.07,20321483,WMT
2008-02-05,49.46,50.66,49.46,49.56,28403666,WMT
2008-02-06,49.6,50.03,48.51,48.83,28492210,WMT
2008-02-07,47.85,50.0,47.84,49.84,36286209,WMT
2008-02-08,49.67,50.1,48.64,48.76,22542224,WMT
2008-02-11,48.84,49.68,48.34,49.6,21553151,WMT
2008-02-12,49.48,50.72,49.48,50.25,23367334,WMT
2008-02-13,50.62,51.01,50.22,50.66,16078645,WMT
2008-02-14,50.58,50.9,49.76,49.97,18011905,WMT
2008-02-15,49.68,50.0,49.11,49.44,25836371,WMT
2008-02-19,50.1,50.32,49.3,49.66,22027372,WMT
2008-02-20,49.3,49.97,49.01,49.7,21677080,WMT
2008-02-21,49.85,50.23,49.6,49.79,22399612,WMT
2008-02-22,49.9,50.2,49.47,49.97,19518896,WMT
2008-02-25,50.19,50.4,49.7,50.33,25536612,WMT
2008-02-26,50.19,51.48,50.19,51.4,31028596,WMT
2008-02-27,50.99,51.57,50.92,51.43,29191227,WMT
2008-02-28,51.13,51.4,50.63,50.7,18397500,WMT
2008-02-29,50.38,50.67,49.53,49.59,20219536,WMT
2008-03-03,49.43,50.02,49.22,49.89,19752251,WMT
2008-03-04,49.73,50.02,49.62,49.87,24989042,WMT
2008-03-05,49.96,50.19,49.26,49.55,23001239,WMT
2008-03-06,50.24,50.4,49.85,49.98,27516641,WMT
2008-03-07,49.68,50.74,49.68,49.9,24347164,WMT
2008-03-10,50.0,50.0,48.64,48.85,24325865,WMT
2008-03-11,49.85,50.39,49.54,50.25,28676768,WMT
2008-03-12,50.02,50.72,49.94,50.29,26273943,WMT
2008-03-13,49.93,50.67,49.46,50.6,29891273,WMT
2008-03-14,50.71,50.71,49.17,49.82,27483053,WMT
2008-03-17,49.34,50.4,49.29,49.95,22125905,WMT
2008-03-18,50.26,51.01,50.22,50.98,26380335,WMT
2008-03-19,50.82,51.45,50.66,50.78,25829984,WMT
2008-03-20,50.85,53.49,50.78,53.23,44533206,WMT
2008-03-24,53.45,54.15,53.23,53.63,22246594,WMT
2008-03-25,53.53,53.71,52.91,53.05,20327754,WMT
2008-03-26,52.88,53.4,52.66,52.9,19226520,WMT
2008-03-27,53.01,53.22,52.28,52.37,18981646,WMT
2008-03-28,52.01,52.67,51.77,52.12,15049002,WMT
2008-03-31,52.2,53.11,51.63,52.68,19594394,WMT
2008-04-01,53.19,54.16,52.81,54.08,24239476,WMT
2008-04-02,54.31,54.89,54.0,54.46,21720253,WMT
2008-04-03,54.1,55.2,53.99,54.93,23190838,WMT
2008-04-04,54.91,54.95,54.22,54.4,20728148,WMT
2008-04-07,54.69,54.81,53.91,54.23,18858194,WMT
2008-04-08,54.01,54.85,53.99,54.45,15757184,WMT
2008-04-09,54.37,54.6,53.74,54.14,19531672,WMT
2008-04-10,54.55,55.33,54.41,54.66,28968905,WMT
2008-04-11,54.25,55.14,54.13,54.8,23461171,WMT
2008-04-14,54.89,55.34,54.86,55.15,17423490,WMT
2008-04-15,55.21,56.39,55.19,56.27,25633448,WMT
2008-04-16,56.45,57.12,56.35,57.07,28134533,WMT
2008-04-17,56.78,56.96,56.19,56.67,20980477,WMT
2008-04-18,57.0,57.36,56.14,56.31,19736869,WMT
2008-04-21,56.07,56.48,55.75,56.38,14373408,WMT
2008-04-22,56.25,56.56,55.84,56.55,14537264,WMT
2008-04-23,56.31,57.27,56.31,56.92,15217188,WMT
2008-04-24,57.02,57.68,57.01,57.45,19341636,WMT
2008-04-25,57.93,58.04,57.14,57.65,16982372,WMT
2008-04-28,57.5,57.94,57.2,57.35,12469556,WMT
2008-04-29,57.41,58.8,57.4,58.61,17691435,WMT
2008-04-30,58.7,59.04,57.88,57.98,20269646,WMT
2008-05-01,58.2,59.09,57.63,58.07,18653699,WMT
2008-05-02,58.89,58.89,56.9,57.5,19488997,WMT
2008-05-05,57.08,57.34,56.81,56.97,18498159,WMT
2008-05-06,56.99,57.24,56.03,56.35,21194828,WMT
2008-05-07,56.27,56.85,56.03,56.83,25034825,WMT
2008-05-08,57.39,57.6,56.75,57.16,26499107,WMT
2008-05-09,56.83,57.49,56.61,57.18,12991921,WMT
2008-05-12,57.69,58.37,57.64,58.02,18245613,WMT
2008-05-13,57.35,57.5,56.37,56.65,29010421,WMT
2008-05-14,56.88,57.6,56.65,57.45,17469777,WMT
2008-05-15,57.57,57.57,56.65,57.12,16672753,WMT
2008-05-16,57.39,57.43,56.59,57.04,14540835,WMT
2008-05-19,56.95,57.05,56.16,56.4,15556424,WMT
2008-05-20,56.15,56.39,55.48,55.95,21835941,WMT
2008-05-21,55.94,56.2,55.05,55.23,20368808,WMT
2008-05-22,55.2,56.21,55.09,56.05,15065540,WMT
2008-05-23,55.88,55.98,55.4,55.75,13558577,WMT
2008-05-27,55.8,56.68,55.8,56.4,17280769,WMT
2008-05-28,56.81,57.24,56.56,57.09,20417719,WMT
2008-05-29,56.93,58.15,56.93,57.94,18547232,WMT
2008-05-30,57.98,58.08,57.5,57.74,12124512,WMT
2008-06-02,57.41,57.99,56.52,57.2,17280786,WMT
2008-06-03,57.79,58.05,57.36,57.77,17073197,WMT
2008-06-04,57.49,58.02,57.34,57.68,14710544,WMT
2008-06-05,58.5,59.9,58.41,59.8,35740264,WMT
2008-06-06,59.33,59.57,58.32,58.37,23523506,WMT
2008-06-09,58.98,59.74,58.44,59.57,23345115,WMT
2008-06-10,59.26,59.95,59.05,59.78,21243175,WMT
2008-06-11,59.65,59.78,58.47,58.52,20755889,WMT
2008-06-12,58.92,59.83,58.73,59.11,19249189,WMT
2008-06-13,59.38,59.75,58.86,59.18,20883972,WMT
2008-06-16,58.9,59.39,58.5,59.31,18090032,WMT
2008-06-17,59.49,59.53,58.5,58.69,13559701,WMT
2008-06-18,58.2,59.41,57.59,57.67,22237670,WMT
2008-06-19,57.62,58.25,57.37,57.69,20677138,WMT
2008-06-20,57.4,57.7,56.2,56.26,27053289,WMT
2008-06-23,56.6,57.0,56.43,56.64,14295758,WMT
2008-06-24,56.32,57.85,56.25,57.32,19625631,WMT
2008-06-25,57.42,58.73,57.35,58.12,22062243,WMT
2008-06-26,57.75,58.27,56.83,56.83,21051748,WMT
2008-06-27,56.65,57.35,55.85,56.3,28657315,WMT
2008-06-30,56.73,57.82,56.02,56.2,22246264,WMT
2008-07-01,56.0,57.07,55.61,57.03,22715718,WMT
2008-07-02,57.25,57.8,56.45,56.5,20770237,WMT
2008-07-03,56.86,57.57,56.03,56.6,11795882,WMT
2008-07-07,56.75,57.87,56.2,56.91,22230954,WMT
2008-07-08,57.17,59.29,56.91,59.11,32714968,WMT
2008-07-09,59.29,59.29,57.6,57.67,25497188,WMT
2008-07-10,58.05,58.14,56.07,57.21,29887309,WMT
2008-07-11,56.68,57.34,55.64,56.29,27891675,WMT
2008-07-14,57.0,57.13,55.98,56.31,21050531,WMT
2008-07-15,55.98,56.8,55.34,56.24,26593435,WMT
2008-07-16,56.2,57.11,55.64,56.96,26412669,WMT
2008-07-17,56.98,57.91,55.42,57.68,24770827,WMT
2008-07-18,57.9,58.07,57.06,57.92,20650619,WMT
2008-07-21,58.08,58.63,57.0,57.31,16645450,WMT
2008-07-22,57.21,59.56,57.15,59.06,25911813,WMT
2008-07-23,57.5,58.99,56.69,58.09,31232275,WMT
2008-07-24,57.99,58.11,56.79,56.97,21235422,WMT
2008-07-25,57.1,57.6,56.58,56.83,16459580,WMT
2008-07-28,56.79,57.2,55.95,56.02,15434812,WMT
2008-07-29,56.4,57.5,56.09,57.45,17666036,WMT
2008-07-30,57.61,59.0,57.61,58.56,19417245,WMT
2008-07-31,58.07,59.37,57.91,58.62,18614468,WMT
2008-08-01,58.75,58.78,57.36,57.75,17295695,WMT
2008-08-04,57.58,59.07,57.55,58.43,13831025,WMT
2008-08-05,59.02,60.99,58.83,60.34,37576063,WMT
2008-08-06,60.17,61.0,59.7,60.76,23824366,WMT
2008-08-07,58.39,59.0,56.88,56.96,37878747,WMT
2008-08-08,57.06,58.49,56.81,57.86,23916654,WMT
2008-08-11,57.87,59.8,57.34,58.56,24349620,WMT
2008-08-12,58.71,59.74,58.4,59.25,20308801,WMT
2008-08-13,58.9,58.95,57.23,57.88,22645516,WMT
2008-08-14,57.52,58.9,56.89,58.1,26814572,WMT
2008-08-15,58.13,59.93,58.13,59.37,22565040,WMT
2008-08-18,59.5,59.6,58.63,58.83,12916106,WMT
2008-08-19,58.5,58.81,57.89,58.2,15337632,WMT
2008-08-20,58.52,58.65,57.68,58.36,12862530,WMT
2008-08-21,57.89,58.59,57.48,58.5,11381916,WMT
2008-08-22,58.71,59.51,58.71,59.44,12725121,WMT
2008-08-25,59.27,59.29,58.3,58.55,11965730,WMT
2008-08-26,58.55,59.18,58.04,59.0,10971157,WMT
2008-08-27,58.99,59.86,58.48,59.29,11727181,WMT
2008-08-28,59.42,60.04,59.02,59.88,12117938,WMT
2008-08-29,59.61,59.88,59.06,59.07,12854105,WMT
2008-09-02,59.9,60.99,59.5,59.65,23034433,WMT
2008-09-03,59.59,60.23,59.16,59.79,15824282,WMT
2008-09-04,60.0,60.89,59.7,59.78,27614254,WMT
2008-09-05,59.4,60.88,59.02,60.74,22825891,WMT
2008-09-08,61.39,62.01,60.25,62.0,28565620,WMT
2008-09-09,61.65,62.36,60.91,61.13,25368160,WMT
2008-09-10,61.45,62.48,61.21,62.02,23568927,WMT
2008-09-11,61.52,63.23,61.27,63.17,28991073,WMT
2008-09-12,62.71,62.87,61.58,62.41,19141792,WMT
2008-09-15,61.2,62.5,61.09,61.63,25805483,WMT
2008-09-16,61.0,63.18,61.0,62.14,33389709,WMT
2008-09-17,61.68,61.98,59.22,59.64,41250565,WMT
2008-09-18,60.54,61.66,59.1,61.48,41697329,WMT
2008-09-19,63.22,63.85,59.45,59.7,44579097,WMT
2008-09-22,59.45,59.92,58.75,58.89,22087325,WMT
2008-09-23,58.91,59.91,58.33,58.4,22178408,WMT
2008-09-24,58.9,59.38,58.15,58.92,17365901,WMT
2008-09-25,59.34,60.47,59.02,60.12,21432927,WMT
2008-09-26,59.08,60.9,59.08,60.71,21200177,WMT
2008-09-29,60.05,60.85,58.27,58.45,27535192,WMT
2008-09-30,59.18,60.01,57.74,59.89,26926033,WMT
2008-10-01,59.51,60.3,58.99,59.66,23365995,WMT
2008-10-02,59.66,59.85,58.23,58.85,21201920,WMT
2008-10-03,59.4,60.22,58.87,59.73,31531574,WMT
2008-10-06,58.69,59.55,54.55,57.9,39729326,WMT
2008-10-07,58.72,58.72,54.45,54.84,34551560,WMT
2008-10-08,53.71,56.77,52.75,54.55,47797364,WMT
2008-10-09,54.67,55.34,49.76,51.39,41185840,WMT
2008-10-10,49.03,54.23,47.0,50.95,51588637,WMT
2008-10-13,52.68,54.71,51.2,54.5,29558255,WMT
2008-10-14,56.03,56.07,52.72,54.44,28561262,WMT
2008-10-15,53.44,53.6,49.88,50.05,27947615,WMT
2008-10-16,50.57,55.02,48.73,54.62,47393272,WMT
2008-10-17,53.75,55.38,49.71,53.77,31223247,WMT
2008-10-20,54.65,54.69,52.38,54.43,28415791,WMT
2008-10-21,54.18,55.5,53.56,53.67,19444654,WMT
2008-10-22,53.08,53.57,51.14,52.27,28204707,WMT
2008-10-23,52.37,53.18,50.0,52.76,34947174,WMT
2008-10-24,50.0,52.97,49.99,51.4,29811651,WMT
2008-10-27,50.85,52.01,49.6,49.67,26748196,WMT
2008-10-28,50.94,55.72,50.8,55.17,41992868,WMT
2008-10-29,55.13,56.8,53.55,55.02,34234750,WMT
2008-10-30,55.96,56.0,53.81,54.75,23327653,WMT
2008-10-31,55.0,56.77,54.27,55.81,26031696,WMT
2008-11-03,56.76,57.2,55.76,55.97,18757118,WMT
2008-11-04,56.8,57.25,55.56,56.13,23056015,WMT
2008-11-05,55.88,56.0,54.0,54.13,22191679,WMT
2008-11-06,55.58,56.35,53.06,53.49,32449656,WMT
2008-11-07,53.86,54.7,53.4,54.39,19439085,WMT
2008-11-10,55.11,55.73,54.35,55.18,18472116,WMT
2008-11-11,54.92,55.64,53.12,54.75,23786934,WMT
2008-11-12,53.15,54.71,52.32,52.62,28375499,WMT
2008-11-13,52.97,54.95,51.06,54.93,37744385,WMT
2008-11-14,54.4,55.12,52.5,52.71,25751678,WMT
2008-11-17,52.77,53.07,51.18,51.81,26973442,WMT
2008-11-18,51.68,53.57,50.97,52.72,36675678,WMT
2008-11-19,52.5,53.8,50.73,51.0,29777836,WMT
2008-11-20,50.61,53.5,50.36,50.66,40830796,WMT
2008-11-21,51.4,53.04,50.2,52.92,40260918,WMT
2008-11-24,53.3,54.11,52.23,52.77,30410073,WMT
2008-11-25,53.75,55.15,53.35,54.68,27371894,WMT
2008-11-26,53.81,56.75,53.7,56.69,23746426,WMT
2008-11-28,56.58,57.0,55.51,55.88,9072950,WMT
2008-12-01,55.37,55.73,52.94,53.01,25945630,WMT
2008-12-02,53.77,54.26,52.22,53.45,24462475,WMT
2008-12-03,52.69,54.51,52.5,54.38,25216091,WMT
2008-12-04,55.11,56.2,54.0,55.11,28793672,WMT
2008-12-05,54.29,58.71,54.0,58.21,37853750,WMT
2008-12-08,58.58,59.23,56.51,57.56,27062062,WMT
2008-12-09,57.18,57.33,54.91,55.81,30511545,WMT
2008-12-10,55.96,56.13,54.18,55.25,21339614,WMT
2008-12-11,54.5,55.46,54.1,54.79,24967303,WMT
2008-12-12,53.75,54.88,53.75,54.63,23647417,WMT
2008-12-15,54.99,55.12,54.01,54.71,16721876,WMT
2008-12-16,55.01,55.97,54.14,55.24,22997164,WMT
2008-12-17,55.19,56.08,54.67,55.19,22809286,WMT
2008-12-18,55.46,56.21,54.78,55.41,26942236,WMT
2008-12-19,55.68,56.91,55.53,55.74,32444393,WMT
2008-12-22,55.99,56.5,55.48,55.99,17015319,WMT
2008-12-23,56.15,56.4,55.17,55.29,12874353,WMT
2008-12-24,55.63,55.82,55.27,55.44,4565491,WMT
2008-12-26,55.7,55.74,55.2,55.35,6383768,WMT
2008-12-29,55.35,55.4,54.52,55.11,10066141,WMT
2008-12-30,55.24,55.4,54.33,55.05,13976614,WMT
2008-12-31,55.27,56.33,54.77,56.06,13882278,WMT
2009-01-02,55.98,57.51,55.78,57.18,16162950,WMT
2009-01-05,56.96,57.35,55.68,56.52,16075046,WMT
2009-01-06,56.61,56.8,55.6,56.02,19195564,WMT
2009-01-07,55.49,56.21,55.06,55.54,16833614,WMT
2009-01-08,51.31,51.82,50.31,51.38,92838774,WMT
2009-01-09,51.58,52.41,51.25,51.58,28698839,WMT
2009-01-12,51.5,52.19,51.16,51.39,18436440,WMT
2009-01-13,51.59,52.7,51.56,52.12,24993401,WMT
2009-01-14,51.28,52.0,51.24,51.56,20537844,WMT
2009-01-15,51.56,51.84,50.33,51.35,28075102,WMT
2009-01-16,51.9,52.05,51.01,51.56,21675639,WMT
2009-01-20,51.41,51.64,50.44,50.56,22569743,WMT
2009-01-21,50.22,50.32,48.52,49.14,39082564,WMT
2009-01-22,48.94,49.6,47.77,48.87,31115479,WMT
2009-01-23,48.09,48.6,48.0,48.35,23093600,WMT
2009-01-26,48.64,48.99,48.03,48.6,18890459,WMT
2009-01-27,48.95,49.3,48.53,48.79,16479026,WMT
2009-01-28,49.51,49.64,48.51,48.73,24667002,WMT
2009-01-29,48.56,49.07,47.79,47.86,18876224,WMT
2009-01-30,48.0,48.3,46.92,47.12,20616051,WMT
2009-02-02,46.57,47.02,46.25,46.57,20863195,WMT
2009-02-03,47.03,48.0,46.57,47.81,22552023,WMT
2009-02-04,46.89,47.59,46.29,46.42,26506518,WMT
2009-02-05,47.17,48.98,47.16,48.56,33294999,WMT
2009-02-06,48.84,50.08,48.53,49.63,28302567,WMT
2009-02-09,49.56,49.56,48.77,49.28,16277597,WMT
2009-02-10,49.0,49.28,47.34,47.72,25611889,WMT
2009-02-11,47.98,48.52,47.75,48.23,17759938,WMT
2009-02-12,47.98,48.29,47.03,48.13,22393831,WMT
2009-02-13,47.75,48.11,46.48,46.53,25670836,WMT
2009-02-17,47.53,48.88,47.3,48.24,38919034,WMT
2009-02-18,48.94,50.0,48.52,50.0,47361003,WMT
2009-02-19,49.44,50.67,49.44,50.45,27313922,WMT
2009-02-20,49.99,50.65,49.53,50.02,29581550,WMT
2009-02-23,50.35,50.44,48.79,48.88,23620623,WMT
2009-02-24,48.78,50.36,48.69,50.01,26226575,WMT
2009-02-25,48.97,50.06,48.56,49.21,25477302,WMT
2009-02-26,49.51,49.64,48.14,48.25,23169839,WMT
2009-02-27,47.87,50.0,47.58,49.24,28166302,WMT
2009-03-02,48.81,49.49,47.96,48.04,25357505,WMT
2009-03-03,48.34,48.57,47.0,47.38,28041752,WMT
2009-03-04,47.96,49.2,47.15,48.49,31810887,WMT
2009-03-05,50.35,51.0,49.29,49.75,46266477,WMT
2009-03-06,50.15,50.15,48.1,48.91,33776133,WMT
2009-03-09,48.56,49.11,47.3,47.51,26513507,WMT
2009-03-10,47.61,48.92,47.27,48.67,32535010,WMT
2009-03-11,48.66,48.81,47.16,47.46,26067607,WMT
2009-03-12,47.87,49.12,47.32,48.94,25131741,WMT
2009-03-13,48.67,49.47,48.34,49.19,20571420,WMT
2009-03-16,49.34,49.55,48.66,48.8,16380472,WMT
2009-03-17,48.9,50.0,48.79,50.0,18627088,WMT
2009-03-18,48.95,51.1,48.95,50.44,20191984,WMT
2009-03-19,50.8,50.91,49.61,49.95,20752052,WMT
2009-03-20,50.14,50.39,48.99,49.59,26308811,WMT
2009-03-23,50.28,51.48,49.35,51.48,19679725,WMT
2009-03-24,51.0,51.6,50.59,51.08,20636611,WMT
2009-03-25,51.27,52.29,50.64,51.68,23444697,WMT
2009-03-26,52.06,53.0,51.95,52.76,25050401,WMT
2009-03-27,52.36,53.0,52.04,52.57,20284437,WMT
2009-03-30,52.0,52.16,51.26,51.76,16718690,WMT
2009-03-31,52.04,52.45,51.06,52.1,21179123,WMT
2009-04-01,51.38,53.05,51.22,52.82,22652496,WMT
2009-04-02,53.34,54.57,53.2,53.64,21847893,WMT
2009-04-03,53.7,54.3,52.95,53.8,16527892,WMT
2009-04-06,53.41,53.75,52.9,53.43,15511795,WMT
2009-04-07,52.96,53.02,52.0,52.39,14282199,WMT
2009-04-08,52.66,53.02,52.27,52.61,17258022,WMT
2009-04-09,50.04,51.34,49.65,50.66,42327249,WMT
2009-04-13,50.8,51.98,50.62,51.53,19348932,WMT
2009-04-14,51.2,51.3,50.55,51.12,17936411,WMT
2009-04-15,50.76,51.42,50.62,51.29,13008656,WMT
2009-04-16,51.3,51.49,50.27,50.78,21247601,WMT
2009-04-17,51.19,51.25,50.14,50.2,24027653,WMT
2009-04-20,50.09,50.44,49.19,49.27,20300981,WMT
2009-04-21,49.66,50.0,48.93,49.83,15573381,WMT
2009-04-22,49.59,50.23,48.82,48.96,20392462,WMT
2009-04-23,49.0,49.18,48.27,48.86,16252180,WMT
2009-04-24,48.82,49.56,47.72,47.87,26934611,WMT
2009-04-27,47.76,48.94,47.64,48.51,20608063,WMT
2009-04-28,48.28,49.37,48.03,48.47,27142549,WMT
2009-04-29,48.85,51.1,48.5,50.45,34324708,WMT
2009-04-30,50.84,50.85,49.93,50.4,23055624,WMT
2009-05-01,50.5,50.52,49.23,50.05,15777284,WMT
2009-05-04,50.21,51.35,50.19,50.84,21205229,WMT
2009-05-05,50.67,51.38,49.95,50.46,19648946,WMT
2009-05-06,50.67,51.09,49.07,49.51,26089245,WMT
2009-05-07,50.86,51.15,49.54,49.89,31263005,WMT
2009-05-08,50.4,50.4,49.75,50.14,18535549,WMT
2009-05-11,49.97,51.03,49.73,50.63,17994734,WMT
2009-05-12,50.88,51.33,50.66,50.9,17205650,WMT
2009-05-13,50.3,50.3,49.54,50.03,19184748,WMT
2009-05-14,50.1,50.37,48.75,49.1,26333221,WMT
2009-05-15,48.96,49.34,48.12,48.15,20056057,WMT
2009-05-18,48.8,49.98,48.69,49.92,18843171,WMT
2009-05-19,49.92,50.0,49.35,49.36,14623308,WMT
2009-05-20,49.76,50.3,48.85,48.94,20187717,WMT
2009-05-21,48.81,49.53,48.67,49.11,15723038,WMT
2009-05-22,49.37,49.77,49.11,49.25,11348246,WMT
2009-05-26,49.18,50.66,49.16,50.0,17348949,WMT
2009-05-27,50.24,50.82,49.25,49.32,17466475,WMT
2009-05-28,49.51,49.79,48.92,49.55,15406713,WMT
2009-05-29,49.9,49.97,49.07,49.74,12841298,WMT
2009-06-01,50.18,50.7,49.58,50.59,19993728,WMT
2009-06-02,50.38,50.85,49.87,49.93,17399229,WMT
2009-06-03,49.75,50.98,49.7,50.88,19739628,WMT
2009-06-04,50.83,51.0,50.25,50.87,15292667,WMT
2009-06-05,51.12,51.75,50.21,51.07,25329915,WMT
2009-06-08,50.99,51.06,50.4,50.81,18975287,WMT
2009-06-09,50.86,51.16,50.5,50.61,14404509,WMT
2009-06-10,50.81,50.85,49.73,50.06,19831494,WMT
2009-06-11,50.05,50.25,49.29,49.32,21607931,WMT
2009-06-12,49.35,49.86,49.21,49.84,15339150,WMT
2009-06-15,49.1,49.2,48.22,48.46,24607033,WMT
2009-06-16,48.51,48.62,48.05,48.25,20712490,WMT
2009-06-17,48.3,48.89,48.1,48.56,19273575,WMT
2009-06-18,48.65,48.89,48.4,48.68,13928556,WMT
2009-06-19,49.05,49.05,48.1,48.17,23767631,WMT
2009-06-22,48.1,48.9,48.02,48.59,20029729,WMT
2009-06-23,48.72,48.83,48.25,48.35,16240819,WMT
2009-06-24,48.5,48.77,48.11,48.51,16682389,WMT
2009-06-25,48.44,49.45,48.32,49.15,19863377,WMT
2009-06-26,49.04,49.06,48.43,48.63,20538089,WMT
2009-06-29,48.71,48.9,48.4,48.76,17325860,WMT
2009-06-30,48.86,49.08,48.3,48.44,16842803,WMT
2009-07-01,48.55,48.64,48.17,48.37,18433048,WMT
2009-07-02,48.26,48.4,47.76,47.79,19988608,WMT
2009-07-06,47.74,48.18,47.57,47.73,20257016,WMT
2009-07-07,47.9,48.05,47.73,47.84,15101632,WMT
2009-07-08,48.11,48.5,47.98,48.37,18879816,WMT
2009-07-09,48.8,48.85,47.88,48.08,15124375,WMT
2009-07-10,47.94,48.24,47.35,47.57,15971042,WMT
2009-07-13,47.6,47.94,47.42,47.83,16034235,WMT
2009-07-14,47.86,48.15,47.54,48.13,13468219,WMT
2009-07-15,48.35,48.57,47.96,48.55,18743270,WMT
2009-07-16,48.35,48.59,47.99,48.51,18863689,WMT
2009-07-17,48.61,48.71,48.02,48.49,14412361,WMT
2009-07-20,48.66,48.85,48.22,48.82,17108896,WMT
2009-07-21,48.91,48.95,48.45,48.86,17191399,WMT
2009-07-22,48.8,49.53,48.66,49.17,15038558,WMT
2009-07-23,49.18,49.49,48.64,48.76,26665576,WMT
2009-07-24,48.81,49.19,48.76,48.94,13092421,WMT
2009-07-27,49.1,49.1,48.53,48.97,14277163,WMT
2009-07-28,48.76,48.99,48.66,48.92,11806999,WMT
2009-07-29,48.92,49.57,48.8,49.37,16608034,WMT
2009-07-30,49.55,50.4,49.5,49.98,17381279,WMT
2009-07-31,50.05,50.43,49.77,49.88,14662073,WMT
2009-08-03,50.22,50.22,49.52,49.84,15209629,WMT
2009-08-04,49.61,50.28,49.5,49.85,18271187,WMT
2009-08-05,49.94,49.97,49.18,49.2,17720564,WMT
2009-08-06,49.25,49.38,48.75,48.98,16211491,WMT
2009-08-07,49.28,49.5,48.94,49.29,13394836,WMT
2009-08-10,49.38,49.73,49.01,49.72,13050028,WMT
2009-08-11,49.71,50.35,49.52,50.04,16253214,WMT
2009-08-12,50.1,50.84,50.1,50.51,18309729,WMT
2009-08-13,51.83,52.0,50.55,51.88,32146783,WMT
2009-08-14,51.87,52.25,51.54,51.79,17238882,WMT
2009-08-17,51.3,51.86,51.14,51.57,17714120,WMT
2009-08-18,51.64,51.85,51.24,51.36,12286628,WMT
2009-08-19,51.07,51.85,50.95,51.67,14330254,WMT
2009-08-20,51.6,51.82,51.25,51.71,9301120,WMT
2009-08-21,51.97,52.1,51.25,51.36,21094394,WMT
2009-08-24,51.52,51.7,51.15,51.55,11620070,WMT
2009-08-25,51.68,52.56,51.56,51.67,16583571,WMT
2009-08-26,51.74,52.24,51.56,51.8,14296299,WMT
2009-08-27,51.65,51.74,51.12,51.24,17217330,WMT
2009-08-28,51.36,51.4,50.61,51.13,14793434,WMT
2009-08-31,51.02,51.47,50.73,50.87,17243523,WMT
2009-09-01,50.81,51.38,50.64,50.97,16615615,WMT
2009-09-02,50.79,51.05,50.77,50.92,13441371,WMT
2009-09-03,51.15,51.85,50.99,51.74,16298885,WMT
2009-09-04,51.7,52.1,51.5,51.68,13269866,WMT
2009-09-08,51.72,51.8,51.33,51.4,14132714,WMT
2009-09-09,51.52,51.52,50.84,51.11,15090686,WMT
2009-09-10,50.91,51.28,50.73,51.03,22864541,WMT
2009-09-11,50.99,51.04,50.62,50.72,16096700,WMT
2009-09-14,50.37,50.53,50.2,50.38,16547330,WMT
2009-09-15,50.52,50.58,49.83,49.93,26400082,WMT
2009-09-16,49.98,50.18,49.75,50.04,17611170,WMT
2009-09-17,50.1,50.14,49.84,49.96,17768942,WMT
2009-09-18,50.0,50.4,49.94,50.11,33446801,WMT
2009-09-21,50.03,50.97,50.02,50.91,15283029,WMT
2009-09-22,51.03,51.3,50.92,50.99,14542088,WMT
2009-09-23,51.04,51.13,50.4,50.4,14017531,WMT
2009-09-24,50.66,50.84,50.34,50.7,11943218,WMT
2009-09-25,50.4,50.64,49.42,49.47,26348167,WMT
2009-09-28,49.6,49.7,49.33,49.5,14792881,WMT
2009-09-29,49.65,49.68,49.18,49.23,17106562,WMT
2009-09-30,49.28,49.31,48.73,49.09,22092814,WMT
2009-10-01,49.07,49.37,48.73,49.0,22467023,WMT
2009-10-02,48.89,49.34,48.84,49.08,15094001,WMT
2009-10-05,49.0,49.19,48.85,49.06,14220491,WMT
2009-10-06,49.23,49.64,49.13,49.48,17583608,WMT
2009-10-07,49.53,49.7,49.32,49.49,11622987,WMT
2009-10-08,49.53,49.87,49.4,49.74,14962631,WMT
2009-10-09,49.81,50.03,49.62,49.97,16383239,WMT
2009-10-12,50.03,50.21,49.47,49.61,16357971,WMT
2009-10-13,49.68,50.58,49.65,50.34,20855253,WMT
2009-10-14,50.63,50.64,50.1,50.19,16072602,WMT
2009-10-15,50.28,50.99,50.2,50.95,21685266,WMT
2009-10-16,50.8,51.41,50.62,51.22,16543776,WMT
2009-10-19,51.35,51.97,51.25,51.89,15411385,WMT
2009-10-20,51.98,52.0,51.5,51.7,13241369,WMT
2009-10-21,51.67,51.97,50.36,50.63,21904485,WMT
2009-10-22,50.62,50.75,50.03,50.48,24604145,WMT
2009-10-23,50.68,50.71,49.98,50.44,15114375,WMT
2009-10-26,50.58,50.61,49.82,49.84,15274680,WMT
2009-10-27,49.96,50.11,49.77,49.87,15590777,WMT
2009-10-28,49.81,50.37,49.73,49.9,17018738,WMT
2009-10-29,50.15,50.47,49.81,50.4,14389037,WMT
2009-10-30,50.39,50.45,49.62,49.68,17635088,WMT
2009-11-02,49.81,50.35,49.69,50.28,15037740,WMT
2009-11-03,50.16,50.57,49.52,49.9,16204232,WMT
2009-11-04,50.04,50.78,49.86,50.38,14522688,WMT
2009-11-05,50.51,51.35,50.49,51.28,16694509,WMT
2009-11-06,51.03,51.27,50.7,51.25,12366444,WMT
2009-11-09,51.66,52.03,51.41,52.0,15285906,WMT
2009-11-10,51.77,52.47,51.76,52.31,16825717,WMT
2009-11-11,52.59,53.0,52.18,52.97,23297383,WMT
2009-11-12,53.36,53.74,53.11,53.24,28265443,WMT
2009-11-13,53.28,53.55,53.06,53.2,17636072,WMT
2009-11-16,53.35,53.46,52.81,53.16,15356892,WMT
2009-11-17,53.4,53.8,53.1,53.66,17718320,WMT
2009-11-18,53.8,54.4,53.61,54.15,13360903,WMT
2009-11-19,54.0,54.65,53.76,54.54,17369097,WMT
2009-11-20,54.53,54.87,54.0,54.28,15050484,WMT
2009-11-23,54.78,54.85,54.52,54.68,11933152,WMT
2009-11-24,54.76,54.92,54.53,54.85,10606974,WMT
2009-11-25,54.86,55.09,54.78,54.96,9063494,WMT
2009-11-27,54.09,54.84,54.09,54.63,7528648,WMT
2009-11-30,54.53,54.7,54.1,54.55,11930299,WMT
2009-12-01,54.85,55.08,54.62,54.75,12012176,WMT
2009-12-02,54.67,54.88,54.48,54.57,10044052,WMT
2009-12-03,54.73,54.77,54.31,54.44,11408876,WMT
2009-12-04,54.71,54.8,53.95,54.24,11121263,WMT
2009-12-07,54.14,54.98,54.14,54.93,11363339,WMT
2009-12-08,54.82,54.85,54.06,54.41,15841639,WMT
2009-12-09,54.24,54.27,53.76,54.07,12683409,WMT
2009-12-10,54.28,54.87,54.21,54.69,10113027,WMT
2009-12-11,54.82,55.0,54.64,54.65,11399684,WMT
2009-12-14,54.58,54.6,53.81,54.07,14874552,WMT
2009-12-15,53.96,54.07,53.49,53.98,15213692,WMT
2009-12-16,54.21,54.23,53.13,53.32,17179492,WMT
2009-12-17,53.1,53.2,52.36,52.76,15640556,WMT
2009-12-18,53.06,53.06,52.31,52.85,26051935,WMT
2009-12-21,52.94,53.54,52.93,53.4,13432281,WMT
2009-12-22,53.46,53.75,53.25,53.34,11958581,WMT
2009-12-23,53.45,53.61,53.25,53.32,8631560,WMT
2009-12-24,53.42,53.74,53.37,53.6,4473051,WMT
2009-12-28,53.79,53.99,53.61,53.98,7425489,WMT
2009-12-29,53.97,54.2,53.9,54.11,7264179,WMT
2009-12-30,53.93,54.35,53.89,54.3,6796925,WMT
2009-12-31,54.25,54.37,53.42,53.45,9765201,WMT
2010-01-04,53.74,54.67,53.67,54.23,20753890,WMT
2010-01-05,54.09,54.19,53.57,53.69,15649378,WMT
2010-01-06,53.5,53.83,53.42,53.57,12517828,WMT
2010-01-07,53.72,53.75,53.26,53.6,10662697,WMT
2010-01-08,53.43,53.53,53.02,53.33,11363488,WMT
2010-01-11,53.33,54.44,53.1,54.21,13989639,WMT
2010-01-12,54.0,54.75,53.86,54.73,15117022,WMT
2010-01-13,54.79,55.2,54.41,55.01,13290652,WMT
2010-01-14,54.73,54.84,54.16,54.21,13772183,WMT
2010-01-15,54.34,54.55,53.6,53.68,19088243,WMT
2010-01-19,53.91,54.26,53.5,54.03,14618629,WMT
2010-01-20,53.92,53.94,53.23,53.86,13308519,WMT
2010-01-21,54.07,54.07,52.84,52.92,16028682,WMT
2010-01-22,52.96,53.47,52.69,52.94,19416031,WMT
2010-01-25,53.14,53.22,52.78,52.88,12003255,WMT
2010-01-26,52.82,53.86,52.73,53.61,15585088,WMT
2010-01-27,53.52,53.77,53.1,53.4,13192047,WMT
2010-01-28,53.38,53.45,52.51,52.61,16961014,WMT
2010-01-29,53.68,54.15,53.4,53.43,24281225,WMT
2010-02-01,53.62,53.78,53.31,53.48,11028818,WMT
2010-02-02,53.59,53.72,53.33,53.49,11388907,WMT
2010-02-03,53.73,54.5,53.64,54.27,17988850,WMT
2010-02-04,53.88,54.3,52.96,52.97,21029997,WMT
2010-02-05,52.77,53.53,52.76,53.45,15546378,WMT
2010-02-08,53.38,53.54,52.92,52.93,10506063,WMT
2010-02-09,53.21,53.62,52.82,53.25,10825120,WMT
2010-02-10,53.27,53.5,52.96,53.24,9408393,WMT
2010-02-11,53.13,53.45,52.91,53.08,11579594,WMT
2010-02-12,53.11,53.11,52.66,52.9,17038867,WMT
2010-02-16,53.24,53.72,52.9,53.56,15771181,WMT
2010-02-17,53.69,54.25,53.65,54.06,15534113,WMT
2010-02-18,53.2,53.5,52.91,53.47,29458040,WMT
2010-02-19,53.19,53.58,53.07,53.49,15090572,WMT
2010-02-22,53.52,53.92,53.34,53.83,12097112,WMT
2010-02-23,53.75,54.08,53.45,53.62,14138110,WMT
2010-02-24,53.74,53.95,53.48,53.92,10624152,WMT
2010-02-25,53.46,54.28,53.25,54.15,13510073,WMT
2010-02-26,54.22,54.24,53.5,54.07,15953097,WMT
2010-03-01,54.04,54.13,53.54,53.9,12129735,WMT
2010-03-02,53.83,53.89,53.47,53.59,14083621,WMT
2010-03-03,53.35,53.75,53.15,53.66,11631120,WMT
2010-03-04,54.02,54.09,53.75,53.96,11211800,WMT
2010-03-05,53.97,54.17,53.5,54.14,11375086,WMT
2010-03-08,54.01,54.28,53.93,54.15,7556638,WMT
2010-03-09,54.12,54.5,53.92,54.06,12585199,WMT
2010-03-10,53.67,54.02,53.53,53.63,12697801,WMT
2010-03-11,53.64,53.99,53.53,53.97,10675420,WMT
2010-03-12,54.16,54.24,53.79,53.9,10481281,WMT
2010-03-15,54.39,55.54,54.35,55.42,24374792,WMT
2010-03-16,55.88,56.27,55.6,55.99,18458501,WMT
2010-03-17,56.05,56.13,55.66,55.92,12495115,WMT
2010-03-18,55.89,55.95,55.54,55.94,9472592,WMT
2010-03-19,56.03,56.27,55.15,55.34,17184075,WMT
2010-03-22,55.31,56.04,55.13,55.62,9874095,WMT
2010-03-23,55.63,56.0,55.61,55.89,9369255,WMT
2010-03-24,55.73,56.0,55.43,55.58,8698851,WMT
2010-03-25,55.63,55.99,55.6,55.61,9793123,WMT
2010-03-26,55.61,55.96,55.47,55.51,9947257,WMT
2010-03-29,55.5,55.75,55.43,55.74,9776427,WMT
2010-03-30,55.78,56.05,55.66,55.91,6941570,WMT
2010-03-31,55.81,55.9,55.5,55.6,9966853,WMT
2010-04-01,55.75,55.85,55.17,55.49,11788075,WMT
2010-04-05,55.7,55.73,55.22,55.49,10749664,WMT
2010-04-06,55.44,55.63,55.29,55.53,9567168,WMT
2010-04-07,55.5,55.9,55.14,55.28,12936271,WMT
2010-04-08,55.29,55.7,55.16,55.38,11139666,WMT
2010-04-09,55.38,55.38,54.64,55.07,12535319,WMT
2010-04-12,55.02,55.1,54.58,55.02,11964081,WMT
2010-04-13,54.91,55.21,54.66,54.72,12852642,WMT
2010-04-14,54.63,54.91,54.34,54.64,14687995,WMT
2010-04-15,54.15,54.36,53.92,54.13,17660248,WMT
2010-04-16,54.11,54.59,53.84,54.11,19234121,WMT
2010-04-19,54.0,54.48,54.0,54.39,11315660,WMT
2010-04-20,54.49,54.82,54.38,54.52,9093104,WMT
2010-04-21,54.44,54.57,54.18,54.47,11499212,WMT
2010-04-22,54.37,54.65,54.15,54.49,10921391,WMT
2010-04-23,54.47,54.61,53.92,54.53,16595907,WMT
2010-04-26,54.53,54.7,54.01,54.04,14750913,WMT
2010-04-27,53.6,54.42,53.53,54.04,19175177,WMT
2010-04-28,53.92,54.1,53.52,53.61,14904711,WMT
2010-04-29,53.66,54.23,53.55,53.7,13319908,WMT
2010-04-30,53.82,54.15,53.64,53.64,16279335,WMT
2010-05-03,53.88,53.95,53.47,53.74,12301065,WMT
2010-05-04,53.59,54.57,53.55,54.02,18671071,WMT
2010-05-05,54.11,54.95,53.82,54.77,16609823,WMT
2010-05-06,54.35,54.78,51.53,53.23,24068402,WMT
2010-05-07,53.04,53.62,51.8,52.4,28945091,WMT
2010-05-10,53.06,53.24,51.83,52.58,27090587,WMT
2010-05-11,52.35,52.77,52.17,52.46,19630110,WMT
2010-05-12,52.5,52.56,52.13,52.48,13610883,WMT
2010-05-13,52.63,52.97,52.36,52.4,12459468,WMT
2010-05-14,52.41,52.7,52.02,52.12,18653215,WMT
2010-05-17,52.41,52.92,52.04,52.73,16946493,WMT
2010-05-18,53.32,54.45,53.2,53.7,32230581,WMT
2010-05-19,53.53,53.76,52.79,53.04,20419291,WMT
2010-05-20,52.37,52.96,51.3,51.3,27257148,WMT
2010-05-21,50.73,51.37,50.51,51.37,24549360,WMT
2010-05-24,51.04,51.54,50.9,51.0,13573852,WMT
2010-05-25,50.25,50.5,50.0,50.28,24062657,WMT
2010-05-26,50.36,50.6,50.01,50.02,19079045,WMT
2010-05-27,50.52,50.73,50.32,50.7,13982529,WMT
2010-05-28,50.75,50.93,50.5,50.56,14019582,WMT
2010-06-01,50.8,51.51,50.52,50.92,16054600,WMT
2010-06-02,51.23,51.74,51.02,51.72,13665737,WMT
2010-06-03,51.73,52.08,51.48,51.72,10509388,WMT
2010-06-04,51.41,51.7,50.22,50.4,24041813,WMT
2010-06-07,50.46,51.36,50.32,50.74,19501312,WMT
2010-06-08,50.79,50.98,50.53,50.78,20317355,WMT
2010-06-09,50.96,51.36,50.59,50.99,16540496,WMT
2010-06-10,51.21,51.68,51.06,51.22,15850405,WMT
2010-06-11,50.97,51.27,50.55,50.86,14027440,WMT
2010-06-14,51.11,51.46,50.89,51.24,13900030,WMT
2010-06-15,51.2,51.65,51.06,51.64,14310768,WMT
2010-06-16,51.5,51.58,50.92,50.98,15905146,WMT
2010-06-17,51.05,51.49,50.96,51.41,12667232,WMT
2010-06-18,51.41,51.91,51.41,51.55,25426629,WMT
2010-06-21,51.71,51.88,50.71,51.02,14656976,WMT
2010-06-22,51.07,51.47,50.6,50.68,13659223,WMT
2010-06-23,50.76,51.04,50.4,50.81,15945812,WMT
2010-06-24,50.73,50.83,49.95,50.03,14819550,WMT
2010-06-25,49.95,50.2,48.8,48.8,45336600,WMT
2010-06-28,49.06,49.77,49.01,49.57,14697130,WMT
2010-06-29,49.17,49.26,48.43,48.9,20354663,WMT
2010-06-30,48.96,48.97,48.01,48.07,18392396,WMT
2010-07-01,48.1,48.41,47.77,48.34,18114602,WMT
2010-07-02,48.44,48.44,47.84,48.0,13584196,WMT
2010-07-06,49.34,49.44,48.26,48.57,18225757,WMT
2010-07-07,48.66,48.97,48.16,48.92,16179001,WMT
2010-07-08,49.32,49.32,48.79,49.18,12649961,WMT
2010-07-09,49.25,49.55,49.15,49.43,11607233,WMT
2010-07-12,49.78,50.33,49.68,50.12,13441071,WMT
2010-07-13,50.35,50.69,50.1,50.54,13219735,WMT
2010-07-14,50.05,50.36,50.04,50.35,10708279,WMT
2010-07-15,50.34,50.44,49.91,50.41,12256670,WMT
2010-07-16,50.15,50.33,49.52,49.67,15922114,WMT
2010-07-19,49.72,49.81,49.09,49.52,11895933,WMT
2010-07-20,49.26,51.03,49.26,50.88,16283881,WMT
2010-07-21,51.0,51.0,50.11,50.35,12311094,WMT
2010-07-22,50.55,51.09,50.51,50.86,11984441,WMT
2010-07-23,50.91,51.81,50.9,51.67,13045690,WMT
2010-07-26,51.67,51.67,50.91,51.13,14117330,WMT
2010-07-27,50.8,51.3,50.66,50.96,12295289,WMT
2010-07-28,50.8,51.39,50.8,51.13,9328948,WMT
2010-07-29,51.23,51.78,50.8,51.06,9630970,WMT
2010-07-30,50.61,51.25,50.5,51.19,13558844,WMT
2010-08-02,51.55,51.7,50.95,51.41,13860927,WMT
2010-08-03,51.25,51.65,51.03,51.29,10673687,WMT
2010-08-04,51.04,51.71,51.01,51.6,8074928,WMT
2010-08-05,51.64,51.67,51.22,51.62,7439982,WMT
2010-08-06,51.42,51.79,51.11,51.79,8270290,WMT
2010-08-09,51.83,52.34,51.8,52.06,8269127,WMT
2010-08-10,51.91,52.48,51.69,52.22,8848497,WMT
2010-08-11,51.62,51.62,50.98,51.02,11309237,WMT
2010-08-12,50.56,50.78,50.01,50.43,12800959,WMT
2010-08-13,50.33,50.74,50.0,50.4,10098308,WMT
2010-08-16,50.17,50.57,50.06,50.41,9650242,WMT
2010-08-17,50.79,51.62,50.66,51.02,16320145,WMT
2010-08-18,51.0,51.32,50.62,50.86,15746605,WMT
2010-08-19,50.7,50.96,50.0,50.06,15634007,WMT
2010-08-20,50.17,50.47,50.03,50.22,11701665,WMT
2010-08-23,50.57,51.5,50.39,51.14,14659921,WMT
2010-08-24,50.67,51.72,50.6,51.3,16701722,WMT
2010-08-25,51.25,51.79,51.09,51.55,14850712,WMT
2010-08-26,51.62,51.62,50.75,50.97,11903867,WMT
2010-08-27,51.02,51.25,50.72,51.0,11934910,WMT
2010-08-30,51.02,51.25,50.53,50.55,8504360,WMT
2010-08-31,50.51,51.1,50.12,50.14,25359587,WMT
2010-09-01,50.49,51.43,50.46,51.2,13438318,WMT
2010-09-02,51.12,51.81,51.12,51.76,11206276,WMT
2010-09-03,51.86,52.09,51.55,52.04,9614624,WMT
2010-09-07,52.07,52.56,51.84,51.86,10585108,WMT
2010-09-08,51.89,51.98,51.52,51.83,8959906,WMT
2010-09-09,52.06,52.1,51.84,51.91,7299637,WMT
2010-09-10,51.9,52.07,51.72,51.97,8160857,WMT
2010-09-13,52.25,52.47,52.01,52.21,7868150,WMT
2010-09-14,52.16,53.03,52.15,52.66,11201697,WMT
2010-09-15,52.47,53.1,52.41,52.86,10198031,WMT
2010-09-16,52.66,53.28,52.55,53.15,10744312,WMT
2010-09-17,53.17,53.33,52.88,53.01,20800076,WMT
2010-09-20,53.1,53.67,53.09,53.54,9262751,WMT
2010-09-21,53.52,53.96,53.32,53.57,9425447,WMT
2010-09-22,53.52,54.0,53.45,53.82,9662167,WMT
2010-09-23,53.73,53.92,53.53,53.65,7291174,WMT
2010-09-24,53.95,54.39,53.84,54.08,9769122,WMT
2010-09-27,53.91,54.01,53.47,53.48,8663588,WMT
2010-09-28,53.53,53.99,53.05,53.82,11149152,WMT
2010-09-29,53.8,53.81,53.11,53.35,9865603,WMT
2010-09-30,53.53,53.99,53.14,53.52,10907562,WMT
2010-10-01,53.6,53.62,53.2,53.36,8231451,WMT
2010-10-04,53.34,53.7,53.14,53.57,7142404,WMT
2010-10-05,53.94,54.25,53.83,54.0,10216724,WMT
2010-10-06,53.92,54.63,53.9,54.56,10413703,WMT
2010-10-07,54.66,54.82,54.04,54.36,7770280,WMT
2010-10-08,54.35,54.59,54.02,54.41,8795526,WMT
2010-10-11,54.52,54.74,54.43,54.61,7039421,WMT
2010-10-12,54.45,54.45,53.75,53.92,15038397,WMT
2010-10-13,54.18,54.52,53.73,53.82,13616554,WMT
2010-10-14,53.87,53.87,52.93,53.25,15546852,WMT
2010-10-15,53.36,53.58,53.02,53.35,12559758,WMT
2010-10-18,53.25,53.9,53.25,53.76,9232360,WMT
2010-10-19,53.45,53.76,53.13,53.32,10224905,WMT
2010-10-20,53.29,53.84,53.25,53.47,9745618,WMT
2010-10-21,53.69,54.34,53.59,54.03,9602147,WMT
2010-10-22,53.96,54.1,53.86,54.06,5795437,WMT
2010-10-25,54.18,54.4,53.9,53.95,7963247,WMT
2010-10-26,53.84,54.73,53.83,54.56,10296935,WMT
2010-10-27,54.24,54.63,53.55,53.87,13023898,WMT
2010-10-28,54.19,54.23,53.59,54.08,8184076,WMT
2010-10-29,54.04,54.59,53.61,54.17,8033129,WMT
2010-11-01,54.05,54.5,54.02,54.31,8209322,WMT
2010-11-02,54.55,54.99,54.49,54.79,8849413,WMT
2010-11-03,54.77,54.95,54.22,54.91,9191329,WMT
2010-11-04,55.0,55.5,54.95,55.36,13246900,WMT
2010-11-05,55.45,55.72,54.9,55.2,10264447,WMT
2010-11-08,54.91,55.08,54.51,54.91,9941900,WMT
2010-11-09,55.08,55.21,54.83,55.05,10049879,WMT
2010-11-10,54.76,54.76,54.09,54.51,11240847,WMT
2010-11-11,54.52,54.52,53.96,54.34,12566314,WMT
2010-11-12,54.1,54.34,53.86,54.13,10680331,WMT
2010-11-15,54.17,54.35,53.87,53.95,11462094,WMT
2010-11-16,54.57,55.35,54.24,54.26,23574445,WMT
2010-11-17,54.35,54.44,53.56,53.77,14508343,WMT
2010-11-18,54.14,54.66,53.9,53.98,11587413,WMT
2010-11-19,54.1,54.45,53.95,54.39,10307649,WMT
2010-11-22,54.2,54.6,53.92,54.38,9501766,WMT
2010-11-23,54.2,54.26,53.56,53.67,13853771,WMT
2010-11-24,53.74,54.18,53.74,54.01,10313227,WMT
2010-11-26,53.69,53.93,53.57,53.74,4154989,WMT
2010-11-29,53.65,53.92,53.43,53.85,10788552,WMT
2010-11-30,53.76,54.43,53.6,54.09,17559629,WMT
2010-12-01,54.42,54.85,54.39,54.7,17883267,WMT
2010-12-02,54.71,54.9,54.38,54.75,15778298,WMT
2010-12-03,54.63,54.76,54.31,54.62,10099205,WMT
2010-12-06,54.88,54.94,54.47,54.49,8633272,WMT
2010-12-07,54.54,55.34,54.54,55.09,15897698,WMT
2010-12-08,54.86,54.95,54.45,54.49,12481600,WMT
2010-12-09,54.72,54.77,54.32,54.34,10732719,WMT
2010-12-10,54.31,54.4,54.14,54.28,12049946,WMT
2010-12-13,54.31,54.4,54.0,54.21,11328689,WMT
2010-12-14,54.1,54.58,54.02,54.45,10746202,WMT
2010-12-15,54.23,54.34,54.04,54.23,10550111,WMT
2010-12-16,54.09,54.63,54.0,54.63,12335253,WMT
2010-12-17,54.68,54.75,54.38,54.41,21562172,WMT
2010-12-20,54.56,54.56,53.61,53.77,13615555,WMT
2010-12-21,53.76,53.86,53.64,53.65,8294052,WMT
2010-12-22,53.59,53.65,53.16,53.31,11460725,WMT
2010-12-23,53.17,53.69,53.14,53.6,9066273,WMT
2010-12-27,53.56,53.73,53.23,53.57,5876190,WMT
2010-12-28,53.63,53.93,53.51,53.74,6789615,WMT
2010-12-29,53.57,54.26,53.57,54.08,7631792,WMT
2010-12-30,54.0,54.19,53.84,54.07,6303763,WMT
2010-12-31,53.97,54.25,53.79,53.93,7093892,WMT
2011-01-03,54.23,54.8,54.15,54.56,14298762,WMT
2011-01-04,54.61,54.88,54.28,54.77,12154524,WMT
2011-01-05,54.75,55.07,54.32,54.41,14218224,WMT
2011-01-06,54.31,54.38,53.78,53.96,15590474,WMT
2011-01-07,53.89,54.16,53.76,54.08,7969195,WMT
2011-01-10,53.65,54.11,53.54,53.73,10479403,WMT
2011-01-11,53.95,54.52,53.73,54.29,12029975,WMT
2011-01-12,54.52,55.32,54.34,54.85,13554121,WMT
2011-01-13,54.7,55.36,54.69,54.79,12865956,WMT
2011-01-14,54.73,54.99,54.42,54.81,9286738,WMT
2011-01-18,55.11,55.4,54.75,55.14,10534371,WMT
2011-01-19,55.04,55.15,54.71,55.03,9897278,WMT
2011-01-20,55.12,56.27,55.12,55.99,19618005,WMT
2011-01-21,56.15,56.24,55.38,55.73,12960133,WMT
2011-01-24,55.39,56.05,55.3,56.05,11076319,WMT
2011-01-25,56.12,57.29,55.8,57.26,20483607,WMT
2011-01-26,57.39,57.75,57.0,57.32,13212743,WMT
2011-01-27,57.46,57.79,57.02,57.57,10175482,WMT
2011-01-28,57.69,57.9,56.5,56.7,14598108,WMT
2011-01-31,56.45,56.56,55.7,56.07,15688491,WMT
2011-02-01,56.37,56.58,55.91,56.33,12852698,WMT
2011-02-02,56.16,56.18,55.65,55.86,14048432,WMT
2011-02-03,55.92,56.04,55.39,55.92,11285936,WMT
2011-02-04,56.04,56.1,55.67,56.03,7106393,WMT
2011-02-07,56.07,56.24,55.83,56.07,6721999,WMT
2011-02-08,56.1,56.47,55.95,56.38,8821835,WMT
2011-02-09,56.26,56.73,56.1,56.73,8583856,WMT
2011-02-10,56.15,56.16,55.3,55.59,15766811,WMT
2011-02-11,55.53,55.88,55.31,55.69,9582909,WMT
2011-02-14,55.26,55.31,54.67,54.8,16282045,WMT
2011-02-15,54.78,55.05,54.51,54.95,11331295,WMT
2011-02-16,54.9,55.2,54.43,54.55,15404366,WMT
2011-02-17,54.52,54.9,54.35,54.75,8538952,WMT
2011-02-18,54.68,55.57,54.5,55.38,19977666,WMT
2011-02-22,53.81,54.01,52.95,53.67,28702046,WMT
2011-02-23,53.46,53.6,52.9,53.03,20125749,WMT
2011-02-24,53.13,53.17,51.88,52.09,23538977,WMT
2011-02-25,52.09,52.17,51.52,51.75,20330140,WMT
2011-02-28,51.75,52.43,51.68,51.98,17910916,WMT
2011-03-01,52.16,52.6,51.95,52.07,17646143,WMT
2011-03-02,52.27,52.37,51.72,51.97,11147654,WMT
2011-03-03,52.19,52.27,51.7,52.01,12524396,WMT
2011-03-04,52.4,52.49,51.73,52.07,15735094,WMT
2011-03-07,52.26,52.29,51.75,52.02,13034797,WMT
2011-03-08,52.1,52.54,52.01,52.44,11924628,WMT
2011-03-09,52.27,52.84,52.22,52.67,11384000,WMT
2011-03-10,52.35,53.88,52.26,52.65,18298875,WMT
2011-03-11,52.64,52.95,52.14,52.59,14542886,WMT
2011-03-14,52.35,52.52,52.06,52.32,10203618,WMT
2011-03-15,51.77,52.35,51.38,52.06,13864391,WMT
2011-03-16,51.52,51.87,50.97,51.38,16426018,WMT
2011-03-17,51.74,51.87,51.04,51.37,10888179,WMT
2011-03-18,51.63,51.89,51.25,51.52,11815969,WMT
2011-03-21,51.73,52.0,51.68,51.92,8723465,WMT
2011-03-22,51.97,52.14,51.79,52.0,8436095,WMT
2011-03-23,51.85,51.88,51.38,51.64,13532050,WMT
2011-03-24,51.83,52.95,51.77,52.59,15075877,WMT
2011-03-25,52.56,52.67,52.28,52.35,7617691,WMT
2011-03-28,52.31,52.5,52.01,52.19,8356927,WMT
2011-03-29,52.05,52.38,52.04,52.26,8712925,WMT
2011-03-30,52.53,52.74,52.08,52.36,8566268,WMT
2011-03-31,52.15,52.32,51.89,52.05,10915811,WMT
2011-04-01,52.25,52.36,51.92,52.13,7967500,WMT
2011-04-04,52.31,52.83,52.06,52.65,9225499,WMT
2011-04-05,52.7,53.19,52.67,52.74,8873315,WMT
2011-04-06,52.67,53.21,52.67,52.98,8366141,WMT
2011-04-07,52.85,53.24,52.75,53.0,12181219,WMT
2011-04-08,53.01,53.15,52.27,52.54,9736088,WMT
2011-04-11,52.54,52.92,52.4,52.82,7470045,WMT
2011-04-12,52.69,53.75,52.67,53.52,13449628,WMT
2011-04-13,53.72,53.96,53.5,53.63,8603945,WMT
2011-04-14,53.48,53.74,53.22,53.5,7418623,WMT
2011-04-15,53.55,53.69,53.3,53.55,8720750,WMT
2011-04-18,53.08,53.65,52.91,53.31,9513427,WMT
2011-04-19,53.26,53.47,53.1,53.35,6151988,WMT
2011-04-20,53.75,53.95,53.64,53.69,7408076,WMT
2011-04-21,53.82,53.93,53.42,53.58,5873017,WMT
2011-04-25,53.6,53.66,53.23,53.37,5815348,WMT
2011-04-26,53.39,54.23,53.28,53.91,11976177,WMT
2011-04-27,53.88,54.61,53.88,54.42,9726093,WMT
2011-04-28,54.29,54.8,54.28,54.69,9826234,WMT
2011-04-29,54.41,55.16,54.33,54.98,9815192,WMT
2011-05-02,55.08,55.08,54.67,55.04,8178524,WMT
2011-05-03,55.08,55.77,54.96,55.46,11127281,WMT
2011-05-04,55.31,55.79,55.2,55.37,8169654,WMT
2011-05-05,55.15,55.6,53.2,55.07,11138624,WMT
2011-05-06,55.3,55.55,54.86,55.02,8054644,WMT
2011-05-09,54.97,55.36,54.7,55.1,6547481,WMT
2011-05-10,55.15,55.6,55.1,55.53,8762506,WMT
2011-05-11,55.11,55.61,55.04,55.17,9429201,WMT
2011-05-12,55.24,55.82,54.91,55.72,8956495,WMT
2011-05-13,55.77,56.03,55.34,55.72,8953618,WMT
2011-05-16,55.61,56.47,55.48,56.06,14178783,WMT
2011-05-17,55.56,56.29,55.24,55.54,14586700,WMT
2011-05-18,55.5,55.54,54.95,55.18,11425317,WMT
2011-05-19,55.23,55.6,55.04,55.48,7701349,WMT
2011-05-20,55.55,55.69,55.18,55.29,8803693,WMT
2011-05-23,54.99,55.5,54.99,55.22,7343083,WMT
2011-05-24,55.24,55.31,54.61,54.78,12240565,WMT
2011-05-25,54.63,54.7,54.2,54.56,10199049,WMT
2011-05-26,54.53,54.7,54.19,54.62,5778156,WMT
2011-05-27,54.75,55.09,54.62,54.7,5315549,WMT
2011-05-31,54.88,55.22,54.81,55.22,8901025,WMT
2011-06-01,54.98,55.17,54.25,54.3,11182407,WMT
2011-06-02,54.21,54.21,53.15,53.55,14784937,WMT
2011-06-03,53.15,53.85,53.04,53.66,13287682,WMT
2011-06-06,53.86,54.19,53.5,53.76,11242227,WMT
2011-06-07,53.94,54.3,53.77,53.83,9914965,WMT
2011-06-08,53.61,53.92,53.42,53.69,11660582,WMT
2011-06-09,53.73,54.23,53.61,53.62,11340718,WMT
2011-06-10,53.67,53.84,52.69,52.72,14587904,WMT
2011-06-13,52.91,53.25,52.58,52.62,12545141,WMT
2011-06-14,52.86,53.26,52.77,52.91,8797397,WMT
2011-06-15,52.64,52.64,51.79,52.32,15325524,WMT
2011-06-16,52.46,52.97,52.2,52.83,11744036,WMT
2011-06-17,53.06,53.29,52.82,52.82,20584452,WMT
2011-06-20,52.7,53.5,52.7,53.04,15198471,WMT
2011-06-21,53.1,53.29,52.75,53.29,10891957,WMT
2011-06-22,53.1,53.29,52.83,53.01,10588002,WMT
2011-06-23,53.36,53.7,52.67,53.29,18156615,WMT
2011-06-24,53.19,53.42,52.35,52.41,20767505,WMT
2011-06-27,52.32,52.76,52.27,52.29,10167020,WMT
2011-06-28,52.44,52.53,52.14,52.53,10987975,WMT
2011-06-29,52.62,52.79,52.43,52.64,8866763,WMT
2011-06-30,52.66,53.16,52.55,53.14,9984462,WMT
2011-07-01,53.19,53.64,53.0,53.51,9480095,WMT
2011-07-05,53.34,53.56,53.02,53.39,9212468,WMT
2011-07-06,53.43,53.95,53.43,53.72,8078167,WMT
2011-07-07,54.57,54.81,54.19,54.49,12820247,WMT
2011-07-08,54.25,54.32,53.77,54.08,9133480,WMT
2011-07-11,53.82,54.08,53.7,53.87,7548369,WMT
2011-07-12,53.86,54.42,53.76,53.94,9485877,WMT
2011-07-13,54.07,54.27,53.84,54.02,10153328,WMT
2011-07-14,53.52,53.7,53.38,53.63,15522604,WMT
2011-07-15,53.73,53.97,53.46,53.63,10188564,WMT
2011-07-18,53.41,53.54,53.18,53.32,8219328,WMT
2011-07-19,53.4,54.03,53.34,53.97,8585656,WMT
2011-07-20,53.91,53.97,53.6,53.89,8857842,WMT
2011-07-21,54.0,54.68,53.91,54.47,10614897,WMT
2011-07-22,54.58,54.72,54.25,54.52,6802420,WMT
2011-07-25,54.03,54.4,53.95,53.97,8177526,WMT
2011-07-26,54.03,54.09,53.51,53.59,10934694,WMT
2011-07-27,53.44,53.75,53.17,53.25,12200032,WMT
2011-07-28,53.31,53.55,52.97,52.99,8908569,WMT
2011-07-29,52.78,53.15,52.66,52.71,13199211,WMT
2011-08-01,52.79,52.99,52.07,52.62,10688547,WMT
2011-08-02,52.24,52.55,51.67,51.68,15243612,WMT
2011-08-03,51.76,52.05,51.01,51.28,21455327,WMT
2011-08-04,50.99,50.99,50.07,50.1,26071169,WMT
2011-08-05,50.59,50.92,49.59,50.85,27299158,WMT
2011-08-08,50.8,51.33,48.77,48.92,42367201,WMT
2011-08-09,49.34,50.91,48.67,50.82,23990330,WMT
2011-08-10,50.02,50.06,48.31,48.41,27005844,WMT
2011-08-11,48.85,50.4,48.85,49.73,21599483,WMT
2011-08-12,50.03,50.31,49.28,49.75,15160419,WMT
2011-08-15,49.88,50.08,49.29,49.98,14832175,WMT
2011-08-16,51.44,52.48,51.12,51.92,25595439,WMT
2011-08-17,51.72,52.18,51.16,51.55,15513309,WMT
2011-08-18,50.51,51.95,50.31,51.79,25048837,WMT
2011-08-19,51.49,52.74,51.48,52.3,23035750,WMT
2011-08-22,52.24,52.64,52.08,52.19,13771554,WMT
2011-08-23,52.16,53.21,52.13,53.21,17169992,WMT
2011-08-24,53.02,53.42,52.81,53.37,11397440,WMT
2011-08-25,53.38,53.49,52.55,52.7,10975022,WMT
2011-08-26,52.79,53.24,51.95,52.9,10460355,WMT
2011-08-29,53.11,53.44,53.0,53.19,8476902,WMT
2011-08-30,52.86,53.13,52.41,52.82,13484133,WMT
2011-08-31,53.0,53.38,52.86,53.19,13230432,WMT
2011-09-01,53.2,53.55,52.65,52.65,12493488,WMT
2011-09-02,52.25,52.64,51.97,52.03,10809445,WMT
2011-09-06,51.48,51.79,50.87,51.68,17114632,WMT
2011-09-07,52.05,52.56,51.85,52.42,10407161,WMT
2011-09-08,52.08,52.75,52.06,52.21,11602411,WMT
2011-09-09,51.9,52.18,51.2,51.36,12027724,WMT
2011-09-12,50.85,51.83,50.82,51.82,11229220,WMT
2011-09-13,51.79,51.8,51.22,51.59,10771184,WMT
2011-09-14,51.71,52.79,51.58,52.2,12508561,WMT
2011-09-15,52.22,52.51,51.94,52.51,10999307,WMT
2011-09-16,52.75,53.15,52.55,52.65,35685124,WMT
2011-09-19,52.18,52.62,52.04,52.45,9029027,WMT
2011-09-20,52.44,52.92,52.17,52.29,8421143,WMT
2011-09-21,52.36,52.59,51.29,51.32,10476667,WMT
2011-09-22,50.65,51.23,49.94,50.28,21320332,WMT
2011-09-23,50.18,50.96,50.03,50.8,12703872,WMT
2011-09-26,50.94,51.85,50.8,51.83,11360515,WMT
2011-09-27,52.36,52.86,51.8,52.03,11492543,WMT
2011-09-28,52.12,52.42,51.29,51.31,11460193,WMT
2011-09-29,51.81,52.4,51.32,51.93,10344376,WMT
2011-09-30,51.85,52.59,51.71,51.9,13621380,WMT
2011-10-03,51.88,52.92,51.85,51.96,15500229,WMT
2011-10-04,51.74,52.98,51.63,52.88,18697606,WMT
2011-10-05,52.7,53.25,52.13,52.65,13604816,WMT
2011-10-06,52.74,52.9,52.33,52.75,10021117,WMT
2011-10-07,53.08,54.03,52.9,53.7,13912907,WMT
2011-10-10,54.19,55.18,54.19,54.81,12189854,WMT
2011-10-11,54.78,54.79,54.39,54.72,10215333,WMT
2011-10-12,55.05,56.39,55.0,55.2,22097211,WMT
2011-10-13,55.04,55.31,54.72,55.02,10501306,WMT
2011-10-14,55.28,55.47,54.63,55.46,10705983,WMT
2011-10-17,54.79,55.46,54.48,54.78,8976770,WMT
2011-10-18,54.94,56.19,54.81,55.89,14070469,WMT
2011-10-19,55.71,56.43,55.7,56.25,12985199,WMT
2011-10-20,56.2,56.88,56.05,56.37,12645980,WMT
2011-10-21,56.74,57.42,56.65,56.92,14498890,WMT
2011-10-24,56.88,57.0,56.37,56.78,9279438,WMT
2011-10-25,56.66,57.15,56.55,56.71,10104567,WMT
2011-10-26,57.1,57.44,56.6,57.37,12724659,WMT
2011-10-27,57.8,57.96,57.45,57.81,15326374,WMT
2011-10-28,57.85,57.87,56.96,57.15,11292789,WMT
2011-10-31,56.58,57.29,56.58,56.72,9480955,WMT
2011-11-01,55.82,56.74,55.68,56.23,13790143,WMT
2011-11-02,56.77,57.19,56.54,56.86,8920447,WMT
2011-11-03,57.05,57.53,56.6,57.42,9575589,WMT
2011-11-04,57.08,57.5,56.9,57.5,7006676,WMT
2011-11-07,57.34,57.96,57.05,57.94,8520513,WMT
2011-11-08,58.02,59.4,57.85,59.32,20107097,WMT
2011-11-09,58.53,58.93,57.6,58.05,13947664,WMT
2011-11-10,58.33,58.49,57.51,58.13,9409918,WMT
2011-11-11,58.51,59.25,58.38,59.2,8398481,WMT
2011-11-14,58.81,58.98,58.36,58.89,10554475,WMT
2011-11-15,57.97,58.05,57.23,57.46,16007290,WMT
2011-11-16,57.1,57.42,56.64,56.68,11781357,WMT
2011-11-17,56.54,57.19,56.26,56.73,10223771,WMT
2011-11-18,57.03,57.36,56.61,57.23,8982262,WMT
2011-11-21,56.93,57.29,56.38,56.66,9932180,WMT
2011-11-22,56.56,57.13,56.5,56.85,7497230,WMT
2011-11-23,56.65,57.0,56.32,56.64,8261896,WMT
2011-11-25,56.69,57.33,56.69,56.89,4258796,WMT
2011-11-28,57.53,58.0,57.0,57.25,9288061,WMT
2011-11-29,57.34,58.3,57.34,58.17,10817945,WMT
2011-11-30,58.76,59.0,58.31,58.9,14845127,WMT
2011-12-01,58.64,59.15,58.46,58.61,8787232,WMT
2011-12-02,58.88,58.97,58.04,58.09,11199004,WMT
2011-12-05,58.26,58.51,58.0,58.34,10515168,WMT
2011-12-06,58.57,59.01,58.4,58.78,11401656,WMT
2011-12-07,58.35,59.2,58.26,58.51,15754543,WMT
2011-12-08,58.39,58.55,57.87,57.98,10350356,WMT
2011-12-09,58.16,58.49,57.47,58.32,10058857,WMT
2011-12-12,57.87,58.44,57.76,58.09,10037087,WMT
2011-12-13,58.13,58.35,57.42,57.6,10975928,WMT
2011-12-14,57.72,58.12,57.52,57.65,8984217,WMT
2011-12-15,57.83,58.4,57.83,57.95,8559381,WMT
2011-12-16,58.3,58.49,58.09,58.27,14934968,WMT
2011-12-19,58.3,58.57,57.61,57.78,7235400,WMT
2011-12-20,58.37,59.27,58.24,59.19,11067312,WMT
2011-12-21,59.19,59.66,59.16,59.39,8574408,WMT
2011-12-22,59.41,59.54,59.05,59.19,7901633,WMT
2011-12-23,59.32,60.0,59.14,59.99,6190571,WMT
2011-12-27,59.95,59.98,59.66,59.83,4866341,WMT
2011-12-28,59.77,59.94,59.63,59.73,5242281,WMT
2011-12-29,59.72,59.99,59.34,59.99,6332205,WMT
2011-12-30,59.89,59.94,59.69,59.76,4665252,WMT
2012-01-03,59.97,61.06,59.87,60.33,12668774,WMT
2012-01-04,60.21,60.35,59.47,59.71,9593915,WMT
2012-01-05,59.35,59.62,58.37,59.42,12768202,WMT
2012-01-06,59.42,59.44,58.87,59.0,8069504,WMT
2012-01-09,59.03,59.55,58.92,59.18,6679713,WMT
2012-01-10,59.43,59.71,58.98,59.04,6907461,WMT
2012-01-11,59.06,59.53,59.04,59.4,6370659,WMT
2012-01-12,59.79,60.0,59.4,59.5,7236378,WMT
2012-01-13,59.18,59.61,59.01,59.54,7729222,WMT
2012-01-17,59.87,60.11,59.52,59.85,8499938,WMT
2012-01-18,59.79,60.03,59.65,60.01,5911327,WMT
2012-01-19,59.93,60.73,59.75,60.61,9234851,WMT
2012-01-20,60.75,61.25,60.67,61.01,10382040,WMT
2012-01-23,60.81,60.98,60.51,60.91,7134026,WMT
2012-01-24,60.75,62.0,60.75,61.39,7371375,WMT
2012-01-25,61.18,61.61,61.04,61.47,5915713,WMT
2012-01-26,61.8,61.84,60.77,60.97,7436168,WMT
2012-01-27,60.86,61.12,60.54,60.71,6287253,WMT
2012-01-30,60.47,61.32,60.35,61.3,7637547,WMT
2012-01-31,61.53,61.57,60.58,61.36,9764529,WMT
2012-02-01,61.79,62.63,61.79,62.18,12131010,WMT
2012-02-02,62.4,62.47,61.82,61.94,6211353,WMT
2012-02-03,62.32,62.43,61.7,62.03,7727175,WMT
2012-02-06,61.85,61.98,61.7,61.88,5480554,WMT
2012-02-07,61.62,61.9,61.62,61.69,6093712,WMT
2012-02-08,61.91,62.02,61.23,61.62,7268649,WMT
2012-02-09,61.58,62.16,61.58,61.96,6453043,WMT
2012-02-10,61.68,61.91,61.38,61.9,5501098,WMT
2012-02-13,62.01,62.08,61.73,61.79,4174905,WMT
2012-02-14,61.91,62.24,61.79,62.22,5173275,WMT
2012-02-15,62.32,62.44,61.59,61.76,5833642,WMT
2012-02-16,61.77,62.19,61.7,62.04,7259361,WMT
2012-02-17,62.32,62.57,61.91,62.48,8192923,WMT
2012-02-21,60.33,60.5,59.67,60.07,23896168,WMT
2012-02-22,59.58,59.9,58.37,58.6,28630841,WMT
2012-02-23,58.59,58.9,58.21,58.54,14880315,WMT
2012-02-24,58.75,58.95,58.5,58.79,9925842,WMT
2012-02-27,58.7,58.78,58.29,58.46,12263756,WMT
2012-02-28,58.44,59.1,58.35,58.93,10761897,WMT
2012-02-29,58.84,59.32,58.72,59.08,11486359,WMT
2012-03-01,59.36,59.42,58.64,58.82,16285674,WMT
2012-03-02,58.99,59.28,58.8,59.01,9858283,WMT
2012-03-05,58.96,59.59,58.75,59.4,9650954,WMT
2012-03-06,59.04,59.22,58.75,58.96,9057281,WMT
2012-03-07,59.11,59.86,59.11,59.86,14916900,WMT
2012-03-08,59.84,59.95,59.45,59.77,7795776,WMT
2012-03-09,59.83,60.2,59.83,60.08,6292870,WMT
2012-03-12,60.17,60.9,60.09,60.68,7576763,WMT
2012-03-13,60.93,61.08,60.52,61.0,8734596,WMT
2012-03-14,60.84,61.15,60.69,61.08,6374963,WMT
2012-03-15,60.89,61.26,60.78,61.23,6755170,WMT
2012-03-16,61.41,61.47,60.77,60.84,12077092,WMT
2012-03-19,60.58,60.88,60.46,60.74,8251968,WMT
2012-03-20,60.33,60.86,60.29,60.6,7911521,WMT
2012-03-21,60.45,60.72,60.37,60.56,7302803,WMT
2012-03-22,60.23,60.77,60.23,60.65,5710936,WMT
2012-03-23,60.61,60.85,60.41,60.75,6957627,WMT
2012-03-26,60.9,61.32,60.76,61.2,6214728,WMT
2012-03-27,61.35,61.5,61.02,61.09,7351506,WMT
2012-03-28,61.15,61.48,60.98,61.19,7124351,WMT
2012-03-29,60.77,60.95,60.62,60.82,6691676,WMT
2012-03-30,61.07,61.42,60.92,61.2,6942445,WMT
2012-04-02,61.08,61.49,60.97,61.36,6465856,WMT
2012-04-03,61.14,61.41,60.24,60.65,11180059,WMT
2012-04-04,60.53,60.59,60.02,60.26,10851616,WMT
2012-04-05,60.2,60.69,60.07,60.67,6528712,WMT
2012-04-09,60.22,60.34,60.08,60.13,6835088,WMT
2012-04-10,60.03,60.39,59.55,59.93,9553144,WMT
2012-04-11,60.29,60.29,59.66,59.8,7748050,WMT
2012-04-12,59.8,60.2,59.56,60.14,7367649,WMT
2012-04-13,60.0,60.21,59.75,59.77,6695991,WMT
2012-04-16,59.94,60.81,59.87,60.58,6844578,WMT
2012-04-17,61.11,61.95,61.09,61.87,10676308,WMT
2012-04-18,61.55,62.25,61.55,62.06,7957298,WMT
2012-04-19,61.96,62.05,61.47,61.75,6379504,WMT
2012-04-20,61.7,62.49,61.66,62.45,8997648,WMT
2012-04-23,59.15,60.24,59.13,59.54,38007283,WMT
2012-04-24,59.26,59.35,57.64,57.77,30099452,WMT
2012-04-25,57.91,58.43,57.18,57.36,28012728,WMT
2012-04-26,57.59,59.43,57.57,58.95,25095703,WMT
2012-04-27,59.18,59.46,58.94,59.03,8521380,WMT
2012-04-30,58.82,58.99,58.53,58.91,7482877,WMT
2012-05-01,58.95,59.27,58.48,59.07,9916168,WMT
2012-05-02,58.96,59.32,58.82,59.01,7347634,WMT
2012-05-03,59.2,59.2,58.81,58.99,6892609,WMT
2012-05-04,58.86,59.18,58.68,58.7,6953880,WMT
2012-05-07,58.55,59.36,58.55,59.19,8659390,WMT
2012-05-08,59.06,59.37,58.63,59.05,10273782,WMT
2012-05-09,58.48,59.24,58.27,59.03,11158088,WMT
2012-05-10,59.35,59.61,59.09,59.19,7740689,WMT
2012-05-11,59.08,59.65,58.8,59.42,7473540,WMT
2012-05-14,59.09,59.55,58.92,59.07,6201061,WMT
2012-05-15,58.95,59.65,58.95,59.35,10561363,WMT
2012-05-16,59.53,59.66,59.16,59.19,10838704,WMT
2012-05-17,61.34,62.5,61.25,61.68,29295156,WMT
2012-05-18,61.87,62.63,61.76,62.43,16631181,WMT
2012-05-21,62.38,63.1,62.14,63.04,11150092,WMT
2012-05-22,62.99,63.95,62.9,63.73,12074555,WMT
2012-05-23,63.39,64.69,63.29,64.58,15682158,WMT
2012-05-24,64.71,65.18,64.46,65.07,11303256,WMT
2012-05-25,64.86,65.5,64.8,65.31,10180866,WMT
2012-05-29,65.4,65.76,65.21,65.68,10037047,WMT
2012-05-30,65.41,65.95,65.33,65.44,9980444,WMT
2012-05-31,65.4,66.66,65.38,65.82,16771273,WMT
2012-06-01,65.43,65.88,65.13,65.55,15302052,WMT
2012-06-04,65.9,66.13,65.4,65.99,13877773,WMT
2012-06-05,65.74,65.9,65.43,65.5,9341251,WMT
2012-06-06,65.6,65.97,65.46,65.93,10847071,WMT
2012-06-07,66.08,66.08,65.78,65.87,12547088,WMT
2012-06-08,66.19,68.23,66.08,68.22,18012544,WMT
2012-06-11,68.39,68.48,67.47,67.53,10493601,WMT
2012-06-12,67.67,67.85,67.3,67.72,8988074,WMT
2012-06-13,67.59,67.75,66.96,67.07,10748883,WMT
2012-06-14,67.1,67.79,67.09,67.63,9995384,WMT
2012-06-15,68.05,68.06,67.59,67.75,12751217,WMT
2012-06-18,67.47,68.28,67.43,68.12,7553498,WMT
2012-06-19,68.09,68.25,67.7,67.81,7906200,WMT
2012-06-20,67.86,68.54,67.78,68.52,8990501,WMT
2012-06-21,68.49,68.66,67.68,67.7,9843620,WMT
2012-06-22,68.09,68.35,67.19,67.3,11405910,WMT
2012-06-25,67.06,68.23,67.06,68.18,11830506,WMT
2012-06-26,68.48,68.92,68.25,68.58,10812968,WMT
2012-06-27,68.59,68.75,68.26,68.59,8798110,WMT
2012-06-28,67.92,68.34,67.49,68.3,8578654,WMT
2012-06-29,68.94,69.72,68.56,69.72,10672501,WMT
2012-07-02,69.6,69.95,69.15,69.35,10426433,WMT
2012-07-03,69.65,70.77,69.3,70.75,9394728,WMT
2012-07-05,70.37,71.3,70.37,71.08,12444784,WMT
2012-07-06,70.73,71.36,70.73,71.36,8009238,WMT
2012-07-09,71.26,71.76,71.02,71.76,11150896,WMT
2012-07-10,71.93,72.58,71.64,72.11,13331910,WMT
2012-07-11,72.13,72.44,71.78,72.26,12244489,WMT
2012-07-12,72.07,72.62,71.64,72.31,10195703,WMT
2012-07-13,72.27,73.24,72.15,73.18,8180028,WMT
2012-07-16,72.92,73.18,72.58,72.98,8084253,WMT
2012-07-17,72.9,73.1,72.31,73.1,12176401,WMT
2012-07-18,72.89,73.46,72.72,72.85,9495239,WMT
2012-07-19,72.85,72.86,70.23,71.53,16878096,WMT
2012-07-20,71.46,72.49,71.31,72.25,11053660,WMT
2012-07-23,71.62,71.99,71.26,71.85,6657500,WMT
2012-07-24,71.68,72.24,71.45,72.14,7476793,WMT
2012-07-25,72.26,72.46,71.87,72.08,6981820,WMT
2012-07-26,72.7,73.95,72.69,73.67,8192305,WMT
2012-07-27,73.84,74.8,73.79,74.52,10861477,WMT
2012-07-30,74.46,75.24,74.45,74.98,9145564,WMT
2012-07-31,74.76,74.98,74.43,74.43,8324855,WMT
2012-08-01,74.7,74.79,73.42,73.62,9700483,WMT
2012-08-02,73.05,74.16,72.94,74.05,8094983,WMT
2012-08-03,74.74,74.96,74.25,74.55,8739975,WMT
2012-08-06,74.92,74.92,74.28,74.28,6118087,WMT
2012-08-07,74.41,74.6,73.97,73.99,7619183,WMT
2012-08-08,73.65,74.51,73.43,74.31,6578253,WMT
2012-08-09,74.28,74.52,73.76,73.85,5284869,WMT
2012-08-10,73.85,74.25,73.43,73.68,5644200,WMT
2012-08-13,73.41,73.69,73.18,73.4,6300955,WMT
2012-08-14,73.84,74.27,73.57,74.01,7242043,WMT
2012-08-15,73.91,74.52,73.82,74.45,7777057,WMT
2012-08-16,72.58,72.75,71.78,72.15,17815957,WMT
2012-08-17,72.41,72.69,71.84,71.99,9737208,WMT
2012-08-20,72.01,72.41,71.66,72.3,5548680,WMT
2012-08-21,72.3,72.34,71.43,71.43,7634447,WMT
2012-08-22,71.35,71.85,71.35,71.77,6660918,WMT
2012-08-23,71.8,71.94,71.4,71.56,6005104,WMT
2012-08-24,71.39,72.2,71.35,72.11,5190045,WMT
2012-08-27,72.17,72.79,72.08,72.5,5766925,WMT
2012-08-28,72.18,72.71,72.16,72.41,4822640,WMT
2012-08-29,72.61,73.02,72.43,72.77,4230702,WMT
2012-08-30,72.63,72.75,72.15,72.25,5237171,WMT
2012-08-31,72.59,72.94,72.36,72.6,5885128,WMT
2012-09-04,73.15,73.84,72.57,73.51,8524073,WMT
2012-09-05,73.86,73.95,73.37,73.55,7964050,WMT
2012-09-06,73.98,74.81,73.84,74.81,6508417,WMT
2012-09-07,74.7,74.8,73.5,73.82,6621361,WMT
2012-09-10,73.89,74.12,73.5,73.51,6500024,WMT
2012-09-11,73.72,74.42,73.55,74.06,5291432,WMT
2012-09-12,74.06,74.35,73.75,74.07,4298218,WMT
2012-09-13,73.95,75.19,73.95,75.14,7407423,WMT
2012-09-14,74.84,74.99,74.26,74.5,8536755,WMT
2012-09-17,74.36,74.68,73.87,73.99,6854573,WMT
2012-09-18,73.85,74.17,73.68,73.95,5307165,WMT
2012-09-19,74.25,74.63,73.99,74.37,5655810,WMT
2012-09-20,74.32,74.82,74.32,74.75,4523104,WMT
2012-09-21,74.96,75.09,74.33,74.45,10566195,WMT
2012-09-24,74.2,74.96,74.18,74.74,4413649,WMT
2012-09-25,74.91,75.05,74.26,74.26,6424717,WMT
2012-09-26,74.16,74.84,74.14,74.19,4805094,WMT
2012-09-27,74.37,74.5,73.83,73.98,5390064,WMT
2012-09-28,73.86,74.06,73.42,73.8,6022141,WMT
2012-10-01,73.8,74.49,73.8,74.05,4662439,WMT
2012-10-02,73.98,74.36,73.63,73.75,4236483,WMT
2012-10-03,74.03,74.75,73.75,74.2,8164663,WMT
2012-10-04,74.51,75.01,74.51,74.72,5000834,WMT
2012-10-05,74.94,75.5,74.89,75.13,5205048,WMT
2012-10-08,75.16,75.55,75.06,75.25,4546029,WMT
2012-10-09,75.16,75.38,74.13,74.14,8308472,WMT
2012-10-10,74.65,76.81,74.64,75.42,19365359,WMT
2012-10-11,76.6,76.61,74.95,75.01,8328300,WMT
2012-10-12,75.42,76.04,75.3,75.81,8029491,WMT
2012-10-15,75.87,77.35,75.56,77.15,9669944,WMT
2012-10-16,77.6,77.6,76.69,76.91,6310100,WMT
2012-10-17,77.33,77.5,76.48,77.03,7494420,WMT
2012-10-18,77.02,77.23,76.16,76.56,7325645,WMT
2012-10-19,76.58,76.71,75.43,75.62,6943122,WMT
2012-10-22,75.68,75.78,75.09,75.65,5425592,WMT
2012-10-23,75.05,75.49,74.51,74.76,5834454,WMT
2012-10-24,74.93,75.0,74.52,74.82,4583192,WMT
2012-10-25,75.3,75.5,74.89,75.32,4432845,WMT
2012-10-26,75.2,75.42,74.68,75.11,4446862,WMT
2012-10-31,75.25,75.68,74.13,75.02,6551202,WMT
2012-11-01,75.13,75.16,73.15,73.45,12944822,WMT
2012-11-02,73.46,73.57,72.71,72.77,8564725,WMT
2012-11-05,72.66,73.2,72.65,73.14,4767665,WMT
2012-11-06,73.17,74.28,73.13,73.76,5334832,WMT
2012-11-07,73.42,73.9,72.85,73.11,6812187,WMT
2012-11-08,73.01,73.98,72.48,72.48,7137741,WMT
2012-11-09,72.13,72.6,71.92,72.31,6891477,WMT
2012-11-12,72.27,72.6,71.9,72.48,4383362,WMT
2012-11-13,71.97,72.3,71.18,71.81,8977793,WMT
2012-11-14,71.86,72.0,71.08,71.31,9113735,WMT
2012-11-15,69.66,69.69,67.85,68.72,23049900,WMT
2012-11-16,68.59,68.69,67.88,68.03,12257705,WMT
2012-11-19,68.15,69.13,67.66,69.02,12835693,WMT
2012-11-20,69.24,69.24,68.45,69.0,9394898,WMT
2012-11-21,68.86,69.06,68.68,68.89,7042828,WMT
2012-11-23,69.34,70.24,68.88,70.2,5134879,WMT
2012-11-26,70.13,70.23,69.45,69.91,9073247,WMT
2012-11-27,69.9,70.17,69.45,69.5,7382282,WMT
2012-11-28,69.46,70.81,69.29,70.56,10496319,WMT
2012-11-29,70.48,71.04,70.13,70.83,9620710,WMT
2012-11-30,70.97,72.12,70.85,72.02,12490763,WMT
2012-12-03,72.11,72.34,71.34,71.34,9088767,WMT
2012-12-04,71.47,72.6,71.45,72.12,12821354,WMT
2012-12-05,71.94,72.02,71.23,71.65,9516891,WMT
2012-12-06,71.67,71.85,71.1,71.59,7166027,WMT
2012-12-07,71.9,72.59,71.85,72.29,7282925,WMT
2012-12-10,72.08,72.34,71.79,72.15,5901502,WMT
2012-12-11,72.25,72.7,70.82,70.89,14596092,WMT
2012-12-12,70.2,70.35,68.91,68.94,23402446,WMT
2012-12-13,69.04,69.36,69.0,69.04,14245821,WMT
2012-12-14,69.05,69.3,68.74,68.75,10502204,WMT
2012-12-17,68.96,69.51,68.89,69.2,10534638,WMT
2012-12-18,69.11,69.66,68.91,69.5,11590380,WMT
2012-12-19,69.43,69.5,68.52,68.52,9973247,WMT
2012-12-20,68.33,69.06,68.17,69.0,9688049,WMT
2012-12-21,68.87,69.16,68.27,68.65,13233501,WMT
2012-12-24,68.51,68.81,68.31,68.57,2905947,WMT
2012-12-26,68.56,68.65,67.73,67.99,6093195,WMT
2012-12-27,68.03,68.42,67.79,68.19,7384128,WMT
2012-12-28,67.91,68.35,67.54,67.61,5514083,WMT
2012-12-31,67.49,68.3,67.37,68.23,7014570,WMT
2013-01-02,68.93,69.24,68.45,69.24,10392526,WMT
2013-01-03,69.25,69.35,68.38,68.8,8910586,WMT
2013-01-04,68.73,69.18,68.34,69.06,6438374,WMT
2013-01-07,68.83,68.92,68.12,68.4,6201396,WMT
2013-01-08,68.28,68.89,68.21,68.59,5868477,WMT
2013-01-09,68.66,68.71,68.22,68.57,5056117,WMT
2013-01-10,68.66,69.03,67.72,68.36,11454308,WMT
2013-01-11,68.6,68.79,68.21,68.63,6224467,WMT
2013-01-14,68.49,68.67,68.11,68.3,5491978,WMT
2013-01-15,68.19,69.24,68.1,68.98,6140818,WMT
2013-01-16,68.94,69.37,68.89,69.21,4917813,WMT
2013-01-17,69.3,69.32,68.71,68.85,7233549,WMT
2013-01-18,68.85,69.2,68.85,69.2,7814762,WMT
2013-01-22,69.05,69.65,68.96,69.58,5747934,WMT
2013-01-23,69.39,69.64,69.15,69.49,6365566,WMT
2013-01-24,69.65,69.99,69.35,69.79,9139502,WMT
2013-01-25,69.91,70.0,68.93,69.0,7969234,WMT
2013-01-28,69.08,69.5,68.8,69.35,7054721,WMT
2013-01-29,69.21,70.2,69.2,69.89,9560861,WMT
2013-01-30,70.12,70.12,69.5,69.75,7022025,WMT
2013-01-31,69.69,70.44,69.69,69.95,7019560,WMT
2013-02-01,70.11,70.54,69.95,70.49,6450100,WMT
2013-02-04,69.44,69.9,69.13,69.63,10759453,WMT
2013-02-05,69.87,71.08,69.76,70.77,10526699,WMT
2013-02-06,70.48,71.32,70.3,71.31,9757882,WMT
2013-02-07,71.44,71.64,70.9,71.23,8306834,WMT
2013-02-08,71.2,71.64,71.07,71.48,5906823,WMT
2013-02-11,71.25,71.51,70.53,71.4,6202534,WMT
2013-02-12,71.49,71.66,71.1,71.4,4762281,WMT
2013-02-13,71.29,71.7,71.21,71.39,3969807,WMT
2013-02-14,71.1,71.23,70.76,70.82,6820952,WMT
2013-02-15,69.54,70.0,68.13,69.3,25689976,WMT
2013-02-19,69.19,69.45,68.54,68.76,14683422,WMT
2013-02-20,68.72,69.85,68.3,69.21,11975845,WMT
2013-02-21,70.0,71.47,69.72,70.26,20426183,WMT
2013-02-22,70.22,70.54,69.89,70.4,9169560,WMT
2013-02-25,70.5,71.34,70.44,70.44,11819690,WMT
2013-02-26,70.69,71.39,70.61,71.11,10558487,WMT
2013-02-27,70.92,71.96,70.58,71.66,8820357,WMT
2013-02-28,71.59,71.88,70.78,70.78,18888667,WMT
2013-03-01,70.78,71.9,70.78,71.74,8902516,WMT
2013-03-04,71.52,73.26,71.51,73.26,10567654,WMT
2013-03-05,73.47,74.04,72.99,73.72,9142337,WMT
2013-03-06,73.75,74.13,73.25,73.38,7152681,WMT
2013-03-07,73.49,73.61,73.2,73.32,6689131,WMT
2013-03-08,73.3,73.39,72.84,73.03,5744563,WMT
2013-03-11,73.09,73.24,72.81,72.98,5149550,WMT
2013-03-12,72.95,73.9,72.84,73.6,8156386,WMT
2013-03-13,73.89,74.2,73.54,73.65,5329215,WMT
2013-03-14,73.87,74.0,73.13,73.22,6353699,WMT
2013-03-15,73.01,73.5,72.44,72.5,17206784,WMT
2013-03-18,72.29,72.73,72.01,72.25,5771090,WMT
2013-03-19,72.42,72.87,72.19,72.45,5753133,WMT
2013-03-20,72.81,73.38,72.74,72.99,6320278,WMT
2013-03-21,72.87,73.47,72.85,73.13,5507143,WMT
2013-03-22,73.35,74.29,73.29,74.28,7325411,WMT
2013-03-25,74.14,75.11,74.12,74.85,10438663,WMT
2013-03-26,74.93,75.09,74.43,74.77,6642458,WMT
2013-03-27,74.31,74.96,74.24,74.78,5970553,WMT
2013-03-28,74.84,74.97,74.38,74.83,7370039,WMT
2013-04-01,75.0,75.93,74.9,75.43,8416097,WMT
2013-04-02,75.55,76.05,75.42,76.02,6642761,WMT
2013-04-03,76.31,76.68,75.72,76.0,7454422,WMT
2013-04-04,75.96,76.58,75.96,76.2,7508815,WMT
2013-04-05,75.55,76.41,75.43,76.39,5880369,WMT
2013-04-08,76.1,77.44,75.83,77.29,8075557,WMT
2013-04-09,77.24,78.46,77.02,78.12,8669956,WMT
2013-04-10,78.28,78.38,77.37,77.37,8599089,WMT
2013-04-11,77.36,78.37,77.27,77.79,7129997,WMT
2013-04-12,77.63,78.85,77.58,78.56,6338065,WMT
2013-04-15,78.44,79.28,78.43,78.47,8556116,WMT
2013-04-16,78.23,78.86,78.03,78.68,6854946,WMT
2013-04-17,78.53,79.07,78.11,78.51,7248836,WMT
2013-04-18,78.76,79.05,76.61,77.16,14219475,WMT
2013-04-19,77.5,78.44,77.4,78.29,7843883,WMT
2013-04-22,78.29,78.44,77.5,77.97,5162577,WMT
2013-04-23,78.11,79.22,78.05,79.09,6663451,WMT
2013-04-24,79.23,79.5,77.92,78.03,8084145,WMT
2013-04-25,78.18,78.83,77.88,78.65,5734370,WMT
2013-04-26,78.58,79.15,78.57,79.04,5923528,WMT
2013-04-29,79.08,79.25,78.15,78.39,6157908,WMT
2013-04-30,78.28,78.3,77.37,77.72,7970243,WMT
2013-05-01,77.85,78.66,77.69,78.06,6260681,WMT
2013-05-02,77.91,78.49,77.8,78.46,4520564,WMT
2013-05-03,78.92,79.34,78.9,79.25,5605083,WMT
2013-05-06,79.1,79.16,78.77,78.83,4807303,WMT
2013-05-07,79.1,79.14,78.77,78.83,6572201,WMT
2013-05-08,78.56,78.66,77.78,78.25,8010645,WMT
2013-05-09,78.31,78.96,77.9,78.4,6516841,WMT
2013-05-10,78.47,78.91,78.28,78.89,5831224,WMT
2013-05-13,78.8,78.94,77.92,78.5,7714538,WMT
2013-05-14,77.98,78.86,77.67,78.78,10018069,WMT
2013-05-15,78.8,79.96,78.65,79.86,8002558,WMT
2013-05-16,78.1,78.86,77.34,78.5,12129178,WMT
2013-05-17,78.3,78.59,77.4,77.87,10671473,WMT
2013-05-20,77.88,77.9,77.36,77.4,5583000,WMT
2013-05-21,77.62,78.18,77.25,77.39,7484486,WMT
2013-05-22,77.19,77.8,76.75,77.03,9032071,WMT
2013-05-23,76.83,76.94,76.25,76.33,8048141,WMT
2013-05-24,76.32,77.41,76.15,77.31,7589759,WMT
2013-05-28,77.52,78.04,77.06,77.32,6060170,WMT
2013-05-29,77.05,77.05,76.06,76.23,5882206,WMT
2013-05-30,76.49,76.54,75.61,75.63,6228644,WMT
2013-05-31,75.36,75.63,74.82,74.84,9749348,WMT
2013-06-03,75.06,75.8,74.64,75.69,8441954,WMT
2013-06-04,75.77,76.38,75.47,75.94,9344138,WMT
2013-06-05,75.72,75.95,75.07,75.25,6778532,WMT
2013-06-06,75.27,75.74,74.84,75.63,9426122,WMT
2013-06-07,76.38,76.87,76.19,76.33,8348910,WMT
2013-06-10,76.28,76.65,75.66,75.75,6731771,WMT
2013-06-11,75.42,75.83,74.99,75.25,5995362,WMT
2013-06-12,75.47,75.71,74.65,74.84,4731124,WMT
2013-06-13,74.78,75.33,74.56,75.0,7241763,WMT
2013-06-14,74.84,75.27,74.8,74.87,6347232,WMT
2013-06-17,75.0,75.44,74.51,74.95,6481064,WMT
2013-06-18,75.0,75.88,74.8,75.73,6739607,WMT
2013-06-19,75.74,75.96,74.34,74.46,8329317,WMT
2013-06-20,74.5,74.66,73.01,73.03,9071365,WMT
2013-06-21,73.52,74.2,73.26,73.51,14575716,WMT
2013-06-24,73.05,74.79,72.9,74.2,9697215,WMT
2013-06-25,74.27,74.75,73.84,74.37,7221640,WMT
2013-06-26,74.62,75.18,74.54,75.01,5478746,WMT
2013-06-27,75.48,76.11,75.24,75.26,7089475,WMT
2013-06-28,75.11,75.66,74.45,74.49,14555128,WMT
2013-07-01,74.99,75.28,74.1,74.59,6697777,WMT
2013-07-02,74.31,75.68,74.21,74.71,6728501,WMT
2013-07-03,74.41,75.12,74.09,74.76,2325106,WMT
2013-07-05,75.15,75.26,74.41,75.21,5447535,WMT
2013-07-08,75.68,76.77,75.68,76.71,6717093,WMT
2013-07-09,76.96,77.44,76.74,77.03,5273182,WMT
2013-07-10,76.96,77.5,76.45,76.77,5141215,WMT
2013-07-11,77.45,77.75,77.33,77.63,4681427,WMT
2013-07-12,77.61,77.67,77.33,77.63,4462338,WMT
2013-07-15,77.3,77.3,76.7,77.03,4887186,WMT
2013-07-16,76.98,77.45,76.9,77.37,4707604,WMT
2013-07-17,77.62,77.79,77.09,77.2,5351582,WMT
2013-07-18,77.22,77.55,77.01,77.34,4149818,WMT
2013-07-19,77.45,78.17,77.34,78.08,6831261,WMT
2013-07-22,77.89,78.25,77.73,77.87,4159034,WMT
2013-07-23,77.96,78.63,77.8,78.55,5254366,WMT
2013-07-24,78.68,78.69,77.72,78.23,4930310,WMT
2013-07-25,78.05,78.46,77.63,78.01,5920265,WMT
2013-07-26,77.93,78.03,77.1,78.0,5349510,WMT
2013-07-29,77.83,78.26,77.78,77.99,3465300,WMT
2013-07-30,78.21,78.36,77.69,77.89,4533684,WMT
2013-07-31,77.92,78.48,77.73,77.94,6042731,WMT
2013-08-01,78.42,78.67,78.1,78.22,5168733,WMT
2013-08-02,78.25,78.75,78.0,78.75,6133797,WMT
2013-08-05,78.62,79.0,78.43,78.77,3906060,WMT
2013-08-06,78.56,78.57,77.56,77.87,6701069,WMT
2013-08-07,77.16,77.63,76.62,77.37,5819994,WMT
2013-08-08,77.51,77.89,76.93,77.25,4474679,WMT
2013-08-09,77.21,77.32,76.77,76.9,5765133,WMT
2013-08-12,76.56,77.39,76.49,77.08,5787049,WMT
2013-08-13,77.17,77.25,76.22,76.86,6380970,WMT
2013-08-14,76.81,77.22,76.24,76.4,6820098,WMT
2013-08-15,74.46,75.08,74.03,74.41,13221821,WMT
2013-08-16,74.12,74.5,73.7,74.11,7254895,WMT
2013-08-19,73.88,73.93,73.21,73.58,5364944,WMT
2013-08-20,73.55,73.62,73.2,73.23,6663009,WMT
2013-08-21,73.16,74.13,72.93,73.55,8077861,WMT
2013-08-22,73.81,74.04,73.24,73.46,3947992,WMT
2013-08-23,73.65,73.75,73.03,73.44,5475169,WMT
2013-08-26,73.64,73.75,73.03,73.03,5358106,WMT
2013-08-27,72.68,73.11,72.51,72.86,5787635,WMT
2013-08-28,72.66,72.86,72.27,72.38,5609965,WMT
2013-08-29,72.35,72.88,72.23,72.43,4088193,WMT
2013-08-30,72.64,73.07,72.58,72.98,6066164,WMT
2013-09-03,73.48,73.58,72.54,72.68,7156986,WMT
2013-09-04,72.7,73.12,72.45,72.91,4669890,WMT
2013-09-05,72.84,73.48,72.62,72.67,4680482,WMT
2013-09-06,72.7,73.16,72.19,72.59,5790232,WMT
2013-09-09,72.85,73.65,72.7,73.51,5527130,WMT
2013-09-10,73.66,74.21,73.57,73.96,6846286,WMT
2013-09-11,74.0,74.24,73.66,74.05,5310933,WMT
2013-09-12,74.18,74.52,73.77,73.91,5261800,WMT
2013-09-13,74.13,74.4,73.98,74.36,4020403,WMT
2013-09-16,74.9,75.19,74.69,74.78,4212240,WMT
2013-09-17,74.84,75.47,74.79,75.15,4293020,WMT
2013-09-18,75.16,76.53,74.9,76.42,6919276,WMT
2013-09-19,76.5,76.53,75.62,76.21,7109721,WMT
2013-09-20,76.32,76.45,75.83,75.83,8855283,WMT
2013-09-23,75.39,76.43,75.2,76.42,5604943,WMT
2013-09-24,76.4,76.73,75.68,75.75,6874782,WMT
2013-09-25,75.91,75.94,73.56,74.65,14997895,WMT
2013-09-26,74.78,74.98,74.22,74.62,5078084,WMT
2013-09-27,74.38,74.46,74.07,74.36,4215371,WMT
2013-09-30,74.28,74.6,73.74,73.96,6752482,WMT
2013-10-01,73.87,73.89,73.32,73.59,5683089,WMT
2013-10-02,73.39,73.72,73.04,73.72,7376363,WMT
2013-10-03,73.53,73.53,72.95,73.16,7179614,WMT
2013-10-04,73.01,73.38,72.79,72.8,5747662,WMT
2013-10-07,72.42,72.42,71.51,71.87,6886395,WMT
2013-10-08,71.85,73.19,71.8,72.9,9224177,WMT
2013-10-09,72.83,73.34,72.57,73.0,6472436,WMT
2013-10-10,73.48,74.87,73.27,74.79,7680163,WMT
2013-10-11,74.61,74.83,73.83,74.82,6529172,WMT
2013-10-14,74.34,74.71,73.75,74.68,5904038,WMT
2013-10-15,74.43,75.37,73.99,74.37,8993268,WMT
2013-10-16,74.81,75.62,74.57,75.6,5914521,WMT
2013-10-17,75.49,76.12,71.69,75.78,6395186,WMT
2013-10-18,75.8,75.93,75.48,75.71,6788695,WMT
2013-10-21,75.72,75.82,74.82,75.15,5364144,WMT
2013-10-22,75.43,76.49,75.21,76.32,6953746,WMT
2013-10-23,76.18,76.35,75.81,75.9,5870080,WMT
2013-10-24,76.03,76.51,75.82,76.42,5864265,WMT
2013-10-25,76.37,76.76,75.78,76.08,6461888,WMT
2013-10-28,76.16,77.21,76.05,77.14,7032415,WMT
2013-10-29,77.25,77.63,76.75,77.06,7437557,WMT
2013-10-30,77.27,77.52,76.56,76.91,4645994,WMT
2013-10-31,76.88,77.15,76.6,76.75,4612369,WMT
2013-11-01,76.97,77.4,76.59,77.07,5116130,WMT
2013-11-04,77.22,77.65,77.2,77.33,4704244,WMT
2013-11-05,76.81,77.61,76.72,77.42,5092603,WMT
2013-11-06,77.64,78.28,77.3,78.16,4829209,WMT
2013-11-07,78.19,78.22,77.24,77.51,8347756,WMT
2013-11-08,77.49,77.96,76.79,77.96,5793894,WMT
2013-11-11,77.86,79.07,77.79,79.01,7450486,WMT
2013-11-12,78.85,78.97,78.25,78.71,5274506,WMT
2013-11-13,78.42,78.99,78.35,78.9,8289973,WMT
2013-11-14,77.75,79.53,77.68,79.08,9306044,WMT
2013-11-15,78.93,79.29,78.75,79.22,5917004,WMT
2013-11-18,79.23,79.32,78.91,79.22,5962661,WMT
2013-11-19,79.3,79.35,78.88,79.25,4455005,WMT
2013-11-20,79.31,79.39,78.49,78.9,4511312,WMT
2013-11-21,78.74,79.2,78.55,78.86,3840986,WMT
2013-11-22,78.87,79.87,78.75,79.81,4818619,WMT
2013-11-25,80.06,80.57,79.91,80.43,5670506,WMT
2013-11-26,80.44,80.68,80.11,80.68,5538136,WMT
2013-11-27,80.55,81.0,80.38,80.93,4813288,WMT
2013-11-29,81.17,81.35,80.82,81.01,3447212,WMT
2013-12-02,80.89,81.28,80.37,81.11,6178477,WMT
2013-12-03,81.21,81.33,80.7,81.21,7513346,WMT
2013-12-04,80.64,81.37,79.91,80.22,7641631,WMT
2013-12-05,79.72,79.77,78.87,79.44,6449952,WMT
2013-12-06,79.71,80.23,79.64,79.94,5088055,WMT
2013-12-09,80.25,80.43,79.7,79.95,4491843,WMT
2013-12-10,79.72,79.8,79.05,79.08,6285736,WMT
2013-12-11,79.1,79.72,79.05,79.09,5998765,WMT
2013-12-12,79.11,79.26,78.4,78.5,5691583,WMT
2013-12-13,78.76,78.77,77.93,78.08,4985885,WMT
2013-12-16,78.28,78.5,77.6,77.74,6146898,WMT
2013-12-17,77.72,77.89,77.22,77.25,5766928,WMT
2013-12-18,77.28,77.98,76.81,77.94,10633938,WMT
2013-12-19,77.66,77.83,77.2,77.24,5955433,WMT
2013-12-20,77.33,77.88,77.25,77.43,9568816,WMT
2013-12-23,77.73,77.99,77.37,77.87,4491918,WMT
2013-12-24,77.95,78.24,77.63,78.01,2094937,WMT
2013-12-26,78.06,78.52,77.97,78.39,2778189,WMT
2013-12-27,78.6,78.93,78.3,78.47,3050104,WMT
2013-12-30,78.61,78.88,78.43,78.63,3086473,WMT
2013-12-31,78.66,78.87,78.35,78.69,3859089,WMT
2014-01-02,78.72,79.47,78.5,78.91,6911859,WMT
2014-01-03,78.81,79.13,78.52,78.65,4958031,WMT
2014-01-06,78.86,78.91,77.79,78.21,7281948,WMT
2014-01-07,78.17,78.85,77.92,78.45,5013309,WMT
2014-01-08,78.5,78.51,77.6,77.83,5972916,WMT
2014-01-09,78.39,78.4,77.49,78.09,5925044,WMT
2014-01-10,78.31,78.72,77.54,78.04,5191635,WMT
2014-01-13,77.6,77.97,77.24,77.49,6180103,WMT
2014-01-14,77.46,78.0,77.38,77.96,4127877,WMT
2014-01-15,77.96,78.1,77.57,77.66,4995422,WMT
2014-01-16,77.39,77.47,76.35,76.76,7208888,WMT
2014-01-17,76.73,76.82,76.03,76.19,11446726,WMT
2014-01-21,76.25,76.39,74.86,75.84,9012385,WMT
2014-01-22,76.08,76.08,75.03,75.35,5879735,WMT
2014-01-23,74.84,75.12,74.47,74.96,6019150,WMT
2014-01-24,74.73,75.12,74.23,74.42,9455979,WMT
2014-01-27,74.13,74.37,73.83,74.15,9105139,WMT
2014-01-28,74.26,75.4,74.1,74.67,6035231,WMT
2014-01-29,75.29,75.37,74.07,74.1,8440854,WMT
2014-01-30,74.54,75.09,74.36,74.75,6742046,WMT
2014-01-31,73.92,75.19,73.64,74.68,10665285,WMT
2014-02-03,74.19,74.5,72.54,72.66,10435809,WMT
2014-02-04,72.67,73.1,72.3,72.73,7765562,WMT
2014-02-05,72.27,73.16,72.27,72.87,4778044,WMT
2014-02-06,72.97,73.21,72.5,72.82,7353131,WMT
2014-02-07,73.05,73.8,72.5,73.75,7320252,WMT
2014-02-10,73.59,73.76,72.96,73.76,6236787,WMT
2014-02-11,73.9,74.85,73.67,74.8,6712699,WMT
2014-02-12,74.22,75.18,74.22,74.96,5372947,WMT
2014-02-13,74.68,75.49,74.56,75.36,5275177,WMT
2014-02-14,75.4,75.98,75.1,75.79,4920591,WMT
2014-02-18,75.49,75.65,74.86,75.33,5994299,WMT
2014-02-19,75.01,75.32,74.41,74.85,8145148,WMT
2014-02-20,73.05,74.0,72.81,73.52,13103284,WMT
2014-02-21,73.19,73.4,72.82,73.12,8971032,WMT
2014-02-24,73.24,73.82,73.14,73.35,7326672,WMT
2014-02-25,73.18,73.74,73.09,73.35,9500619,WMT
2014-02-26,73.94,75.1,73.79,74.78,9027834,WMT
2014-02-27,74.78,74.78,74.09,74.56,5456591,WMT
2014-02-28,74.48,75.19,74.2,74.7,7445309,WMT
2014-03-03,74.49,74.67,73.82,74.12,5349225,WMT
2014-03-04,74.77,75.49,74.66,75.13,7549037,WMT
2014-03-05,75.32,75.33,74.58,74.8,5526031,WMT
2014-03-06,74.86,75.11,74.51,74.88,5107196,WMT
2014-03-07,74.96,74.96,74.36,74.58,5054617,WMT
2014-03-10,74.52,74.6,74.05,74.43,4844541,WMT
2014-03-11,74.72,74.97,74.2,74.92,9036284,WMT
2014-03-12,74.84,75.75,74.82,75.53,8637988,WMT
2014-03-13,75.71,76.18,74.91,74.93,5824463,WMT
2014-03-14,74.67,75.07,74.27,74.28,6619016,WMT
2014-03-17,74.3,74.85,74.01,74.68,5783947,WMT
2014-03-18,74.66,74.99,74.45,74.77,3943802,WMT
2014-03-19,74.56,75.11,74.02,74.38,5761073,WMT
2014-03-20,74.02,75.68,73.86,75.38,8637512,WMT
2014-03-21,75.89,77.02,75.45,76.1,17180931,WMT
2014-03-24,76.21,76.8,76.11,76.76,7279659,WMT
2014-03-25,76.88,77.14,76.16,76.87,7389784,WMT
2014-03-26,77.08,77.52,76.23,76.23,7736520,WMT
2014-03-27,76.38,76.82,76.04,76.14,5596634,WMT
2014-03-28,76.26,76.6,75.77,76.01,5871101,WMT
2014-03-31,76.35,76.78,76.02,76.43,4695643,WMT
2014-04-01,76.76,77.25,76.54,76.77,5770037,WMT
2014-04-02,76.58,77.19,76.34,77.18,6078086,WMT
2014-04-03,77.2,77.55,77.0,77.46,6045985,WMT
2014-04-04,77.58,77.9,77.25,77.31,6769289,WMT
2014-04-07,77.23,77.72,77.09,77.31,7680807,WMT
2014-04-08,77.09,78.31,76.8,78.18,7498660,WMT
2014-04-09,78.2,78.22,77.28,77.97,6877819,WMT
2014-04-10,77.95,78.14,76.65,76.89,7599640,WMT
2014-04-11,76.78,77.23,76.29,76.5,7978971,WMT
2014-04-14,76.94,77.55,76.79,77.38,5375940,WMT
2014-04-15,77.03,77.31,76.44,76.88,6929329,WMT
2014-04-16,77.31,77.46,77.03,77.22,5036770,WMT
2014-04-17,77.08,77.75,77.08,77.66,6964745,WMT
2014-04-21,77.41,77.73,77.18,77.6,4595096,WMT
2014-04-22,77.52,77.82,77.39,77.56,6465465,WMT
2014-04-23,77.82,78.28,77.57,78.04,5806189,WMT
2014-04-24,78.17,78.47,77.7,78.31,4354918,WMT
2014-04-25,78.31,78.78,78.02,78.62,5396525,WMT
2014-04-28,78.86,79.98,78.83,79.76,9598676,WMT
2014-04-29,79.84,79.87,79.57,79.67,4695718,WMT
2014-04-30,79.59,79.93,79.51,79.71,6111791,WMT
2014-05-01,79.73,79.73,79.16,79.7,5098328,WMT
2014-05-02,79.6,79.76,79.01,79.12,5620034,WMT
2014-05-05,78.86,78.95,78.5,78.62,4590956,WMT
2014-05-06,78.33,78.39,77.96,78.01,5638910,WMT
2014-05-07,77.85,78.1,77.53,77.96,6086214,WMT
2014-05-08,78.0,78.83,78.0,78.69,4820639,WMT
2014-05-09,78.52,79.28,78.52,79.2,4896368,WMT
2014-05-12,78.95,79.23,78.65,79.15,5999823,WMT
2014-05-13,79.17,79.37,78.99,79.14,4363735,WMT
2014-05-14,79.05,79.05,78.07,78.74,5608286,WMT
2014-05-15,76.28,77.44,76.25,76.83,13035789,WMT
2014-05-16,77.0,77.38,76.65,77.01,7244131,WMT
2014-05-19,77.11,77.13,76.5,76.61,6131274,WMT
2014-05-20,76.36,76.37,75.52,75.69,7441355,WMT
2014-05-21,75.94,75.96,75.27,75.66,5704092,WMT
2014-05-22,75.79,75.92,75.24,75.39,5243663,WMT
2014-05-23,75.56,75.75,75.43,75.61,3703626,WMT
2014-05-27,75.71,75.81,75.29,75.59,5379301,WMT
2014-05-28,75.38,75.94,75.34,75.53,5036879,WMT
2014-05-29,75.67,76.19,75.57,75.98,4003511,WMT
2014-05-30,76.06,76.81,76.01,76.77,5974016,WMT
2014-06-02,76.58,77.11,76.47,76.76,4395340,WMT
2014-06-03,76.74,76.97,76.36,76.71,7213733,WMT
2014-06-04,76.6,77.3,76.53,77.13,6199894,WMT
2014-06-05,77.05,77.44,76.87,77.32,4695821,WMT
2014-06-06,77.46,77.59,77.07,77.21,4195073,WMT
2014-06-09,77.07,77.76,76.7,77.01,5552326,WMT
2014-06-10,76.81,76.94,76.51,76.62,3365665,WMT
2014-06-11,76.55,76.74,76.05,76.16,4463301,WMT
2014-06-12,76.05,76.19,75.58,75.73,5336596,WMT
2014-06-13,75.67,75.76,75.12,75.28,4981452,WMT
2014-06-16,75.11,75.48,75.02,75.34,3846878,WMT
2014-06-17,75.29,75.42,74.92,74.99,6544215,WMT
2014-06-18,75.04,75.96,74.92,75.7,6740696,WMT
2014-06-19,75.88,76.28,75.8,75.87,5255313,WMT
2014-06-20,76.16,76.17,75.12,75.68,11335802,WMT
2014-06-23,75.56,75.94,75.3,75.79,4276034,WMT
2014-06-24,76.03,76.21,75.68,75.97,5659196,WMT
2014-06-25,75.76,75.84,75.28,75.62,4318156,WMT
2014-06-26,75.52,75.61,74.7,74.91,6922337,WMT
2014-06-27,74.8,75.38,74.67,75.34,13960847,WMT
2014-06-30,75.4,75.69,74.94,75.07,6666648,WMT
2014-07-01,75.27,75.42,74.75,75.28,6604504,WMT
2014-07-02,75.26,75.9,75.25,75.62,4366772,WMT
2014-07-03,75.61,76.05,75.52,75.75,2873959,WMT
2014-07-07,75.69,76.21,75.55,76.07,5027994,WMT
2014-07-08,76.09,76.98,76.03,76.65,7960476,WMT
2014-07-09,76.77,77.33,76.62,77.21,6240126,WMT
2014-07-10,76.91,77.57,76.91,77.06,5372478,WMT
2014-07-11,76.87,76.97,76.56,76.82,4547543,WMT
2014-07-14,77.13,77.25,76.48,76.55,4822869,WMT
2014-07-15,76.56,76.93,76.56,76.84,4686766,WMT
2014-07-16,76.9,77.05,76.7,76.86,3743501,WMT
2014-07-17,76.58,77.05,76.44,76.61,4630252,WMT
2014-07-18,76.62,77.1,76.51,77.09,4913346,WMT
2014-07-21,76.76,76.91,76.48,76.77,3457586,WMT
2014-07-22,76.84,76.89,76.4,76.64,4383167,WMT
2014-07-23,76.63,77.06,76.59,76.99,3994349,WMT
2014-07-24,76.68,76.79,76.19,76.35,7228303,WMT
2014-07-25,76.19,76.36,75.8,75.97,3948442,WMT
2014-07-28,75.43,75.93,75.36,75.71,5509938,WMT
2014-07-29,75.21,76.01,75.15,75.44,6293487,WMT
2014-07-30,75.88,75.92,74.67,74.78,9985703,WMT
2014-07-31,73.99,74.25,73.54,73.58,9632692,WMT
2014-08-01,73.32,73.88,73.22,73.54,8224426,WMT
2014-08-04,73.38,73.62,73.06,73.54,5402181,WMT
2014-08-05,73.31,73.52,72.77,73.34,10580561,WMT
2014-08-06,73.19,74.29,73.18,74.2,7934785,WMT
2014-08-07,74.34,74.81,73.76,73.95,7053149,WMT
2014-08-08,74.06,74.73,73.85,74.67,4996347,WMT
2014-08-11,74.29,74.6,74.02,74.36,4721351,WMT
2014-08-12,74.31,74.44,74.01,74.22,3928584,WMT
2014-08-13,74.27,74.41,73.51,74.03,6619067,WMT
2014-08-14,73.89,74.43,73.61,74.39,6136444,WMT
2014-08-15,74.65,74.65,73.48,73.9,6942723,WMT
2014-08-18,74.15,74.68,74.05,74.49,4015717,WMT
2014-08-19,74.81,74.94,74.14,74.88,5047957,WMT
2014-08-20,74.83,75.05,74.51,74.96,4898266,WMT
2014-08-21,75.06,75.91,75.0,75.55,5260626,WMT
2014-08-22,75.78,76.2,75.64,75.73,4137761,WMT
2014-08-25,75.93,76.02,75.51,75.69,3393630,WMT
2014-08-26,75.83,76.15,75.44,75.52,4222880,WMT
2014-08-27,75.51,75.86,75.44,75.85,3200426,WMT
2014-08-28,75.47,75.94,75.47,75.9,2928089,WMT
2014-08-29,75.75,75.88,75.29,75.5,5080513,WMT
2014-09-02,75.42,75.94,75.41,75.75,4532422,WMT
2014-09-03,75.95,76.33,75.88,76.01,4709373,WMT
2014-09-04,76.16,76.6,76.11,76.56,5282252,WMT
2014-09-05,76.52,77.73,76.48,77.51,7841819,WMT
2014-09-08,77.13,77.32,76.43,76.53,5946869,WMT
2014-09-09,76.56,77.0,76.17,76.74,5631979,WMT
2014-09-10,76.79,77.08,76.37,76.51,6697057,WMT
2014-09-11,76.35,76.44,76.09,76.1,4985299,WMT
2014-09-12,75.97,76.05,75.66,75.77,5693775,WMT
2014-09-15,75.78,75.89,75.61,75.81,3748478,WMT
2014-09-16,75.64,76.57,75.6,76.32,4109537,WMT
2014-09-17,76.36,76.47,76.01,76.24,4239265,WMT
2014-09-18,76.31,76.58,75.91,76.22,4751711,WMT
2014-09-19,76.45,77.07,76.38,76.84,13323532,WMT
2014-09-22,76.79,76.86,76.25,76.31,4450704,WMT
2014-09-23,76.0,76.22,75.57,75.6,6717115,WMT
2014-09-24,75.73,77.31,75.7,77.08,8434589,WMT
2014-09-25,76.93,77.05,76.12,76.12,4963485,WMT
2014-09-26,76.25,76.57,75.86,76.49,3752888,WMT
2014-09-29,76.06,76.25,75.65,76.08,4959285,WMT
2014-09-30,76.04,76.72,75.77,76.47,5640744,WMT
2014-10-01,76.51,76.86,75.91,76.12,6524863,WMT
2014-10-02,76.21,76.91,75.96,76.23,4929134,WMT
2014-10-03,76.57,77.48,76.53,77.32,5819678,WMT
2014-10-06,77.05,77.92,76.99,77.35,5429677,WMT
2014-10-07,77.03,77.7,76.72,77.3,7059857,WMT
2014-10-08,77.41,78.48,76.81,78.24,8107097,WMT
2014-10-09,78.11,78.83,77.66,77.86,7072744,WMT
2014-10-10,77.93,79.37,77.93,78.29,10078027,WMT
2014-10-13,78.03,78.58,77.45,77.56,8201401,WMT
2014-10-14,77.83,78.63,77.67,77.98,7901051,WMT
2014-10-15,77.58,77.69,74.36,75.2,21057683,WMT
2014-10-16,73.23,74.07,72.61,73.82,14346643,WMT
2014-10-17,74.18,74.5,73.03,74.1,11472069,WMT
2014-10-20,74.14,75.22,73.92,75.14,7040685,WMT
2014-10-21,75.18,76.2,75.01,76.02,8299743,WMT
2014-10-22,76.47,76.66,76.01,76.03,5927620,WMT
2014-10-23,76.37,76.65,75.78,76.25,6367092,WMT
2014-10-24,76.13,76.5,75.5,76.38,4483654,WMT
2014-10-27,76.33,76.98,76.31,76.59,4107391,WMT
2014-10-28,76.63,76.8,76.0,76.35,4979984,WMT
2014-10-29,76.55,76.64,75.97,76.39,5763263,WMT
2014-10-30,76.17,76.6,75.98,76.45,4872414,WMT
2014-10-31,76.89,77.4,76.01,76.27,7570734,WMT
2014-11-03,76.35,76.38,75.59,76.28,6887875,WMT
2014-11-04,76.49,77.37,76.28,77.26,6904853,WMT
2014-11-05,77.87,78.23,77.3,77.7,5673772,WMT
2014-11-06,78.15,78.18,77.17,77.81,4621864,WMT
2014-11-07,77.84,79.08,77.61,78.77,9498782,WMT
2014-11-10,78.6,80.13,78.42,79.44,12640479,WMT
2014-11-11,79.4,79.42,78.85,79.01,5602406,WMT
2014-11-12,78.83,79.44,78.65,79.2,6791218,WMT
2014-11-13,80.96,83.06,80.86,82.94,22812356,WMT
2014-11-14,82.58,83.15,82.1,82.96,10636644,WMT
2014-11-17,82.58,83.72,82.53,83.57,7993427,WMT
2014-11-18,83.5,83.92,83.34,83.79,6096432,WMT
2014-11-19,83.96,85.64,83.92,84.99,12189846,WMT
2014-11-20,84.81,85.29,84.04,84.58,7812733,WMT
2014-11-21,85.34,85.44,84.58,84.65,6649630,WMT
2014-11-24,84.85,85.61,84.77,85.4,7995454,WMT
2014-11-25,85.5,85.51,84.39,84.95,6675451,WMT
2014-11-26,84.9,85.11,84.48,84.98,3943821,WMT
2014-11-28,86.18,88.09,85.9,87.54,7820627,WMT
2014-12-01,86.72,87.07,85.75,86.22,9140937,WMT
2014-12-02,86.27,86.7,85.93,86.4,6766310,WMT
2014-12-03,85.95,86.0,84.68,84.94,6374338,WMT
2014-12-04,84.13,84.82,83.65,84.76,6922353,WMT
2014-12-05,84.81,84.82,83.51,84.12,6570121,WMT
2014-12-08,84.15,84.67,83.85,84.23,6265990,WMT
2014-12-09,83.65,84.21,82.65,83.56,6633610,WMT
2014-12-10,83.93,84.31,82.9,82.98,6973600,WMT
2014-12-11,83.2,84.5,83.16,83.83,8032841,WMT
2014-12-12,83.52,85.0,83.52,83.81,7284128,WMT
2014-12-15,84.26,84.7,83.05,83.94,6317736,WMT
2014-12-16,83.62,84.76,82.94,82.96,7437440,WMT
2014-12-17,83.28,84.26,82.95,84.23,6641024,WMT
2014-12-18,84.8,85.95,84.28,85.94,8645929,WMT
2014-12-19,86.26,86.34,85.16,85.16,12068826,WMT
2014-12-22,85.32,86.4,85.29,86.38,4575752,WMT
2014-12-23,86.69,87.08,86.36,86.66,5552646,WMT
2014-12-24,86.97,87.06,86.39,86.43,2491789,WMT
2014-12-26,86.18,87.14,86.01,86.91,3249266,WMT
2014-12-29,86.46,87.07,86.4,86.64,3605617,WMT
2014-12-30,86.52,87.13,86.48,86.79,3265377,WMT
2014-12-31,87.08,87.44,85.86,85.88,4151386,WMT
2015-01-02,86.27,86.72,85.54,85.9,4501838,WMT
2015-01-05,85.72,86.32,85.51,85.65,6978986,WMT
2015-01-06,85.98,86.75,85.79,86.31,8205145,WMT
2015-01-07,86.78,88.68,86.67,88.6,8498428,WMT
2015-01-08,89.21,90.66,89.07,90.47,12713559,WMT
2015-01-09,90.32,90.39,89.25,89.35,8522505,WMT
2015-01-12,89.36,90.31,89.22,90.02,7372534,WMT
2015-01-13,90.8,90.97,88.93,89.31,8215406,WMT
2015-01-14,87.65,88.52,86.5,86.61,11954333,WMT
2015-01-15,87.0,87.78,86.7,87.38,9412733,WMT
2015-01-16,87.2,87.46,86.23,86.77,8408926,WMT
2015-01-20,86.82,87.7,85.55,86.69,7853065,WMT
2015-01-21,86.1,86.91,85.71,86.64,8174202,WMT
2015-01-22,87.23,88.4,86.86,88.3,7123834,WMT
2015-01-23,88.42,89.26,87.89,88.51,7565786,WMT
2015-01-26,88.31,89.16,88.12,88.63,4666660,WMT
2015-01-27,88.28,88.46,87.26,87.53,6020450,WMT
2015-01-28,88.02,88.23,86.77,86.82,5936775,WMT
2015-01-29,87.07,87.72,86.27,87.72,6522794,WMT
2015-01-30,86.78,87.36,84.9,84.98,10280220,WMT
2015-02-02,84.79,85.87,83.93,85.71,6927168,WMT
2015-02-03,85.83,86.52,85.66,86.19,8283477,WMT
2015-02-04,86.11,87.04,86.0,86.65,8932258,WMT
2015-02-05,87.11,87.36,86.56,87.28,5090777,WMT
2015-02-06,87.26,88.0,86.78,87.33,5617641,WMT
2015-02-09,86.97,87.19,85.64,85.91,5456247,WMT
2015-02-10,86.62,87.41,86.42,87.29,5732061,WMT
2015-02-11,86.63,87.12,85.92,86.34,5853068,WMT
2015-02-12,86.56,86.68,85.23,85.89,6941569,WMT
2015-02-13,85.84,86.16,85.32,85.81,5597012,WMT
2015-02-17,85.43,85.97,84.97,85.96,5087189,WMT
2015-02-18,85.98,86.3,85.52,86.29,6032699,WMT
2015-02-19,84.5,84.8,83.39,83.52,18646754,WMT
2015-02-20,82.73,84.38,82.55,84.3,13840389,WMT
2015-02-23,84.39,84.86,84.23,84.6,6730435,WMT
2015-02-24,84.52,84.82,83.92,84.57,5197741,WMT
2015-02-25,84.63,84.72,83.52,83.57,6808428,WMT
2015-02-26,83.85,83.86,83.27,83.8,5888139,WMT
2015-02-27,83.72,84.16,83.4,83.93,5877422,WMT
2015-03-02,83.89,84.0,83.2,83.96,6061495,WMT
2015-03-03,83.66,83.82,83.17,83.37,6460768,WMT
2015-03-04,83.21,83.21,82.2,82.58,6214421,WMT
2015-03-05,83.15,83.87,82.96,83.57,5997522,WMT
2015-03-06,82.81,83.1,82.38,82.59,5731008,WMT
2015-03-09,82.59,83.34,82.54,82.88,4671505,WMT
2015-03-10,82.27,82.5,82.07,82.07,6311098,WMT
2015-03-11,81.82,81.97,80.54,80.69,6160869,WMT
2015-03-12,80.81,82.12,80.78,81.9,5225826,WMT
2015-03-13,81.95,82.25,81.29,81.9,4762226,WMT
2015-03-16,82.45,83.37,82.44,83.29,6519099,WMT
2015-03-17,82.98,83.01,82.24,82.62,4801973,WMT
2015-03-18,81.98,82.96,81.16,82.53,10252336,WMT
2015-03-19,82.33,82.44,81.37,81.52,7212928,WMT
2015-03-20,81.83,83.49,81.71,83.24,12365307,WMT
2015-03-23,83.18,83.9,83.12,83.31,6505721,WMT
2015-03-24,83.19,83.71,82.96,83.05,5359147,WMT
2015-03-25,83.09,83.25,81.31,81.32,6645873,WMT
2015-03-26,80.93,82.31,80.65,81.89,8267163,WMT
2015-03-27,81.85,82.18,81.24,81.35,5717385,WMT
2015-03-30,81.7,82.8,81.43,82.53,5701696,WMT
2015-03-31,82.39,83.04,82.25,82.25,5587701,WMT
2015-04-01,82.28,82.28,80.43,80.71,8306662,WMT
2015-04-02,80.73,81.32,80.55,80.73,5795731,WMT
2015-04-06,80.46,81.33,80.15,80.99,6380720,WMT
2015-04-07,81.09,81.29,80.46,80.5,6606095,WMT
2015-04-08,80.39,81.23,80.36,81.03,6694715,WMT
2015-04-09,80.84,81.39,80.58,80.84,3923559,WMT
2015-04-10,80.86,81.0,80.55,80.65,5480618,WMT
2015-04-13,80.4,80.92,80.27,80.29,4698111,WMT
2015-04-14,80.29,80.42,79.68,80.15,5531712,WMT
2015-04-15,80.58,80.98,79.65,79.74,6200361,WMT
2015-04-16,79.5,79.89,79.13,79.24,8015088,WMT
2015-04-17,78.94,79.15,77.55,77.88,11822777,WMT
2015-04-20,78.39,78.83,78.02,78.14,8847616,WMT
2015-04-21,78.61,78.84,77.9,78.03,6200236,WMT
2015-04-22,77.73,78.64,77.55,78.43,7594683,WMT
2015-04-23,78.38,79.54,78.2,79.18,7468851,WMT
2015-04-24,79.38,80.93,79.24,79.84,6867845,WMT
2015-04-27,79.77,79.86,79.29,79.37,6449809,WMT
2015-04-28,79.46,79.48,78.77,79.1,4895876,WMT
2015-04-29,78.7,78.78,77.79,77.88,7108407,WMT
2015-04-30,77.83,78.48,77.59,78.05,8795903,WMT
2015-05-01,78.2,78.76,78.17,78.6,5000017,WMT
2015-05-04,78.98,79.54,78.46,79.18,6669210,WMT
2015-05-05,79.01,79.01,78.06,78.13,5855414,WMT
2015-05-06,77.92,78.12,77.17,77.65,5480055,WMT
2015-05-07,77.73,78.34,77.3,78.03,5538289,WMT
2015-05-08,78.6,79.25,78.4,78.53,5347396,WMT
2015-05-11,78.32,78.61,78.03,78.1,3744882,WMT
2015-05-12,78.02,79.48,77.87,78.96,8448963,WMT
2015-05-13,79.18,79.43,77.98,78.16,8421167,WMT
2015-05-14,78.37,78.77,78.02,78.72,6170246,WMT
2015-05-15,78.71,79.25,78.57,79.24,6617173,WMT
2015-05-18,79.37,79.94,79.16,79.92,8300267,WMT
2015-05-19,78.18,78.36,76.23,76.43,22458581,WMT
2015-05-20,76.48,76.5,75.83,75.9,10541876,WMT
2015-05-21,75.8,76.42,75.56,76.11,6756162,WMT
2015-05-22,76.2,76.38,75.86,75.86,6815006,WMT
2015-05-26,75.77,75.83,74.82,74.9,10573616,WMT
2015-05-27,75.07,75.51,75.0,75.19,6987068,WMT
2015-05-28,75.07,75.16,74.65,74.84,5025471,WMT
2015-05-29,74.82,74.88,74.15,74.27,6375067,WMT
2015-06-01,74.69,75.08,74.41,74.73,5646037,WMT
2015-06-02,74.54,75.0,74.42,74.53,5797834,WMT
2015-06-03,74.7,75.2,74.48,74.89,6093825,WMT
2015-06-04,74.46,74.98,73.95,74.15,8982797,WMT
2015-06-05,74.17,74.27,72.98,73.06,10635085,WMT
2015-06-08,73.43,73.49,72.6,72.61,9592958,WMT
2015-06-09,72.7,72.85,72.36,72.47,8335572,WMT
2015-06-10,72.71,73.33,72.34,72.93,11215817,WMT
2015-06-11,73.23,73.67,72.84,72.94,7419959,WMT
2015-06-12,72.74,72.9,72.4,72.43,7246589,WMT
2015-06-15,72.2,72.4,71.7,71.93,7566777,WMT
2015-06-16,72.22,72.58,71.72,72.35,6215625,WMT
2015-06-17,72.63,72.9,72.34,72.73,5703861,WMT
2015-06-18,72.74,73.48,72.74,72.98,8376621,WMT
2015-06-19,72.8,73.22,72.7,72.74,14550688,WMT
2015-06-22,72.98,73.19,72.7,72.79,6489463,WMT
2015-06-23,72.89,72.94,72.34,72.57,7876315,WMT
2015-06-24,72.56,72.65,72.14,72.38,7338351,WMT
2015-06-25,72.45,72.63,71.83,71.86,5293151,WMT
2015-06-26,71.96,72.46,71.87,72.12,6897822,WMT
2015-06-29,71.8,72.0,71.41,71.42,8187836,WMT
2015-06-30,71.81,71.81,70.78,70.93,11102559,WMT
2015-07-01,71.6,71.95,70.36,71.88,10773904,WMT
2015-07-02,72.02,72.56,71.66,71.86,6586071,WMT
2015-07-06,71.38,72.69,71.38,72.53,10536477,WMT
2015-07-07,72.66,73.86,72.0,73.79,12421297,WMT
2015-07-08,73.3,73.59,72.9,73.06,7790963,WMT
2015-07-09,73.67,73.73,72.71,72.78,8695824,WMT
2015-07-10,73.08,73.55,73.08,73.12,5579323,WMT
2015-07-13,73.51,74.1,73.51,73.88,6084498,WMT
2015-07-14,73.98,74.09,73.48,73.79,5518153,WMT
2015-07-15,73.59,73.9,73.19,73.65,4566724,WMT
2015-07-16,73.97,74.14,73.76,73.83,5231727,WMT
2015-07-17,73.74,74.07,73.31,73.39,5680568,WMT
2015-07-20,73.35,73.44,73.06,73.1,5085621,WMT
2015-07-21,73.1,73.29,72.53,72.74,6441071,WMT
2015-07-22,72.78,73.82,72.78,73.16,6961551,WMT
2015-07-23,73.07,73.22,72.42,72.51,4252929,WMT
2015-07-24,72.53,72.56,71.5,71.58,5951117,WMT
2015-07-27,71.38,71.65,71.01,71.38,6197584,WMT
2015-07-28,71.53,72.39,71.23,72.1,8592296,WMT
2015-07-29,72.25,72.63,72.09,72.23,4939670,WMT
2015-07-30,72.03,72.53,71.78,72.16,4604530,WMT
2015-07-31,72.44,72.49,71.66,71.98,7928371,WMT
2015-08-03,71.84,72.38,71.84,72.18,5131845,WMT
2015-08-04,72.42,72.8,71.93,72.25,5873371,WMT
2015-08-05,72.39,73.7,72.25,73.51,8715807,WMT
2015-08-06,73.35,73.38,72.66,72.79,6367735,WMT
2015-08-07,72.71,72.82,71.17,71.25,7797473,WMT
2015-08-10,71.5,71.75,71.34,71.48,6020087,WMT
2015-08-11,71.25,72.37,71.15,71.93,6829195,WMT
2015-08-12,71.53,72.66,71.27,72.58,8903056,WMT
2015-08-13,72.4,72.77,71.97,72.11,7652355,WMT
2015-08-14,72.3,72.6,72.04,72.38,5912505,WMT
2015-08-17,71.83,72.23,71.76,71.91,7604423,WMT
2015-08-18,70.0,70.5,69.24,69.48,21314976,WMT
2015-08-19,68.87,69.39,67.77,68.57,16333364,WMT
2015-08-20,68.08,69.3,67.94,68.43,9849709,WMT
2015-08-21,67.91,68.31,66.54,66.54,15681327,WMT
2015-08-24,63.74,66.16,61.5,63.95,22050214,WMT
2015-08-25,65.45,65.71,63.0,63.1,14595099,WMT
2015-08-26,64.23,64.85,63.02,64.83,13903655,WMT
2015-08-27,65.32,66.18,64.95,66.08,13743197,WMT
2015-08-28,66.09,66.12,64.45,64.94,14299810,WMT
2015-08-31,64.82,65.0,64.29,64.73,8169068,WMT
2015-09-01,63.8,64.32,63.27,63.82,13374024,WMT
2015-09-02,64.59,64.94,64.06,64.44,9440451,WMT
2015-09-03,64.72,65.01,64.39,64.86,8489593,WMT
2015-09-04,64.07,64.3,63.51,63.89,9181201,WMT
2015-09-08,65.23,66.5,65.18,66.38,17632613,WMT
2015-09-09,66.86,67.01,65.01,65.12,9428764,WMT
2015-09-10,64.07,64.65,63.83,64.12,14518272,WMT
2015-09-11,64.18,64.68,63.99,64.65,8044527,WMT
2015-09-14,64.65,64.67,63.82,64.28,6903527,WMT
2015-09-15,64.48,64.7,64.05,64.32,6807429,WMT
2015-09-16,64.6,64.76,64.05,64.69,5624164,WMT
2015-09-17,64.7,65.29,64.16,64.47,7050309,WMT
2015-09-18,63.75,64.23,63.26,63.34,12843638,WMT
2015-09-21,63.75,64.0,63.37,63.72,7117576,WMT
2015-09-22,63.23,63.82,62.92,63.59,8606592,WMT
2015-09-23,63.72,63.93,63.12,63.72,5856724,WMT
2015-09-24,63.36,63.98,63.3,63.83,6913018,WMT
2015-09-25,64.07,64.46,63.62,63.78,7157639,WMT
2015-09-28,63.6,63.95,63.48,63.66,9262679,WMT
2015-09-29,63.75,64.04,63.23,63.78,7631149,WMT
2015-09-30,64.43,64.94,63.93,64.84,7907664,WMT
2015-10-01,64.76,64.94,63.88,64.27,7772086,WMT
2015-10-02,63.76,64.98,63.41,64.98,7050708,WMT
2015-10-05,65.21,65.92,65.14,65.87,6107550,WMT
2015-10-06,65.54,65.95,65.18,65.68,7315250,WMT
2015-10-07,65.84,66.36,65.77,66.36,7137243,WMT
2015-10-08,66.23,66.99,66.15,66.88,5940500,WMT
2015-10-09,66.94,67.02,66.5,66.69,6659137,WMT
2015-10-12,66.67,67.0,66.58,66.93,5641765,WMT
2015-10-13,66.62,66.94,66.26,66.73,8805687,WMT
2015-10-14,66.61,67.95,60.02,60.03,80626370,WMT
2015-10-15,59.7,60.47,58.61,59.33,45769175,WMT
2015-10-16,59.47,59.49,58.37,58.89,25874873,WMT
2015-10-19,58.79,59.3,58.5,58.85,17692482,WMT
2015-10-20,58.86,59.0,58.57,58.75,10416379,WMT
2015-10-21,58.8,59.04,58.57,58.64,13121933,WMT
2015-10-22,58.94,59.96,58.64,58.9,14569923,WMT
2015-10-23,59.19,59.28,58.22,58.3,13030669,WMT
2015-10-26,58.4,58.45,57.97,58.02,10828025,WMT
2015-10-27,58.01,58.04,57.38,57.48,10501614,WMT
2015-10-28,57.66,57.72,57.16,57.64,11821205,WMT
2015-10-29,57.72,58.12,57.48,57.96,12619478,WMT
2015-10-30,57.73,58.12,57.24,57.24,15777001,WMT
2015-11-02,57.29,57.61,56.77,57.61,10714699,WMT
2015-11-03,57.57,58.33,57.53,58.11,10230262,WMT
2015-11-04,58.58,58.76,58.19,58.37,10053692,WMT
2015-11-05,58.51,58.98,58.42,58.61,8827460,WMT
2015-11-06,58.92,59.2,58.31,58.78,9969273,WMT
2015-11-09,58.5,58.78,58.02,58.49,8429842,WMT
2015-11-10,58.31,58.71,58.31,58.68,7598579,WMT
2015-11-11,58.5,58.73,57.47,57.58,8673183,WMT
2015-11-12,57.64,57.77,56.92,56.95,9436603,WMT
2015-11-13,56.74,57.06,56.3,56.42,12497040,WMT
2015-11-16,56.39,58.03,56.36,57.87,13232149,WMT
2015-11-17,59.34,60.9,59.2,59.92,24636905,WMT
2015-11-18,60.04,61.07,59.55,60.93,14748472,WMT
2015-11-19,61.12,61.36,60.43,60.7,11486699,WMT
2015-11-20,60.98,61.47,60.02,60.07,12225158,WMT
2015-11-23,60.29,60.74,59.88,60.26,10572404,WMT
2015-11-24,59.95,60.42,59.86,59.92,12417331,WMT
2015-11-25,60.0,60.71,59.88,60.24,7821028,WMT
2015-11-27,60.44,60.69,59.87,59.89,5340240,WMT
2015-11-30,59.87,60.06,58.73,58.84,13792313,WMT
2015-12-01,59.13,59.29,58.65,58.99,12195492,WMT
2015-12-02,58.61,59.29,58.32,58.35,13532618,WMT
2015-12-03,58.69,59.66,58.6,59.04,15844091,WMT
2015-12-04,59.05,59.85,59.03,59.66,10435274,WMT
2015-12-07,59.57,60.73,59.57,60.5,11595928,WMT
2015-12-08,60.07,60.49,59.5,59.61,10377620,WMT
2015-12-09,59.26,60.11,58.9,59.13,8981982,WMT
2015-12-10,59.13,60.09,59.09,59.56,11359446,WMT
2015-12-11,59.05,59.53,58.81,59.36,9744977,WMT
2015-12-14,59.3,60.44,59.07,60.39,14491235,WMT
2015-12-15,60.64,60.84,59.57,59.64,14615439,WMT
2015-12-16,60.11,60.65,59.7,60.3,9960479,WMT
2015-12-17,60.33,60.33,58.97,58.98,12976095,WMT
2015-12-18,58.93,59.4,58.75,58.85,16256725,WMT
2015-12-21,58.82,59.58,58.67,59.55,9645451,WMT
2015-12-22,59.79,60.7,59.61,60.54,9266299,WMT
2015-12-23,61.0,61.12,60.44,61.09,7519834,WMT
2015-12-24,60.78,61.1,60.68,60.83,2483121,WMT
2015-12-28,60.58,60.97,60.5,60.75,5421662,WMT
2015-12-29,61.0,61.75,60.98,61.61,7883635,WMT
2015-12-30,61.66,61.87,61.49,61.68,5716745,WMT
2015-12-31,61.33,61.72,61.17,61.3,6575142,WMT
2016-01-04,60.5,61.49,60.36,61.46,11926062,WMT
2016-01-05,62.03,63.05,61.85,62.92,13325958,WMT
2016-01-06,62.48,63.95,62.47,63.55,16564620,WMT
2016-01-07,62.97,65.23,62.92,65.03,26430005,WMT
2016-01-08,65.08,65.41,63.41,63.54,17767864,WMT
2016-01-11,63.76,64.46,63.62,64.22,12653762,WMT
2016-01-12,64.38,64.73,63.43,63.62,12195893,WMT
2016-01-13,63.73,63.73,61.83,61.92,13672904,WMT
2016-01-14,62.0,63.62,61.82,63.06,12885473,WMT
2016-01-15,61.55,62.47,61.26,61.93,15123957,WMT
2016-01-19,62.25,62.8,62.01,62.56,12357179,WMT
2016-01-20,61.8,62.33,60.2,60.84,17323116,WMT
2016-01-21,60.98,62.79,60.91,61.88,12056694,WMT
2016-01-22,62.44,63.26,62.13,62.69,9172062,WMT
2016-01-25,62.78,63.82,62.55,63.45,12771089,WMT
2016-01-26,63.36,64.47,63.26,64.0,9176958,WMT
2016-01-27,64.1,65.18,63.89,63.95,10167482,WMT
2016-01-28,64.03,64.51,63.43,64.22,11260757,WMT
2016-01-29,64.75,66.53,64.74,66.36,16298375,WMT
2016-02-01,65.91,67.93,65.89,67.5,14517677,WMT
2016-02-02,67.3,67.84,66.28,66.86,13545337,WMT
2016-02-03,67.31,67.5,65.07,66.27,12288808,WMT
2016-02-04,65.76,66.55,65.01,66.42,12789931,WMT
2016-02-05,66.86,67.53,65.88,67.0,14122092,WMT
2016-02-08,66.5,67.15,65.16,66.9,18905952,WMT
2016-02-09,65.49,66.41,64.68,65.81,14184327,WMT
2016-02-10,66.19,66.59,65.64,65.79,9699657,WMT
2016-02-11,65.02,65.76,64.78,65.32,11122686,WMT
2016-02-12,65.52,66.25,64.87,66.18,9634057,WMT
2016-02-16,66.61,66.8,65.5,65.9,10671525,WMT
2016-02-17,66.1,66.61,65.81,66.11,12380433,WMT
2016-02-18,63.74,64.78,62.35,64.12,27867466,WMT
2016-02-19,63.89,64.76,63.44,64.66,15430913,WMT
2016-02-22,64.96,66.14,64.96,65.63,10351760,WMT
2016-02-23,65.84,66.6,65.28,66.48,11378334,WMT
2016-02-24,66.19,67.33,65.72,67.12,9852380,WMT
2016-02-25,67.45,68.13,67.33,68.04,9573563,WMT
2016-02-26,68.08,68.2,66.3,66.51,10973655,WMT
2016-02-29,66.63,66.95,66.22,66.34,9303973,WMT
2016-03-01,66.65,66.89,66.0,66.46,10427175,WMT
2016-03-02,66.21,66.67,66.0,66.21,9163208,WMT
2016-03-03,65.95,66.2,64.88,66.14,11844381,WMT
2016-03-04,66.14,67.28,66.09,66.78,9863550,WMT
2016-03-07,66.62,68.48,66.27,67.89,12821108,WMT
2016-03-08,67.73,68.47,67.48,68.04,9990166,WMT
2016-03-09,67.79,67.99,67.12,67.53,7824571,WMT
2016-03-10,67.55,68.04,66.4,67.41,9661997,WMT
2016-03-11,67.77,67.94,66.8,67.17,8289188,WMT
2016-03-14,67.15,67.67,66.96,67.36,6710884,WMT
2016-03-15,67.0,68.35,67.0,68.09,7566895,WMT
2016-03-16,67.94,68.34,67.25,67.99,8214505,WMT
2016-03-17,67.82,68.92,67.26,67.45,11831599,WMT
2016-03-18,67.48,68.03,66.75,66.95,22927319,WMT
2016-03-21,67.03,68.38,66.97,67.97,9401758,WMT
2016-03-22,68.0,68.68,67.79,67.87,7497606,WMT
2016-03-23,68.01,68.1,67.44,67.46,6092808,WMT
2016-03-24,67.43,68.04,67.38,68.0,6301598,WMT
2016-03-28,67.93,68.58,67.93,68.12,5598390,WMT
2016-03-29,68.15,68.21,67.43,68.03,6490046,WMT
2016-03-30,68.33,69.0,68.29,68.8,7204059,WMT
2016-03-31,68.75,69.19,68.47,68.49,6276436,WMT
2016-04-01,68.02,69.2,68.02,69.06,6602027,WMT
2016-04-04,69.0,69.37,68.92,69.1,6821546,WMT
2016-04-05,69.03,69.25,68.27,68.64,5775011,WMT
2016-04-06,68.7,69.06,68.52,69.04,5299090,WMT
2016-04-07,68.83,68.93,67.94,68.22,6094018,WMT
2016-04-08,68.31,68.39,67.86,68.06,6022355,WMT
2016-04-11,68.01,68.37,67.38,67.4,7848157,WMT
2016-04-12,67.57,68.87,67.45,68.8,7732182,WMT
2016-04-13,69.01,69.42,68.87,69.15,6262656,WMT
2016-04-14,69.15,69.24,68.15,68.8,6973069,WMT
2016-04-15,68.94,69.41,68.94,69.06,7575462,WMT
2016-04-18,69.05,69.9,68.85,69.86,6620788,WMT
2016-04-19,69.79,70.08,69.5,69.77,7701650,WMT
2016-04-20,69.76,69.99,69.13,69.21,5406370,WMT
2016-04-21,69.47,69.68,68.24,68.47,6603796,WMT
2016-04-22,68.82,68.94,68.28,68.72,6215117,WMT
2016-04-25,68.55,69.5,68.06,69.47,5887629,WMT
2016-04-26,69.7,69.89,69.1,69.3,6647873,WMT
2016-04-27,69.49,69.78,68.99,69.42,5141384,WMT
2016-04-28,69.07,69.62,68.75,68.91,4775873,WMT
2016-04-29,68.73,68.82,66.36,66.87,12080334,WMT
2016-05-02,66.62,67.7,66.53,67.59,7602236,WMT
2016-05-03,66.86,67.5,66.75,67.0,5908863,WMT
2016-05-04,66.85,67.49,66.44,67.19,5928286,WMT
2016-05-05,66.97,67.25,66.58,67.21,8089700,WMT
2016-05-06,66.91,68.26,66.8,68.25,9789090,WMT
2016-05-09,68.25,69.1,68.16,68.95,8623834,WMT
2016-05-10,68.92,69.13,68.45,68.79,6376428,WMT
2016-05-11,67.47,67.5,65.61,66.41,14434682,WMT
2016-05-12,66.55,67.05,66.38,66.85,9532401,WMT
2016-05-13,66.48,66.55,64.65,64.94,13708409,WMT
2016-05-16,64.86,66.35,64.68,66.02,10168754,WMT
2016-05-17,66.06,66.27,64.88,65.1,9250121,WMT
2016-05-18,63.02,63.78,62.72,63.15,22184048,WMT
2016-05-19,68.1,69.33,67.5,69.2,34920530,WMT
2016-05-20,69.33,70.14,68.85,69.86,16680826,WMT
2016-05-23,69.6,70.06,69.44,69.5,10093270,WMT
2016-05-24,69.65,70.42,69.55,70.24,8789919,WMT
2016-05-25,70.25,71.0,70.24,70.48,7263246,WMT
2016-05-26,70.69,71.38,70.6,70.85,8688476,WMT
2016-05-27,70.86,70.89,70.49,70.75,5772191,WMT
2016-05-31,70.58,71.0,70.48,70.78,8390184,WMT
2016-06-01,70.5,70.9,70.41,70.5,7221459,WMT
2016-06-02,70.5,71.0,70.14,70.95,6508681,WMT
2016-06-03,70.57,71.05,70.52,70.87,6374529,WMT
2016-06-06,71.52,71.55,71.0,71.05,9017963,WMT
2016-06-07,71.1,71.31,70.85,71.03,7363374,WMT
2016-06-08,70.85,71.45,70.8,71.28,6138989,WMT
2016-06-09,71.36,71.59,70.85,71.09,6069859,WMT
2016-06-10,71.0,71.41,70.68,71.14,7511406,WMT
2016-06-13,71.0,71.18,70.48,70.53,7907562,WMT
2016-06-14,70.66,71.17,70.2,70.95,9066382,WMT
2016-06-15,71.2,71.62,71.0,71.12,8016982,WMT
2016-06-16,71.0,71.46,70.8,71.3,6705181,WMT
2016-06-17,71.05,71.31,70.4,70.95,18059297,WMT
2016-06-20,71.31,71.78,71.05,71.1,7142522,WMT
2016-06-21,70.95,71.72,70.95,71.46,6674766,WMT
2016-06-22,71.6,72.25,71.56,71.75,8457512,WMT
2016-06-23,72.2,72.24,71.78,72.1,6970182,WMT
2016-06-24,70.55,72.72,70.51,71.96,15120363,WMT
2016-06-27,71.64,71.77,70.88,71.5,11346061,WMT
2016-06-28,71.76,71.87,70.67,71.51,8561177,WMT
2016-06-29,71.63,72.49,71.56,72.46,7014708,WMT
2016-06-30,72.57,73.2,72.32,73.02,8713585,WMT
2016-07-01,73.13,73.17,72.42,72.81,7638798,WMT
2016-07-05,72.75,73.62,72.68,73.14,10748626,WMT
2016-07-06,73.26,73.98,73.17,73.82,11062733,WMT
2016-07-07,73.73,73.93,73.15,73.53,7486861,WMT
2016-07-08,73.82,73.85,73.24,73.84,9127565,WMT
2016-07-11,73.67,74.35,73.5,74.06,9040070,WMT
2016-07-12,73.56,73.73,73.0,73.27,12361175,WMT
2016-07-13,73.25,73.63,72.94,73.62,6398960,WMT
2016-07-14,73.79,74.11,73.61,73.7,6646403,WMT
2016-07-15,73.98,74.01,73.44,73.67,5994796,WMT
2016-07-18,73.64,74.18,73.53,73.84,5457313,WMT
2016-07-19,73.64,73.96,73.58,73.66,4798083,WMT
2016-07-20,73.88,74.11,73.63,73.79,5281986,WMT
2016-07-21,73.43,73.66,73.14,73.52,4432231,WMT
2016-07-22,73.76,73.91,73.42,73.55,4316633,WMT
2016-07-25,73.55,73.84,73.41,73.75,4733956,WMT
2016-07-26,73.71,74.07,73.41,73.73,5248283,WMT
2016-07-27,73.66,73.82,73.14,73.32,5777916,WMT
2016-07-28,73.14,73.32,72.47,73.24,4603167,WMT
2016-07-29,73.17,73.25,72.76,72.97,6302187,WMT
2016-08-01,72.81,73.99,72.81,73.78,5868395,WMT
2016-08-02,73.7,73.72,72.63,73.13,6513056,WMT
2016-08-03,73.0,73.4,72.51,72.94,6568133,WMT
2016-08-04,72.8,73.49,72.59,73.3,4944907,WMT
2016-08-05,73.46,73.95,73.46,73.76,5415442,WMT
2016-08-08,74.0,74.07,73.04,73.34,6577187,WMT
2016-08-09,73.36,73.88,73.08,73.54,6427875,WMT
2016-08-10,73.57,74.51,73.39,73.95,8052272,WMT
2016-08-11,74.5,74.8,73.53,73.8,6290331,WMT
2016-08-12,73.8,74.12,73.56,73.89,9994186,WMT
2016-08-15,73.81,74.01,73.11,73.32,9636116,WMT
2016-08-16,72.59,73.31,72.21,72.89,9763349,WMT
2016-08-17,71.99,72.95,71.99,72.93,14343332,WMT
2016-08-18,74.94,75.19,73.87,74.3,26858329,WMT
2016-08-19,74.1,74.29,72.67,72.81,15346426,WMT
2016-08-22,73.06,73.14,72.45,72.7,10312074,WMT
2016-08-23,72.89,73.07,71.96,71.97,9391390,WMT
2016-08-24,71.97,72.75,71.76,72.23,10050690,WMT
2016-08-25,72.37,72.58,71.05,71.22,10514203,WMT
2016-08-26,71.41,71.69,70.89,71.14,10038464,WMT
2016-08-29,71.14,71.66,71.1,71.4,7468105,WMT
2016-08-30,71.76,71.76,71.15,71.31,5774180,WMT
2016-08-31,71.46,71.64,71.15,71.44,6311636,WMT
2016-09-01,71.57,72.86,71.41,72.84,11761356,WMT
2016-09-02,72.99,73.19,72.42,72.5,8075299,WMT
2016-09-06,72.76,73.08,72.2,73.0,9570905,WMT
2016-09-07,73.0,73.05,72.01,72.06,9618272,WMT
2016-09-08,71.89,72.32,71.71,71.83,9661224,WMT
2016-09-09,71.32,71.51,70.3,70.3,12172571,WMT
2016-09-12,70.79,72.24,70.72,71.94,10864043,WMT
2016-09-13,71.84,71.91,71.15,71.46,7507915,WMT
2016-09-14,71.62,72.06,71.4,71.52,6980495,WMT
2016-09-15,71.48,72.56,71.26,72.4,7331974,WMT
2016-09-16,72.32,72.96,72.22,72.87,13935682,WMT
2016-09-19,72.64,72.87,72.09,72.09,6920677,WMT
2016-09-20,72.15,72.55,71.9,71.97,5910577,WMT
2016-09-21,72.18,72.54,71.51,72.19,6675884,WMT
2016-09-22,72.43,72.54,71.99,72.27,5871871,WMT
2016-09-23,72.6,72.77,72.34,72.35,7696449,WMT
2016-09-26,72.31,72.33,71.52,71.62,5948719,WMT
2016-09-27,71.93,72.49,71.58,72.33,6344407,WMT
2016-09-28,72.22,72.32,71.38,71.79,6184932,WMT
2016-09-29,71.57,71.71,70.62,70.73,7996767,WMT
2016-09-30,71.5,72.46,71.4,72.12,9982598,WMT
2016-10-03,71.83,72.14,71.6,72.01,5857743,WMT
2016-10-04,72.0,72.57,71.55,71.75,6569284,WMT
2016-10-05,71.87,72.26,71.6,71.67,6464442,WMT
2016-10-06,70.2,70.43,68.89,69.36,20110251,WMT
2016-10-07,69.26,69.47,68.17,68.7,12653847,WMT
2016-10-10,68.75,68.96,67.75,67.98,8988413,WMT
2016-10-11,67.95,67.96,67.3,67.39,8591494,WMT
2016-10-12,67.74,67.91,67.37,67.46,8940655,WMT
2016-10-13,67.19,68.54,67.07,68.23,9193819,WMT
2016-10-14,68.42,68.81,68.21,68.45,6416018,WMT
2016-10-17,68.65,68.65,67.8,68.22,7493385,WMT
2016-10-18,68.57,68.98,68.23,68.87,7857699,WMT
2016-10-19,69.22,69.34,68.7,68.89,7123273,WMT
2016-10-20,68.98,69.08,68.57,68.73,6294027,WMT
2016-10-21,68.34,68.63,67.99,68.34,7844583,WMT
2016-10-24,68.62,69.37,68.39,69.19,7163632,WMT
2016-10-25,69.01,69.87,69.0,69.36,7629748,WMT
2016-10-26,69.3,69.81,69.14,69.59,5050540,WMT
2016-10-27,69.6,70.0,69.39,69.83,7131613,WMT
2016-10-28,69.8,70.21,69.73,69.99,6952858,WMT
2016-10-31,70.06,70.17,69.85,70.02,6389047,WMT
2016-11-01,69.98,70.06,69.14,69.3,8838603,WMT
2016-11-02,69.2,69.97,69.2,69.45,7645275,WMT
2016-11-03,69.63,70.08,69.35,69.63,6803940,WMT
2016-11-04,69.71,69.94,69.13,69.16,7262105,WMT
2016-11-07,69.62,69.84,69.16,69.78,9755441,WMT
2016-11-08,69.71,70.04,69.47,69.79,7621295,WMT
2016-11-09,69.3,71.5,69.29,71.1,16779465,WMT
2016-11-10,71.25,72.09,71.0,71.39,14321300,WMT
2016-11-11,71.11,71.28,70.6,71.23,8223872,WMT
2016-11-14,71.16,71.31,70.19,70.49,12917474,WMT
2016-11-15,70.79,71.42,70.35,71.42,9725063,WMT
2016-11-16,71.75,72.06,71.33,71.39,11192448,WMT
2016-11-17,69.08,69.52,68.12,69.19,23250871,WMT
2016-11-18,68.93,69.4,68.44,68.54,11135265,WMT
2016-11-21,68.61,69.4,68.42,69.37,8355966,WMT
2016-11-22,69.73,70.42,69.73,70.12,10984049,WMT
2016-11-23,70.22,70.88,70.18,70.83,7442950,WMT
2016-11-25,71.11,71.65,70.98,71.23,4234383,WMT
2016-11-28,70.93,71.52,70.8,71.19,7099193,WMT
2016-11-29,71.38,71.79,71.2,71.37,7310092,WMT
2016-11-30,70.92,71.16,70.16,70.43,9326127,WMT
2016-12-01,70.25,70.73,70.05,70.67,6849803,WMT
2016-12-02,70.58,70.95,70.45,70.88,6674206,WMT
2016-12-05,70.9,70.99,69.81,69.94,10527877,WMT
2016-12-06,70.01,70.39,69.5,70.36,7778009,WMT
2016-12-07,69.93,70.65,69.9,70.6,6966249,WMT
2016-12-08,70.48,70.9,70.32,70.34,6844217,WMT
2016-12-09,70.27,70.43,69.74,70.08,10756653,WMT
2016-12-12,70.07,71.78,70.02,71.67,9084076,WMT
2016-12-13,71.67,72.23,71.61,71.8,8887510,WMT
2016-12-14,71.9,72.48,71.18,71.34,8669378,WMT
2016-12-15,71.22,71.8,71.03,71.08,7136295,WMT
2016-12-16,71.07,71.64,70.6,70.98,17844831,WMT
2016-12-19,70.84,71.75,70.84,71.58,5889328,WMT
2016-12-20,71.73,71.93,71.51,71.82,6108070,WMT
2016-12-21,71.66,72.0,71.24,71.24,5100967,WMT
2016-12-22,71.24,71.24,69.21,69.59,12106782,WMT
2016-12-23,69.43,69.75,69.36,69.54,4803947,WMT
2016-12-27,69.3,69.82,69.25,69.7,4435668,WMT
2016-12-28,69.94,70.0,69.26,69.31,4875651,WMT
2016-12-29,69.21,69.52,69.12,69.26,4298446,WMT
2016-12-30,69.12,69.43,68.83,69.12,6889488,WMT
2017-01-03,69.24,69.24,68.05,68.66,10473162,WMT
2017-01-04,68.66,69.63,68.6,69.06,7917952,WMT
2017-01-05,68.43,69.33,68.12,69.21,7099170,WMT
2017-01-06,68.41,68.5,68.01,68.26,9491115,WMT
2017-01-09,68.33,68.8,68.32,68.71,8685232,WMT
2017-01-10,68.64,69.27,68.22,68.23,10256492,WMT
2017-01-11,68.2,68.62,68.19,68.53,6697593,WMT
2017-01-12,68.36,68.56,67.92,67.97,6544856,WMT
2017-01-13,67.98,68.02,67.08,67.13,10012519,WMT
2017-01-17,68.09,69.29,68.06,68.42,13167509,WMT
2017-01-18,67.88,68.11,67.54,68.11,7321456,WMT
2017-01-19,68.13,68.19,67.48,67.62,6821078,WMT
2017-01-20,67.74,67.83,67.02,67.18,12054682,WMT
2017-01-23,67.01,67.18,66.56,66.65,7951427,WMT
2017-01-24,66.89,67.41,66.66,67.4,10710616,WMT
2017-01-25,67.52,67.73,66.79,66.89,8722855,WMT
2017-01-26,67.13,67.22,66.62,66.73,6504073,WMT
2017-01-27,66.86,66.97,65.28,65.66,13433629,WMT
2017-01-30,65.63,66.48,65.63,66.42,8641511,WMT
2017-01-31,66.21,66.89,65.88,66.74,9320880,WMT
2017-02-01,66.46,66.71,66.04,66.23,9049972,WMT
2017-02-02,66.34,67.14,66.34,66.7,8998739,WMT
2017-02-03,66.82,66.93,66.44,66.5,7625330,WMT
2017-02-06,66.37,66.86,66.37,66.4,9097238,WMT
2017-02-07,66.56,67.0,66.51,66.89,5805722,WMT
2017-02-08,66.89,67.82,66.89,67.81,7660755,WMT
2017-02-09,67.8,69.14,67.75,69.08,11080479,WMT
2017-02-10,68.25,68.6,67.76,68.02,12445633,WMT
2017-02-13,68.32,68.65,67.56,67.77,8374307,WMT
2017-02-14,67.88,68.68,67.71,68.66,8462328,WMT
2017-02-15,67.8,68.71,67.76,68.69,8563295,WMT
2017-02-16,68.67,69.24,68.61,68.87,8413787,WMT
2017-02-17,68.83,69.78,68.7,69.37,12837447,WMT
2017-02-21,71.21,72.28,70.7,71.45,22412893,WMT
2017-02-22,72.25,72.37,71.48,71.71,15242674,WMT
2017-02-23,72.0,72.5,71.16,71.31,12799700,WMT
2017-02-24,71.34,72.8,71.3,72.39,13889852,WMT
2017-02-27,72.28,72.42,71.52,71.74,9254685,WMT
2017-02-28,70.87,71.0,70.0,70.93,15952573,WMT
2017-03-01,70.97,71.08,70.15,70.45,13522717,WMT
2017-03-02,70.42,70.9,70.17,70.76,8916264,WMT
2017-03-03,70.81,71.02,69.88,70.03,9303591,WMT
2017-03-06,70.0,70.44,69.78,69.88,9182575,WMT
2017-03-07,69.9,70.21,69.86,69.87,7282861,WMT
2017-03-08,69.69,70.03,69.54,69.8,7979841,WMT
2017-03-09,69.75,70.04,69.56,69.86,7564480,WMT
2017-03-10,70.0,70.36,69.8,70.1,7098829,WMT
2017-03-13,69.99,70.45,69.71,69.95,6802511,WMT
2017-03-14,70.82,71.2,70.72,70.72,9958370,WMT
2017-03-15,70.5,70.7,70.02,70.58,8813794,WMT
2017-03-16,70.11,70.7,70.07,70.44,7060977,WMT
2017-03-17,70.58,70.75,69.81,69.89,14078353,WMT
2017-03-20,70.14,70.45,69.71,69.98,7466226,WMT
2017-03-21,70.17,70.4,69.69,69.9,8746812,WMT
2017-03-22,70.03,70.34,69.72,70.25,6455594,WMT
2017-03-23,70.2,70.31,69.74,69.86,6898774,WMT
2017-03-24,69.99,70.17,69.53,69.61,5858968,WMT
2017-03-27,69.52,70.07,69.36,69.66,5792586,WMT
2017-03-28,69.33,70.37,69.33,70.32,7252189,WMT
2017-03-29,70.35,71.18,70.31,70.74,6991046,WMT
2017-03-30,70.69,71.72,70.64,71.59,8141535,WMT
2017-03-31,71.32,72.56,71.23,72.08,9939780,WMT
2017-04-03,72.08,72.53,71.78,71.83,8291283,WMT
2017-04-04,71.74,72.06,71.53,72.01,5567317,WMT
2017-04-05,71.64,72.31,71.56,71.65,6354492,WMT
2017-04-06,71.7,72.1,71.38,71.43,5941103,WMT
2017-04-07,72.1,72.99,71.8,72.9,10768016,WMT
2017-04-10,72.99,73.48,72.73,73.06,7495948,WMT
2017-04-11,73.0,73.45,72.93,73.43,5810458,WMT
2017-04-12,73.55,73.83,73.25,73.44,6627297,WMT
2017-04-13,73.37,73.66,73.15,73.15,5336428,WMT
2017-04-17,73.16,73.58,73.15,73.49,5465408,WMT
2017-04-18,73.54,74.1,73.48,73.89,6627986,WMT
2017-04-19,74.1,74.38,73.86,74.07,5940609,WMT
2017-04-20,74.14,75.11,74.11,74.8,7681252,WMT
2017-04-21,74.74,75.11,74.6,74.94,5755691,WMT
2017-04-24,75.08,75.4,74.42,74.78,7812524,WMT
2017-04-25,74.97,75.17,74.86,75.05,5720364,WMT
2017-04-26,75.27,75.77,75.17,75.43,6948460,WMT
2017-04-27,75.54,75.7,75.02,75.44,6052219,WMT
2017-04-28,75.24,75.44,74.93,75.18,7330420,WMT
2017-05-01,75.09,75.72,75.09,75.23,6165912,WMT
2017-05-02,75.3,75.71,75.25,75.52,7318362,WMT
2017-05-03,75.4,75.88,75.18,75.76,5523624,WMT
2017-05-04,75.93,76.4,75.83,76.34,5500802,WMT
2017-05-05,76.42,76.6,76.18,76.5,5597759,WMT
2017-05-08,76.5,76.52,76.07,76.12,6512180,WMT
2017-05-09,76.44,77.05,76.33,76.72,8255282,WMT
2017-05-10,76.33,76.78,76.19,76.7,7511921,WMT
2017-05-11,76.35,76.72,75.92,76.13,8349403,WMT
2017-05-12,75.95,76.25,75.37,75.71,5892910,WMT
2017-05-15,75.8,76.47,75.8,76.29,8843873,WMT
2017-05-16,76.19,76.27,75.08,75.11,8371802,WMT
2017-05-17,75.05,75.73,74.96,75.12,10970970,WMT
2017-05-18,76.89,77.66,76.13,77.54,19166801,WMT
2017-05-19,77.97,79.44,77.77,78.77,18581717,WMT
2017-05-22,78.65,79.0,78.3,78.55,8897554,WMT
2017-05-23,78.58,78.97,78.44,78.49,7584938,WMT
2017-05-24,78.56,78.61,78.14,78.15,7503976,WMT
2017-05-25,78.36,78.85,78.15,78.31,6134952,WMT
2017-05-26,78.37,78.54,77.79,78.13,6125781,WMT
2017-05-30,78.0,78.4,77.93,78.15,5410351,WMT
2017-05-31,78.35,78.92,78.22,78.6,8201738,WMT
2017-06-01,78.64,79.81,78.6,79.81,8153099,WMT
2017-06-02,79.8,79.93,79.22,79.62,7996466,WMT
2017-06-05,79.6,80.48,79.48,80.26,10145727,WMT
2017-06-06,79.43,79.56,78.26,78.93,11525875,WMT
2017-06-07,79.08,79.5,78.73,79.15,8511711,WMT
2017-06-08,79.58,80.13,78.23,78.93,10933040,WMT
2017-06-09,79.03,79.56,78.72,79.42,9405124,WMT
2017-06-12,79.4,80.37,78.84,79.24,10410592,WMT
2017-06-13,79.21,79.57,78.89,79.52,5528030,WMT
2017-06-14,79.52,80.04,79.26,79.9,5006516,WMT
2017-06-15,79.18,79.3,77.76,78.91,11297169,WMT
2017-06-16,73.95,75.5,73.29,75.24,56233027,WMT
2017-06-19,75.38,76.01,74.52,75.5,16095073,WMT
2017-06-20,75.88,75.92,75.32,75.54,10019248,WMT
2017-06-21,75.6,76.6,75.58,76.24,9011423,WMT
2017-06-22,76.03,76.06,75.3,75.52,8111282,WMT
2017-06-23,75.6,75.78,74.55,74.84,13080330,WMT
2017-06-26,74.95,75.93,74.92,75.5,8587480,WMT
2017-06-27,75.52,76.37,75.45,76.01,6454384,WMT
2017-06-28,76.25,76.8,76.14,76.51,6988885,WMT
2017-06-29,76.25,76.32,75.48,75.93,7063528,WMT
2017-06-30,76.08,76.27,75.67,75.68,6963283,WMT
2017-07-03,75.84,76.34,75.08,75.36,4848564,WMT
2017-07-05,75.55,75.95,75.16,75.32,6037661,WMT
2017-07-06,75.35,75.97,75.24,75.47,6161845,WMT
2017-07-07,75.65,75.82,75.05,75.33,5307064,WMT
2017-07-10,75.15,75.31,73.13,73.23,15066660,WMT
2017-07-11,73.38,74.05,73.33,73.47,7532631,WMT
2017-07-12,73.66,74.21,73.66,73.94,5700157,WMT
2017-07-13,74.67,75.25,74.51,75.05,8160487,WMT
2017-07-14,76.27,76.56,75.91,76.34,9151859,WMT
2017-07-17,76.29,76.87,76.19,76.37,8835576,WMT
2017-07-18,76.25,76.54,76.0,76.2,4314853,WMT
2017-07-19,76.08,76.22,75.6,75.87,5313563,WMT
2017-07-20,75.98,76.25,75.7,76.02,4965379,WMT
2017-07-21,75.84,76.23,75.55,76.15,7153326,WMT
2017-07-24,76.03,77.16,76.03,76.89,7388035,WMT
2017-07-25,77.61,78.86,77.39,78.52,11503953,WMT
2017-07-26,78.55,79.17,77.94,78.9,6716055,WMT
2017-07-27,78.72,79.86,78.48,79.78,8052464,WMT
2017-07-28,79.8,79.96,79.54,79.81,4975216,WMT
2017-07-31,,,,79.99,6263189,WMT
2017-08-01,80.25,80.73,80.0,80.5,5726547,WMT
2017-08-02,80.34,81.11,80.3,80.53,8673035,WMT
2017-08-03,81.34,81.76,80.67,80.87,9946948,WMT
2017-08-04,81.06,81.4,80.21,80.48,7141805,WMT
2017-08-07,80.57,81.45,80.54,81.28,5484512,WMT
2017-08-08,81.17,81.86,80.9,81.59,7381407,WMT
2017-08-09,81.11,81.99,80.9,81.61,6606508,WMT
2017-08-10,81.07,81.4,80.55,80.66,8044995,WMT
2017-08-11,80.73,81.25,80.36,80.4,7905495,WMT
2017-08-14,80.59,81.24,80.5,80.7,7792028,WMT
2017-08-15,80.83,81.4,80.54,80.77,7066058,WMT
2017-08-16,81.27,81.44,80.54,80.98,11535953,WMT
2017-08-17,78.85,79.8,78.33,79.7,17293701,WMT
2017-08-18,79.62,80.35,79.28,79.31,9752957,WMT
2017-08-21,79.12,80.07,78.79,79.71,9613928,WMT
2017-08-22,79.8,80.16,79.71,80.02,6546099,WMT
2017-08-23,80.35,80.56,79.88,79.96,7799306,WMT
2017-08-24,80.61,80.88,77.85,78.34,19128041,WMT
2017-08-25,78.5,79.09,78.48,78.63,9902189,WMT
2017-08-28,78.41,78.46,77.86,78.03,8621494,WMT
2017-08-29,77.67,78.98,77.5,78.77,7665191,WMT
2017-08-30,78.82,79.1,78.52,78.54,5829829,WMT
2017-08-31,78.6,78.75,78.06,78.07,8194750,WMT
2017-09-01,78.31,78.5,78.21,78.37,6474360,WMT
2017-09-05,77.95,79.89,77.9,79.8,12068490,WMT
2017-09-06,79.88,80.4,79.72,80.08,8426125,WMT
2017-09-07,80.32,80.76,80.0,80.12,6820752,WMT
2017-09-08,79.74,79.88,77.73,78.88,9999593,WMT
2017-09-11,79.15,79.35,78.66,79.08,7000240,WMT
2017-09-12,79.3,79.91,79.17,79.61,6004985,WMT
2017-09-13,79.61,80.68,79.59,79.86,8823746,WMT
2017-09-14,79.79,79.82,79.22,79.68,6939333,WMT
2017-09-15,79.81,80.75,79.27,80.38,13317757,WMT
2017-09-18,80.21,81.12,79.95,80.0,8176067,WMT
2017-09-19,80.18,80.46,79.7,80.05,6174358,WMT
2017-09-20,80.17,80.56,79.87,80.5,5318194,WMT
2017-09-21,80.57,80.57,79.72,80.01,6430256,WMT
2017-09-22,79.89,80.08,79.24,79.53,5755262,WMT
2017-09-25,78.92,80.1,78.86,79.15,8547808,WMT
2017-09-26,79.04,79.54,78.92,79.39,5835332,WMT
2017-09-27,79.42,79.57,78.67,79.29,6238543,WMT
2017-09-28,79.0,79.08,78.12,78.95,12372825,WMT
2017-09-29,78.85,79.0,77.98,78.14,10353361,WMT
2017-10-02,77.9,78.83,77.5,78.45,7709220,WMT
2017-10-03,78.83,79.66,78.75,79.22,7936742,WMT
2017-10-04,79.27,79.78,79.07,79.09,6173376,WMT
2017-10-05,79.17,79.81,79.08,79.41,5138671,WMT
2017-10-06,78.78,79.17,78.25,79.0,6246655,WMT
2017-10-09,79.5,81.38,79.4,80.53,13493044,WMT
2017-10-10,82.68,84.88,82.61,84.13,25123962,WMT
2017-10-11,84.58,84.8,84.1,84.63,1712675,WMT
2017-10-12,85.7,86.37,85.06,86.1,12876987,WMT
2017-10-13,86.24,86.95,86.24,86.62,9389049,WMT
2017-10-16,86.58,86.62,85.02,85.74,9300326,WMT
2017-10-17,85.5,86.36,85.32,85.98,5851546,WMT
2017-10-18,86.15,86.37,86.01,86.22,5472088,WMT
2017-10-19,86.15,86.66,85.77,86.4,7028958,WMT
2017-10-20,86.6,87.45,86.28,87.44,7617753,WMT
2017-10-23,87.34,88.92,87.26,88.65,10586033,WMT
2017-10-24,88.69,88.8,87.91,87.98,7700872,WMT
2017-10-25,87.85,88.6,87.43,88.48,6408003,WMT
2017-10-26,88.66,89.11,88.02,88.62,6484941,WMT
2017-10-27,88.14,88.39,87.15,88.17,6617000,WMT
2017-10-30,87.94,87.95,86.39,86.95,7051993,WMT
2017-10-31,86.86,87.46,86.6,87.31,6006933,WMT
2017-11-01,87.07,88.4,87.0,87.94,6176079,WMT
2017-11-02,88.28,89.17,87.8,88.8,5183089,WMT
2017-11-03,89.02,89.88,88.76,89.68,6512059,WMT
2017-11-06,89.42,89.68,88.68,88.7,5257445,WMT
2017-11-07,88.87,89.06,88.31,88.95,5349331,WMT
2017-11-08,89.11,90.42,89.1,90.26,6767543,WMT
2017-11-09,89.94,90.57,89.35,90.3,6904457,WMT
2017-11-10,90.24,91.69,90.2,90.92,7647801,WMT
2017-11-13,91.04,91.98,90.87,90.99,8491567,WMT
2017-11-14,90.7,91.2,90.18,91.09,9834133,WMT
2017-11-15,90.34,90.85,89.65,89.83,8433438,WMT
2017-11-16,95.12,99.68,94.72,99.62,38122384,WMT
2017-11-17,99.24,100.13,96.58,97.47,23575513,WMT
2017-11-20,96.44,97.64,95.76,97.48,16394324,WMT
2017-11-21,97.74,97.92,96.32,96.52,12746499,WMT
2017-11-22,96.65,96.81,96.11,96.41,8918247,WMT
2017-11-24,96.87,97.23,96.53,96.62,4496117,WMT
2017-11-27,96.85,97.65,96.3,96.62,8904890,WMT
2017-11-28,96.59,96.88,95.82,96.77,8709645,WMT
2017-11-29,97.22,98.26,96.88,97.56,11424004,WMT
2017-11-30,98.09,98.44,96.51,97.23,12854680,WMT
2017-12-01,97.61,97.71,96.23,97.35,8296198,WMT
2017-12-04,97.73,97.96,96.68,97.01,8956524,WMT
2017-12-05,97.0,97.94,96.92,97.83,9010067,WMT
2017-12-06,97.99,98.14,97.24,97.28,7140986,WMT
2017-12-07,97.06,97.58,96.65,96.78,7502602,WMT
2017-12-08,96.55,96.7,96.14,96.55,5821061,WMT
2017-12-11,96.96,97.27,96.29,96.93,8928919,WMT
2017-12-12,96.7,97.24,96.6,96.7,7810642,WMT
2017-12-13,96.66,97.91,96.55,97.76,7879383,WMT
2017-12-14,98.0,98.57,97.1,97.13,9385769,WMT
2017-12-15,97.71,98.49,96.91,97.11,16142788,WMT
2017-12-18,97.38,98.17,97.36,97.9,7964436,WMT
2017-12-19,99.91,99.91,98.29,98.8,12012168,WMT
2017-12-20,99.45,99.65,98.45,98.75,10729805,WMT
2017-12-21,99.0,99.33,97.98,98.06,7369128,WMT
2017-12-22,98.29,98.42,97.68,98.21,5478682,WMT
2017-12-26,98.35,99.44,98.35,99.16,4295891,WMT
2017-12-27,99.56,99.6,98.83,99.26,5140793,WMT
2017-12-28,99.52,99.62,99.12,99.4,9763936,WMT
2017-12-29,99.4,99.69,98.75,98.75,7144273,WMT
